result_id,analysis_set,aggregation,endpoint,clinical_definition,evaluation_design,model_family,manifest_model_name,model_key,fusion_type,feature_model,join_key,n_prediction_files,removed_current_event_rows,roc_auc,auprc,accuracy,balanced_accuracy,sensitivity,specificity,ppv,npv,tp,fp,tn,fn,progressors_detected,progressors_missed,false_positives_per_detected_progressor,brier_score,ece,sensitivity_at_90_specificity,threshold_at_90_specificity,sensitivity_at_95_specificity,threshold_at_95_specificity,specificity_at_90_sensitivity,threshold_at_90_sensitivity,specificity_at_95_sensitivity,threshold_at_95_sensitivity,threshold_used,n_units,n_patients,n_positive_patients,n_negative_patients,auprc_ci_high,auprc_ci_low,npv_ci_high,npv_ci_low,ppv_ci_high,ppv_ci_low,roc_auc_ci_high,roc_auc_ci_low,sensitivity_ci_high,sensitivity_ci_low,specificity_ci_high,specificity_ci_low
lgd2_cnv_core,all_samples,patient_max,NextBiopsyProgression_LGD2plus,HGD/IMC/OAC or two consecutive LGD biopsies,5-fold patient-disjoint CV,CNV-only,cnv_random_forest,model_name=cnv_random_forest; cnv_variant=windows_armdiff_plus_arms_plus_cx; cnv_mask_name=none,none,cnv_anchor,prediction.patient_id; sample_id->basename(CNVAbsPath) for timing/biopsy,5,0,0.7767272727272727,0.6602837084144628,0.7419354838709677,0.6527272727272727,0.34545454545454546,0.96,0.8260869565217391,0.7272727272727273,19,4,96,36,19,36,0.21052631578947367,0.18960061655875352,0.11748344562771583,0.45454545454545453,0.4598624206641796,0.34545454545454546,0.4924841792180284,0.38,0.2975,0.19,0.223035304018778,0.5,155,155,55,100,0.7933969029482494,0.5400811872221831,0.8024075115610548,0.6450262467191601,0.9851562499999993,0.6738636363636363,0.850220350633749,0.6959793841071682,0.484375,0.21911204268292683,0.9956018518518516,0.9207920792079208
lgd2_cnv_core,all_samples,patient_mean,NextBiopsyProgression_LGD2plus,HGD/IMC/OAC or two consecutive LGD biopsies,5-fold patient-disjoint CV,CNV-only,cnv_random_forest,model_name=cnv_random_forest; cnv_variant=windows_armdiff_plus_arms_plus_cx; cnv_mask_name=none,none,cnv_anchor,prediction.patient_id; sample_id->basename(CNVAbsPath) for timing/biopsy,5,0,0.7549090909090909,0.6781959812161455,0.6580645161290323,0.5181818181818182,0.03636363636363636,1.0,1.0,0.6535947712418301,2,0,100,53,2,53,0.0,0.20444826229106683,0.10343967577879633,0.41818181818181815,0.344125,0.3090909090909091,0.3749785196950069,0.4,0.205,0.29,0.17192083332927574,0.5,155,155,55,100,0.788996233749795,0.5555634666273338,0.7288427033492823,0.58,1.0,1.0,0.8309482563722473,0.6656028990427049,0.09259259259259259,0.0,1.0,1.0
lgd2_cnv_core,all_samples,biopsy_max,NextBiopsyProgression_LGD2plus,HGD/IMC/OAC or two consecutive LGD biopsies,5-fold patient-disjoint CV,CNV-only,cnv_random_forest,model_name=cnv_random_forest; cnv_variant=windows_armdiff_plus_arms_plus_cx; cnv_mask_name=none,none,cnv_anchor,prediction.patient_id; sample_id->basename(CNVAbsPath) for timing/biopsy,5,0,0.7071951287637562,0.3890320592110229,0.7704194260485652,0.5597452656276186,0.17647058823529413,0.9430199430199431,0.47368421052631576,0.7975903614457831,18,20,331,84,18,84,1.1111111111111112,0.16438603096596624,0.08227204012222859,0.30392156862745096,0.45125,0.1568627450980392,0.5126307200862766,0.33618233618233617,0.22875,0.23646723646723647,0.1882832279517914,0.5,453,155,55,100,,,,,,,,,,,,
lgd2_cnv_core,all_samples,biopsy_mean,NextBiopsyProgression_LGD2plus,HGD/IMC/OAC or two consecutive LGD biopsies,5-fold patient-disjoint CV,CNV-only,cnv_random_forest,model_name=cnv_random_forest; cnv_variant=windows_armdiff_plus_arms_plus_cx; cnv_mask_name=none,none,cnv_anchor,prediction.patient_id; sample_id->basename(CNVAbsPath) for timing/biopsy,5,0,0.7150159208982738,0.3924454979283069,0.7770419426048565,0.5327216356628122,0.08823529411764706,0.9772079772079773,0.5294117647058824,0.786697247706422,9,8,343,93,9,93,0.8888888888888888,0.16036823937832786,0.06278331615735956,0.3333333333333333,0.39459977139720565,0.11764705882352941,0.4629867901006227,0.2535612535612536,0.175,0.17094017094017094,0.1522426587953451,0.5,453,155,55,100,,,,,,,,,,,,
lgd2_cnv_core,all_samples,sample,NextBiopsyProgression_LGD2plus,HGD/IMC/OAC or two consecutive LGD biopsies,5-fold patient-disjoint CV,CNV-only,cnv_random_forest,model_name=cnv_random_forest; cnv_variant=windows_armdiff_plus_arms_plus_cx; cnv_mask_name=none,none,cnv_anchor,prediction.patient_id; sample_id->basename(CNVAbsPath) for timing/biopsy,5,0,0.6867001738539366,0.42026982137665664,0.7497231450719822,0.5324244127527744,0.09734513274336283,0.9675036927621861,0.5,0.7625145518044237,22,22,655,204,22,204,1.0,0.17246602277508005,0.05493449543319049,0.3274336283185841,0.395,0.13716814159292035,0.4725529326641288,0.17725258493353027,0.1371333713289617,0.07533234859675036,0.1045389575185256,0.5,903,155,55,100,,,,,,,,,,,,
lgd2_image_gigapath,all_samples,patient_max,NextBiopsyProgression_LGD2plus,HGD/IMC/OAC or two consecutive LGD biopsies,5-fold patient-disjoint CV,histology-only,set_transformer_lite,model_name=set_transformer_lite,none,gigapath,prediction.patient_id; sample_id->basename(CNVAbsPath) for timing/biopsy,5,0,0.8294545454545454,0.7290733699066837,0.6967741935483871,0.7404545454545455,0.8909090909090909,0.59,0.5444444444444444,0.9076923076923077,49,41,59,6,49,6,0.8367346938775511,0.2191962518799012,0.219662046160609,0.5454545454545454,0.8505200743675232,0.41818181818181815,0.8892827033996582,0.58,0.4918621182441711,0.45,0.3638071715831756,0.5,155,155,55,100,0.8397220833089944,0.5903096126011383,0.971830985915493,0.8307692307692308,0.6559139784946236,0.4388937282229965,0.8962471812157866,0.7553628995118357,0.9666666666666667,0.7960978835978836,0.6917128987517336,0.49045479302832246
lgd2_image_gigapath,all_samples,patient_mean,NextBiopsyProgression_LGD2plus,HGD/IMC/OAC or two consecutive LGD biopsies,5-fold patient-disjoint CV,histology-only,set_transformer_lite,model_name=set_transformer_lite,none,gigapath,prediction.patient_id; sample_id->basename(CNVAbsPath) for timing/biopsy,5,0,0.734909090909091,0.5708008680412349,0.6838709677419355,0.6527272727272727,0.5454545454545454,0.76,0.5555555555555556,0.7524752475247525,30,24,76,25,30,25,0.8,0.21327701707886562,0.14156792625231573,0.2545454545454545,0.7722449728420803,0.2,0.8254406452178955,0.45,0.2168173752725124,0.34,0.16096690333344868,0.5,155,155,55,100,0.6997682600143293,0.445423457483423,0.835885989010989,0.6699490291262137,0.6973130053908355,0.4255840163934426,0.810679702316145,0.6489145257654967,0.6727120535714285,0.4132183908045977,0.8486851332398316,0.6734740802675585
lgd2_image_gigapath,all_samples,biopsy_max,NextBiopsyProgression_LGD2plus,HGD/IMC/OAC or two consecutive LGD biopsies,5-fold patient-disjoint CV,histology-only,set_transformer_lite,model_name=set_transformer_lite,none,gigapath,prediction.patient_id; sample_id->basename(CNVAbsPath) for timing/biopsy,5,0,0.7181721691525613,0.40770330119776144,0.6512141280353201,0.6706049941344059,0.7058823529411765,0.6353276353276354,0.36,0.8814229249011858,72,128,223,30,72,30,1.7777777777777777,0.2447120682912643,0.2271453359767704,0.29411764705882354,0.8611780405044556,0.13725490196078433,0.8928878307342529,0.4017094017094017,0.2035393267869949,0.245014245014245,0.1226289048790931,0.5,453,155,55,100,,,,,,,,,,,,
lgd2_image_gigapath,all_samples,biopsy_mean,NextBiopsyProgression_LGD2plus,HGD/IMC/OAC or two consecutive LGD biopsies,5-fold patient-disjoint CV,histology-only,set_transformer_lite,model_name=set_transformer_lite,none,gigapath,prediction.patient_id; sample_id->basename(CNVAbsPath) for timing/biopsy,5,0,0.6977822468018546,0.37383343463258734,0.6688741721854304,0.6367940338528575,0.5784313725490197,0.6951566951566952,0.35542168674698793,0.8501742160278746,59,107,244,43,59,43,1.8135593220338984,0.22680818276163864,0.18755856942037938,0.28431372549019607,0.8294304013252258,0.13725490196078433,0.8818218111991882,0.2934472934472934,0.1316506564617157,0.19658119658119658,0.09121401235461231,0.5,453,155,55,100,,,,,,,,,,,,
lgd2_image_gigapath,all_samples,sample,NextBiopsyProgression_LGD2plus,HGD/IMC/OAC or two consecutive LGD biopsies,5-fold patient-disjoint CV,histology-only,set_transformer_lite,model_name=set_transformer_lite,none,gigapath,prediction.patient_id; sample_id->basename(CNVAbsPath) for timing/biopsy,5,0,0.6818342243892237,0.406197941713732,0.6655592469545958,0.6413641651743114,0.5929203539823009,0.689807976366322,0.38953488372093026,0.8354203935599285,134,210,467,92,134,92,1.5671641791044777,0.23518406601904837,0.19117199213827774,0.27876106194690264,0.8480184078216553,0.15486725663716813,0.8830878734588623,0.15657311669128507,0.0560599379241466,0.09748892171344166,0.0174035467207431,0.5,903,155,55,100,,,,,,,,,,,,
lgd2_image_uni2,all_samples,patient_max,NextBiopsyProgression_LGD2plus,HGD/IMC/OAC or two consecutive LGD biopsies,5-fold patient-disjoint CV,histology-only,abmil; set_transformer_lite,model_name=abmil,none,uni2,prediction.patient_id; sample_id->basename(CNVAbsPath) for timing/biopsy,10,0,0.8554545454545455,0.7788894110629555,0.6451612903225806,0.7004545454545454,0.8909090909090909,0.51,0.5,0.8947368421052632,49,49,51,6,49,6,1.0,0.2063753999516974,0.22602910298493598,0.5454545454545454,0.8002470135688782,0.5272727272727272,0.8099997043609619,0.47,0.4624266326427459,0.4,0.4011310338973999,0.5,155,155,55,100,0.8849079549566812,0.6658832929939963,0.9682539682539683,0.8108083929733246,0.5948186672599843,0.40828125,0.919159090909091,0.7888482452217185,0.967231638418079,0.7966101694915254,0.6154159341167761,0.4215686274509804
lgd2_image_uni2,all_samples,patient_mean,NextBiopsyProgression_LGD2plus,HGD/IMC/OAC or two consecutive LGD biopsies,5-fold patient-disjoint CV,histology-only,abmil; set_transformer_lite,model_name=abmil,none,uni2,prediction.patient_id; sample_id->basename(CNVAbsPath) for timing/biopsy,10,0,0.7929090909090909,0.699884350865818,0.6967741935483871,0.6627272727272727,0.5454545454545454,0.78,0.5769230769230769,0.7572815533980582,30,22,78,25,30,25,0.7333333333333333,0.17655592425819913,0.12629157126966464,0.41818181818181815,0.57075035572052,0.41818181818181815,0.6132375337183475,0.51,0.3072327693754976,0.29,0.2419049839178721,0.5,155,155,55,100,0.8049272544191848,0.5726023337635587,0.8400323957016435,0.6790635277825862,0.7155357142857143,0.42857142857142855,0.8603351410258979,0.7167463211699775,0.6666666666666666,0.4173863636363636,0.8556701030927835,0.6979479258605472
lgd2_image_uni2,all_samples,biopsy_max,NextBiopsyProgression_LGD2plus,HGD/IMC/OAC or two consecutive LGD biopsies,5-fold patient-disjoint CV,histology-only,abmil; set_transformer_lite,model_name=abmil,none,uni2,prediction.patient_id; sample_id->basename(CNVAbsPath) for timing/biopsy,10,0,0.7612423886933691,0.5073596822226311,0.6401766004415012,0.6669599463717111,0.7156862745098039,0.6182336182336182,0.3526570048309179,0.8821138211382114,73,134,217,29,73,29,1.8356164383561644,0.22427767981250193,0.2580778946396926,0.38235294117647056,0.7888531684875488,0.27450980392156865,0.8528349995613098,0.4444444444444444,0.3555143177509308,0.32193732193732194,0.2682643234729767,0.5,453,155,55,100,,,,,,,,,,,,
lgd2_image_uni2,all_samples,biopsy_mean,NextBiopsyProgression_LGD2plus,HGD/IMC/OAC or two consecutive LGD biopsies,5-fold patient-disjoint CV,histology-only,abmil; set_transformer_lite,model_name=abmil,none,uni2,prediction.patient_id; sample_id->basename(CNVAbsPath) for timing/biopsy,10,0,0.749203955086308,0.4732425985505179,0.6754966887417219,0.6514999162057986,0.6078431372549019,0.6951566951566952,0.3668639053254438,0.8591549295774648,62,107,244,40,62,40,1.7258064516129032,0.20095321407763983,0.20672642713921527,0.3137254901960784,0.728577733039856,0.19607843137254902,0.8188627560933431,0.38746438746438744,0.2749779522418976,0.3162393162393162,0.2419049839178721,0.5,453,155,55,100,,,,,,,,,,,,
lgd2_image_uni2,all_samples,sample,NextBiopsyProgression_LGD2plus,HGD/IMC/OAC or two consecutive LGD biopsies,5-fold patient-disjoint CV,histology-only,abmil; set_transformer_lite,model_name=abmil,none,uni2,prediction.patient_id; sample_id->basename(CNVAbsPath) for timing/biopsy,10,0,0.7356831936837427,0.49696029217012205,0.6821705426356589,0.6598116364491967,0.6150442477876106,0.7045790251107829,0.41002949852507375,0.8457446808510638,139,200,477,87,139,87,1.4388489208633093,0.20424713533677752,0.1802500988071081,0.3274336283185841,0.7358519434928894,0.22566371681415928,0.8275101780891418,0.37813884785819796,0.2528005838394165,0.23042836041358936,0.1702282130718231,0.5,903,155,55,100,,,,,,,,,,,,
lgd2_image_uni2,all_samples,patient_max,NextBiopsyProgression_LGD2plus,HGD/IMC/OAC or two consecutive LGD biopsies,5-fold patient-disjoint CV,histology-only,abmil; set_transformer_lite,model_name=set_transformer_lite,none,uni2,prediction.patient_id; sample_id->basename(CNVAbsPath) for timing/biopsy,10,0,0.8652727272727273,0.7505065944935654,0.6967741935483871,0.7568181818181818,0.9636363636363636,0.55,0.5408163265306123,0.9649122807017544,53,45,55,2,53,2,0.8490566037735849,0.1987476623440546,0.21814538475967224,0.6,0.7818651795387268,0.45454545454545453,0.866441011428833,0.64,0.5752345323562622,0.61,0.535266101360321,0.5,155,155,55,100,0.8720625569701663,0.6263013579766643,1.0,0.9042811355311355,0.6474623226950355,0.4438430698739977,0.9226444028753389,0.7962445910029433,1.0,0.909862012987013,0.6542056074766355,0.45276887464387466
lgd2_image_uni2,all_samples,patient_mean,NextBiopsyProgression_LGD2plus,HGD/IMC/OAC or two consecutive LGD biopsies,5-fold patient-disjoint CV,histology-only,abmil; set_transformer_lite,model_name=set_transformer_lite,none,uni2,prediction.patient_id; sample_id->basename(CNVAbsPath) for timing/biopsy,10,0,0.8112727272727273,0.6820180267651489,0.7290322580645161,0.6918181818181818,0.5636363636363636,0.82,0.6326530612244898,0.7735849056603774,31,18,82,24,31,24,0.5806451612903226,0.1709558380903261,0.08043430134554588,0.41818181818181815,0.6320462167263031,0.3090909090909091,0.6866928368806839,0.57,0.31114829471334815,0.32,0.18578800665480746,0.5,155,155,55,100,0.7972007614620593,0.5542274671626994,0.8510016655871194,0.693781025923883,0.7743278301886792,0.5,0.8738253246753247,0.7317105693240664,0.6958709065021357,0.43435192780968007,0.8936836093660766,0.7447549019607843
lgd2_image_uni2,all_samples,biopsy_max,NextBiopsyProgression_LGD2plus,HGD/IMC/OAC or two consecutive LGD biopsies,5-fold patient-disjoint CV,histology-only,abmil; set_transformer_lite,model_name=set_transformer_lite,none,uni2,prediction.patient_id; sample_id->basename(CNVAbsPath) for timing/biopsy,10,0,0.7457125300262555,0.4509663219068917,0.6622516556291391,0.6916373386961623,0.7450980392156863,0.6381766381766382,0.37438423645320196,0.896,76,127,224,26,76,26,1.6710526315789473,0.2257695544913672,0.2440735340821526,0.4019607843137255,0.8099420666694641,0.23529411764705882,0.8755652904510498,0.3247863247863248,0.2044678032398224,0.15384615384615385,0.0979733914136886,0.5,453,155,55,100,,,,,,,,,,,,
lgd2_image_uni2,all_samples,biopsy_mean,NextBiopsyProgression_LGD2plus,HGD/IMC/OAC or two consecutive LGD biopsies,5-fold patient-disjoint CV,histology-only,abmil; set_transformer_lite,model_name=set_transformer_lite,none,uni2,prediction.patient_id; sample_id->basename(CNVAbsPath) for timing/biopsy,10,0,0.7278085023183063,0.42983348316390946,0.6931567328918322,0.6663733869616223,0.6176470588235294,0.7150997150997151,0.38650306748466257,0.8655172413793103,63,100,251,39,63,39,1.5873015873015872,0.20383501545870555,0.19939230928086582,0.3627450980392157,0.7396987676620483,0.1568627450980392,0.8553787469863892,0.3646723646723647,0.2040103897452354,0.1282051282051282,0.08221436881770683,0.5,453,155,55,100,,,,,,,,,,,,
lgd2_image_uni2,all_samples,sample,NextBiopsyProgression_LGD2plus,HGD/IMC/OAC or two consecutive LGD biopsies,5-fold patient-disjoint CV,histology-only,abmil; set_transformer_lite,model_name=set_transformer_lite,none,uni2,prediction.patient_id; sample_id->basename(CNVAbsPath) for timing/biopsy,10,0,0.7252127423170939,0.45207868914069566,0.7153931339977851,0.6922850681690436,0.6460176991150443,0.7385524372230429,0.4520123839009288,0.8620689655172413,146,177,500,80,146,80,1.2123287671232876,0.20267828398435023,0.17410605538797336,0.35398230088495575,0.7608959674835205,0.18141592920353983,0.8555506467819214,0.2171344165435746,0.1107159331440925,0.1240768094534712,0.0756224766373634,0.5,903,155,55,100,,,,,,,,,,,,
lgd2_image_virchow2,all_samples,patient_max,NextBiopsyProgression_LGD2plus,HGD/IMC/OAC or two consecutive LGD biopsies,5-fold patient-disjoint CV,histology-only,abmil; set_transformer_lite,model_name=abmil,none,virchow2,prediction.patient_id; sample_id->basename(CNVAbsPath) for timing/biopsy,10,0,0.8463636363636363,0.7683490519166615,0.6838709677419355,0.7304545454545455,0.8909090909090909,0.57,0.532608695652174,0.9047619047619048,49,43,57,6,49,6,0.8775510204081632,0.20281015728640936,0.21946184889924147,0.6,0.7657390236854553,0.45454545454545453,0.8582427501678467,0.52,0.4747493267059326,0.41,0.3953336179256439,0.5,155,155,55,100,0.8667909494424904,0.6631223944770107,0.9759054325955733,0.8360655737704918,0.6288659793814433,0.43252195494463536,0.9089113947465779,0.7790486823118402,0.9730131860299356,0.8113207547169812,0.6784106998381877,0.46630555555555553
lgd2_image_virchow2,all_samples,patient_mean,NextBiopsyProgression_LGD2plus,HGD/IMC/OAC or two consecutive LGD biopsies,5-fold patient-disjoint CV,histology-only,abmil; set_transformer_lite,model_name=abmil,none,virchow2,prediction.patient_id; sample_id->basename(CNVAbsPath) for timing/biopsy,10,0,0.7723636363636364,0.6787032401674066,0.7354838709677419,0.6845454545454546,0.509090909090909,0.86,0.6666666666666666,0.7610619469026548,28,14,86,27,28,27,0.5,0.1814071482645416,0.0652595419299043,0.45454545454545453,0.5412032559514046,0.32727272727272727,0.6279785811901093,0.41,0.2898448407649994,0.38,0.27332623898983,0.5,155,155,55,100,0.7863743044770897,0.5520198736325593,0.8371375921375921,0.6844357515410147,0.7948717948717948,0.5171978935698448,0.840608421026469,0.6906359138106827,0.6410893278301887,0.372883064516129,0.918800247371676,0.7879166666666667
lgd2_image_virchow2,all_samples,biopsy_max,NextBiopsyProgression_LGD2plus,HGD/IMC/OAC or two consecutive LGD biopsies,5-fold patient-disjoint CV,histology-only,abmil; set_transformer_lite,model_name=abmil,none,virchow2,prediction.patient_id; sample_id->basename(CNVAbsPath) for timing/biopsy,10,0,0.7784481313893079,0.5151245463912373,0.673289183222958,0.7022373051784816,0.7549019607843137,0.6495726495726496,0.385,0.9011857707509882,77,123,228,25,77,25,1.5974025974025974,0.21144917483349826,0.24875280098623653,0.4215686274509804,0.7657390236854553,0.30392156862745096,0.8570941686630249,0.47293447293447294,0.3494089245796203,0.3333333333333333,0.2750356793403625,0.5,453,155,55,100,,,,,,,,,,,,
lgd2_image_virchow2,all_samples,biopsy_mean,NextBiopsyProgression_LGD2plus,HGD/IMC/OAC or two consecutive LGD biopsies,5-fold patient-disjoint CV,histology-only,abmil; set_transformer_lite,model_name=abmil,none,virchow2,prediction.patient_id; sample_id->basename(CNVAbsPath) for timing/biopsy,10,0,0.7539522931679794,0.47720932116335496,0.7152317880794702,0.6806184012066365,0.6176470588235294,0.7435897435897436,0.4117647058823529,0.87,63,90,261,39,63,39,1.4285714285714286,0.191576530808281,0.195304095481442,0.38235294117647056,0.6733269095420837,0.18627450980392157,0.8084712624549866,0.39886039886039887,0.2750356793403625,0.2222222222222222,0.1931979343295097,0.5,453,155,55,100,,,,,,,,,,,,
lgd2_image_virchow2,all_samples,sample,NextBiopsyProgression_LGD2plus,HGD/IMC/OAC or two consecutive LGD biopsies,5-fold patient-disjoint CV,histology-only,abmil; set_transformer_lite,model_name=abmil,none,virchow2,prediction.patient_id; sample_id->basename(CNVAbsPath) for timing/biopsy,10,0,0.7099253604528045,0.46132012536940814,0.6998892580287929,0.659837779898302,0.5796460176991151,0.740029542097489,0.42671009771986973,0.8406040268456376,131,176,501,95,131,95,1.3435114503816794,0.20442582086012862,0.17016080050117618,0.3672566371681416,0.6995127201080322,0.20353982300884957,0.8455025553703308,0.23485967503692762,0.1908688992261886,0.1447562776957164,0.1414312869310379,0.5,903,155,55,100,,,,,,,,,,,,
lgd2_image_virchow2,all_samples,patient_max,NextBiopsyProgression_LGD2plus,HGD/IMC/OAC or two consecutive LGD biopsies,5-fold patient-disjoint CV,histology-only,abmil; set_transformer_lite,model_name=set_transformer_lite,none,virchow2,prediction.patient_id; sample_id->basename(CNVAbsPath) for timing/biopsy,10,0,0.8478181818181818,0.7466733718136327,0.7290322580645161,0.7572727272727273,0.8545454545454545,0.66,0.5802469135802469,0.8918918918918919,47,34,66,8,47,8,0.723404255319149,0.17740540782540198,0.1557286948566475,0.5818181818181818,0.7733026146888733,0.38181818181818183,0.8361143469810486,0.61,0.4422538876533508,0.45,0.2711375057697296,0.5,155,155,55,100,0.8657068246865489,0.6174806565051131,0.9574728260869565,0.8115942028985508,0.6848380050964689,0.4727343059239611,0.9115851281074053,0.7720486377406243,0.9444444444444444,0.7539855072463768,0.7647986157839084,0.5658376214979989
lgd2_image_virchow2,all_samples,patient_mean,NextBiopsyProgression_LGD2plus,HGD/IMC/OAC or two consecutive LGD biopsies,5-fold patient-disjoint CV,histology-only,abmil; set_transformer_lite,model_name=set_transformer_lite,none,virchow2,prediction.patient_id; sample_id->basename(CNVAbsPath) for timing/biopsy,10,0,0.8070909090909091,0.67101546510655,0.7161290322580646,0.6613636363636364,0.4727272727272727,0.85,0.6341463414634146,0.7456140350877193,26,15,85,29,26,29,0.5769230769230769,0.17038110683305566,0.05931590207590857,0.41818181818181815,0.5720229625701905,0.36363636363636365,0.6114200443029404,0.54,0.18775869235396384,0.38,0.1424832769802638,0.5,155,155,55,100,0.7928313098018966,0.5406283937144832,0.8285694785694785,0.6651580459770116,0.782608695652174,0.47487468671679195,0.8706921716840982,0.7285597176374994,0.5946393762183234,0.3333333333333333,0.9138142945672382,0.7777189133681852
lgd2_image_virchow2,all_samples,biopsy_max,NextBiopsyProgression_LGD2plus,HGD/IMC/OAC or two consecutive LGD biopsies,5-fold patient-disjoint CV,histology-only,abmil; set_transformer_lite,model_name=set_transformer_lite,none,virchow2,prediction.patient_id; sample_id->basename(CNVAbsPath) for timing/biopsy,10,0,0.7718283894754483,0.493018916233754,0.7152317880794702,0.6910507792860734,0.6470588235294118,0.7350427350427351,0.41509433962264153,0.8775510204081632,66,93,258,36,66,36,1.4090909090909092,0.1879062105085918,0.17008751015863474,0.39215686274509803,0.7718285918235779,0.23529411764705882,0.8361143469810486,0.45584045584045585,0.2239748537540435,0.29914529914529914,0.1383737623691558,0.5,453,155,55,100,,,,,,,,,,,,
lgd2_image_virchow2,all_samples,biopsy_mean,NextBiopsyProgression_LGD2plus,HGD/IMC/OAC or two consecutive LGD biopsies,5-fold patient-disjoint CV,histology-only,abmil; set_transformer_lite,model_name=set_transformer_lite,none,virchow2,prediction.patient_id; sample_id->basename(CNVAbsPath) for timing/biopsy,10,0,0.7589240824534942,0.4564643310590533,0.7196467991169978,0.6486928104575164,0.5196078431372549,0.7777777777777778,0.40458015267175573,0.8478260869565217,53,78,273,49,53,49,1.471698113207547,0.1755790162964673,0.12367967983577484,0.3431372549019608,0.7061104476451874,0.16666666666666666,0.8041983842849731,0.4985754985754986,0.2054582089185714,0.3190883190883191,0.1301140636205673,0.5,453,155,55,100,,,,,,,,,,,,
lgd2_image_virchow2,all_samples,sample,NextBiopsyProgression_LGD2plus,HGD/IMC/OAC or two consecutive LGD biopsies,5-fold patient-disjoint CV,histology-only,abmil; set_transformer_lite,model_name=set_transformer_lite,none,virchow2,prediction.patient_id; sample_id->basename(CNVAbsPath) for timing/biopsy,10,0,0.7556763963869754,0.4783074814398912,0.7253599114064231,0.6606122795780447,0.5309734513274337,0.7902511078286558,0.4580152671755725,0.8346333853354134,120,142,535,106,120,106,1.1833333333333333,0.18091585809806543,0.0999773535439136,0.33185840707964603,0.7223244905471802,0.17256637168141592,0.8166852593421936,0.39586410635155095,0.1481038033962249,0.30428360413589367,0.1137766391038894,0.5,903,155,55,100,,,,,,,,,,,,
lgd2_early_fusion_gigapath,all_samples,patient_max,NextBiopsyProgression_LGD2plus,HGD/IMC/OAC or two consecutive LGD biopsies,5-fold patient-disjoint CV,multimodal,early_mean_mlp; early_mean_mlp_timev1,model_name=early_mean_mlp; cnv_variant=windows_armdiff_plus_arms_plus_cx; cnv_mask_name=none; instance_k=0; subsample_mode=uniform; embed_pca_dim=0,early_fusion,gigapath+cnv_anchor,prediction.patient_id; sample_id->basename(CNVAbsPath) for timing/biopsy,10,0,0.9116363636363637,0.843374635998844,0.8258064516129032,0.8322727272727273,0.8545454545454545,0.81,0.7121212121212122,0.9101123595505618,47,19,81,8,47,8,0.40425531914893614,0.13095225101885502,0.13050699427483545,0.6545454545454545,0.6630522608757019,0.6,0.7576637864112854,0.75,0.4261312186717987,0.67,0.3705408871173858,0.5,155,155,55,100,0.9225695578950658,0.7573494266147106,0.9649322660098523,0.849003164556962,0.8189642324888227,0.5933684593023256,0.9527145272789991,0.8662336122404063,0.9355111008325624,0.7636604774535809,0.8888888888888888,0.7262810559006212
lgd2_early_fusion_gigapath,all_samples,patient_mean,NextBiopsyProgression_LGD2plus,HGD/IMC/OAC or two consecutive LGD biopsies,5-fold patient-disjoint CV,multimodal,early_mean_mlp; early_mean_mlp_timev1,model_name=early_mean_mlp; cnv_variant=windows_armdiff_plus_arms_plus_cx; cnv_mask_name=none; instance_k=0; subsample_mode=uniform; embed_pca_dim=0,early_fusion,gigapath+cnv_anchor,prediction.patient_id; sample_id->basename(CNVAbsPath) for timing/biopsy,10,0,0.8945454545454545,0.8120095875831428,0.7419354838709677,0.6609090909090909,0.38181818181818183,0.94,0.7777777777777778,0.734375,21,6,94,34,21,34,0.2857142857142857,0.14624944678068805,0.1314245176267442,0.5636363636363636,0.4196483835577965,0.38181818181818183,0.5052101537585258,0.73,0.21244782635143822,0.62,0.18111117780208585,0.5,155,155,55,100,0.8997291879888358,0.7107415185663182,0.8122767857142856,0.6585732283464567,0.9545454545454546,0.6140818858560795,0.9371087344583515,0.8443141025641026,0.5175646551724138,0.25201271186440677,0.98953125,0.8900362318840579
lgd2_early_fusion_gigapath,all_samples,biopsy_max,NextBiopsyProgression_LGD2plus,HGD/IMC/OAC or two consecutive LGD biopsies,5-fold patient-disjoint CV,multimodal,early_mean_mlp; early_mean_mlp_timev1,model_name=early_mean_mlp; cnv_variant=windows_armdiff_plus_arms_plus_cx; cnv_mask_name=none; instance_k=0; subsample_mode=uniform; embed_pca_dim=0,early_fusion,gigapath+cnv_anchor,prediction.patient_id; sample_id->basename(CNVAbsPath) for timing/biopsy,10,0,0.7968828557063852,0.5597435275680893,0.7704194260485652,0.7197083961789844,0.6274509803921569,0.811965811965812,0.49230769230769234,0.8823529411764706,64,66,285,38,64,38,1.03125,0.16158510251676894,0.13044974256705727,0.47058823529411764,0.6588712930679321,0.3431372549019608,0.8164929747581482,0.38461538461538464,0.1476640254259109,0.36752136752136755,0.1423753350973129,0.5,453,155,55,100,,,,,,,,,,,,
lgd2_early_fusion_gigapath,all_samples,biopsy_mean,NextBiopsyProgression_LGD2plus,HGD/IMC/OAC or two consecutive LGD biopsies,5-fold patient-disjoint CV,multimodal,early_mean_mlp; early_mean_mlp_timev1,model_name=early_mean_mlp; cnv_variant=windows_armdiff_plus_arms_plus_cx; cnv_mask_name=none; instance_k=0; subsample_mode=uniform; embed_pca_dim=0,early_fusion,gigapath+cnv_anchor,prediction.patient_id; sample_id->basename(CNVAbsPath) for timing/biopsy,10,0,0.7932238422434501,0.5119631119495146,0.7836644591611479,0.6795709736886207,0.49019607843137253,0.8689458689458689,0.5208333333333334,0.8543417366946778,50,46,305,52,50,52,0.92,0.151712990843464,0.07631392540134278,0.4411764705882353,0.5362756103277206,0.28431372549019607,0.7074916511774063,0.4586894586894587,0.14526904001832006,0.39886039886039887,0.1284440904855728,0.5,453,155,55,100,,,,,,,,,,,,
lgd2_early_fusion_gigapath,all_samples,sample,NextBiopsyProgression_LGD2plus,HGD/IMC/OAC or two consecutive LGD biopsies,5-fold patient-disjoint CV,multimodal,early_mean_mlp; early_mean_mlp_timev1,model_name=early_mean_mlp; cnv_variant=windows_armdiff_plus_arms_plus_cx; cnv_mask_name=none; instance_k=0; subsample_mode=uniform; embed_pca_dim=0,early_fusion,gigapath+cnv_anchor,prediction.patient_id; sample_id->basename(CNVAbsPath) for timing/biopsy,10,0,0.7822969634383864,0.520832650235783,0.7596899224806202,0.6613998509823401,0.4646017699115044,0.8581979320531757,0.5223880597014925,0.8276353276353277,105,96,581,121,105,121,0.9142857142857143,0.16520716754673093,0.06520002594543568,0.3672566371681416,0.6009622812271118,0.24336283185840707,0.7833520770072937,0.48892171344165436,0.1450679302215576,0.36484490398818314,0.1066112071275711,0.5,903,155,55,100,,,,,,,,,,,,
lgd2_early_fusion_gigapath,all_samples,patient_max,NextBiopsyProgression_LGD2plus,HGD/IMC/OAC or two consecutive LGD biopsies,5-fold patient-disjoint CV,multimodal,early_mean_mlp; early_mean_mlp_timev1,model_name=early_mean_mlp_timev1; cnv_variant=windows_armdiff_plus_arms_plus_cx; cnv_mask_name=none; instance_k=0; subsample_mode=uniform; embed_pca_dim=0,early_fusion,gigapath+cnv_anchor,prediction.patient_id; sample_id->basename(CNVAbsPath) for timing/biopsy,10,0,0.8285454545454546,0.756990533580965,0.7548387096774194,0.7445454545454546,0.7090909090909091,0.78,0.639344262295082,0.8297872340425532,39,22,78,16,39,16,0.5641025641025641,0.16626580168345767,0.1323159503315354,0.45454545454545453,0.6375799775123596,0.41818181818181815,0.6807969212532043,0.6,0.4120476543903351,0.5,0.3501213192939758,0.5,155,155,55,100,0.8510441667433528,0.6547562806237157,0.9000432152117545,0.7498984692283661,0.7685782967032967,0.5156372549019608,0.8953950584007188,0.7555004362860744,0.8191363636363636,0.5862853271389856,0.8599116161616162,0.6934532228733077
lgd2_early_fusion_gigapath,all_samples,patient_mean,NextBiopsyProgression_LGD2plus,HGD/IMC/OAC or two consecutive LGD biopsies,5-fold patient-disjoint CV,multimodal,early_mean_mlp; early_mean_mlp_timev1,model_name=early_mean_mlp_timev1; cnv_variant=windows_armdiff_plus_arms_plus_cx; cnv_mask_name=none; instance_k=0; subsample_mode=uniform; embed_pca_dim=0,early_fusion,gigapath+cnv_anchor,prediction.patient_id; sample_id->basename(CNVAbsPath) for timing/biopsy,10,0,0.8025454545454546,0.7263272123577357,0.7354838709677419,0.6518181818181819,0.36363636363636365,0.94,0.7692307692307693,0.7286821705426356,20,6,94,35,20,35,0.3,0.175481137924522,0.07968101886238725,0.4727272727272727,0.47679940760135653,0.36363636363636365,0.5049805268645287,0.58,0.28733576337496436,0.25,0.10882116590316095,0.5,155,155,55,100,0.8196192251054246,0.6088550237846092,0.801500056129322,0.6516750841750842,0.9230769230769231,0.6,0.8684744796091759,0.7287437229437229,0.48273596176821976,0.23767150928167877,0.9809597242380261,0.8917092924126172
lgd2_early_fusion_gigapath,all_samples,biopsy_max,NextBiopsyProgression_LGD2plus,HGD/IMC/OAC or two consecutive LGD biopsies,5-fold patient-disjoint CV,multimodal,early_mean_mlp; early_mean_mlp_timev1,model_name=early_mean_mlp_timev1; cnv_variant=windows_armdiff_plus_arms_plus_cx; cnv_mask_name=none; instance_k=0; subsample_mode=uniform; embed_pca_dim=0,early_fusion,gigapath+cnv_anchor,prediction.patient_id; sample_id->basename(CNVAbsPath) for timing/biopsy,10,0,0.7504887995084073,0.47572607088533225,0.7373068432671082,0.6809535780124016,0.5784313725490197,0.7834757834757835,0.43703703703703706,0.8647798742138365,59,76,275,43,59,43,1.2881355932203389,0.1905365662555111,0.18913604034996367,0.3333333333333333,0.6203287839889526,0.27450980392156865,0.7063421010971069,0.4045584045584046,0.3145601153373718,0.1452991452991453,0.1221362650394439,0.5,453,155,55,100,,,,,,,,,,,,
lgd2_early_fusion_gigapath,all_samples,biopsy_mean,NextBiopsyProgression_LGD2plus,HGD/IMC/OAC or two consecutive LGD biopsies,5-fold patient-disjoint CV,multimodal,early_mean_mlp; early_mean_mlp_timev1,model_name=early_mean_mlp_timev1; cnv_variant=windows_armdiff_plus_arms_plus_cx; cnv_mask_name=none; instance_k=0; subsample_mode=uniform; embed_pca_dim=0,early_fusion,gigapath+cnv_anchor,prediction.patient_id; sample_id->basename(CNVAbsPath) for timing/biopsy,10,0,0.7258812356851573,0.4568407153980144,0.7483443708609272,0.6533014915367856,0.4803921568627451,0.8262108262108262,0.44545454545454544,0.8454810495626822,49,61,290,53,49,53,1.2448979591836735,0.18628686157299484,0.16777486042199435,0.35294117647058826,0.5694620410601298,0.20588235294117646,0.6785134673118591,0.3561253561253561,0.2617152037176614,0.1452991452991453,0.114165686070919,0.5,453,155,55,100,,,,,,,,,,,,
lgd2_early_fusion_gigapath,all_samples,sample,NextBiopsyProgression_LGD2plus,HGD/IMC/OAC or two consecutive LGD biopsies,5-fold patient-disjoint CV,multimodal,early_mean_mlp; early_mean_mlp_timev1,model_name=early_mean_mlp_timev1; cnv_variant=windows_armdiff_plus_arms_plus_cx; cnv_mask_name=none; instance_k=0; subsample_mode=uniform; embed_pca_dim=0,early_fusion,gigapath+cnv_anchor,prediction.patient_id; sample_id->basename(CNVAbsPath) for timing/biopsy,10,0,0.7054025437575979,0.46640932717808803,0.7397563676633444,0.6481059071123253,0.4646017699115044,0.8316100443131462,0.4794520547945205,0.8230994152046783,105,114,563,121,105,121,1.0857142857142856,0.19379480140779254,0.1597070904412398,0.3185840707964602,0.5769705176353455,0.2168141592920354,0.6807969212532043,0.1861152141802068,0.114165686070919,0.07533234859675036,0.0091160489246249,0.5,903,155,55,100,,,,,,,,,,,,
lgd2_early_fusion_uni2,all_samples,patient_max,NextBiopsyProgression_LGD2plus,HGD/IMC/OAC or two consecutive LGD biopsies,5-fold patient-disjoint CV,multimodal,early_mean_mlp; early_mean_mlp_timev1,model_name=early_mean_mlp; cnv_variant=windows_armdiff_plus_arms_plus_cx; cnv_mask_name=none; instance_k=0; subsample_mode=uniform; embed_pca_dim=0,early_fusion,uni2+cnv_anchor,prediction.patient_id; sample_id->basename(CNVAbsPath) for timing/biopsy,10,0,0.9067272727272727,0.848821305677646,0.8129032258064516,0.81,0.8,0.82,0.7096774193548387,0.8817204301075269,44,18,82,11,44,11,0.4090909090909091,0.1384889798563147,0.14277985579063818,0.7454545454545455,0.6100143194198608,0.6545454545454545,0.7405428886413574,0.68,0.4351446628570556,0.57,0.3516302108764648,0.5,155,155,55,100,0.9249259999278244,0.7662931015189669,0.9444444444444444,0.8134426847662142,0.8245098039215686,0.6068354800936768,0.948207615790105,0.8604758906412168,0.9045941632466938,0.6851909184726522,0.8918157138294475,0.7436780157607598
lgd2_early_fusion_uni2,all_samples,patient_mean,NextBiopsyProgression_LGD2plus,HGD/IMC/OAC or two consecutive LGD biopsies,5-fold patient-disjoint CV,multimodal,early_mean_mlp; early_mean_mlp_timev1,model_name=early_mean_mlp; cnv_variant=windows_armdiff_plus_arms_plus_cx; cnv_mask_name=none; instance_k=0; subsample_mode=uniform; embed_pca_dim=0,early_fusion,uni2+cnv_anchor,prediction.patient_id; sample_id->basename(CNVAbsPath) for timing/biopsy,10,0,0.8827272727272727,0.8197436756338674,0.7870967741935484,0.7204545454545455,0.4909090909090909,0.95,0.84375,0.7723577235772358,27,5,95,28,27,28,0.18518518518518517,0.14204539870755756,0.10754057286265363,0.6545454545454545,0.35226223170757287,0.5454545454545454,0.4840517242749532,0.62,0.22715181608994797,0.55,0.20862050755665848,0.5,155,155,55,100,0.8965349750030346,0.7352874753667009,0.8462206108547572,0.6991666666666666,0.9629629629629629,0.7186304347826087,0.9292651022673221,0.8355584721238298,0.6296296296296297,0.36207153502235473,0.9896397121993128,0.9068624144907987
lgd2_early_fusion_uni2,all_samples,biopsy_max,NextBiopsyProgression_LGD2plus,HGD/IMC/OAC or two consecutive LGD biopsies,5-fold patient-disjoint CV,multimodal,early_mean_mlp; early_mean_mlp_timev1,model_name=early_mean_mlp; cnv_variant=windows_armdiff_plus_arms_plus_cx; cnv_mask_name=none; instance_k=0; subsample_mode=uniform; embed_pca_dim=0,early_fusion,uni2+cnv_anchor,prediction.patient_id; sample_id->basename(CNVAbsPath) for timing/biopsy,10,0,0.804591922238981,0.5711166866229429,0.7814569536423841,0.7337858220211162,0.6470588235294118,0.8205128205128205,0.5116279069767442,0.8888888888888888,66,63,288,36,66,36,0.9545454545454546,0.16853852771609806,0.1647670205012293,0.5392156862745098,0.6725051999092102,0.3627450980392157,0.859212338924408,0.3903133903133903,0.1893285661935806,0.30484330484330485,0.1390184015035629,0.5,453,155,55,100,,,,,,,,,,,,
lgd2_early_fusion_uni2,all_samples,biopsy_mean,NextBiopsyProgression_LGD2plus,HGD/IMC/OAC or two consecutive LGD biopsies,5-fold patient-disjoint CV,multimodal,early_mean_mlp; early_mean_mlp_timev1,model_name=early_mean_mlp; cnv_variant=windows_armdiff_plus_arms_plus_cx; cnv_mask_name=none; instance_k=0; subsample_mode=uniform; embed_pca_dim=0,early_fusion,uni2+cnv_anchor,prediction.patient_id; sample_id->basename(CNVAbsPath) for timing/biopsy,10,0,0.7985587397352103,0.540374237928863,0.8123620309050773,0.7398190045248869,0.6078431372549019,0.8717948717948718,0.5794392523364486,0.884393063583815,62,45,306,40,62,40,0.7258064516129032,0.15367531632399917,0.13234718387686462,0.39215686274509803,0.6250646710395813,0.2549019607843137,0.7735571265220642,0.3817663817663818,0.15665870457887643,0.33903133903133903,0.1390184015035629,0.5,453,155,55,100,,,,,,,,,,,,
lgd2_early_fusion_uni2,all_samples,sample,NextBiopsyProgression_LGD2plus,HGD/IMC/OAC or two consecutive LGD biopsies,5-fold patient-disjoint CV,multimodal,early_mean_mlp; early_mean_mlp_timev1,model_name=early_mean_mlp; cnv_variant=windows_armdiff_plus_arms_plus_cx; cnv_mask_name=none; instance_k=0; subsample_mode=uniform; embed_pca_dim=0,early_fusion,uni2+cnv_anchor,prediction.patient_id; sample_id->basename(CNVAbsPath) for timing/biopsy,10,0,0.7757643690932144,0.539083645476502,0.7807308970099668,0.7004875753258126,0.5398230088495575,0.8611521418020679,0.5648148148148148,0.8486171761280932,122,94,583,104,122,104,0.7704918032786885,0.16554409102656734,0.08721082239769651,0.39823008849557523,0.6267062425613403,0.3141592920353982,0.7812899351119995,0.397341211225997,0.1459020525217056,0.3249630723781389,0.1241632178425788,0.5,903,155,55,100,,,,,,,,,,,,
lgd2_early_fusion_uni2,all_samples,patient_max,NextBiopsyProgression_LGD2plus,HGD/IMC/OAC or two consecutive LGD biopsies,5-fold patient-disjoint CV,multimodal,early_mean_mlp; early_mean_mlp_timev1,model_name=early_mean_mlp_timev1; cnv_variant=windows_armdiff_plus_arms_plus_cx; cnv_mask_name=none; instance_k=0; subsample_mode=uniform; embed_pca_dim=0,early_fusion,uni2+cnv_anchor,prediction.patient_id; sample_id->basename(CNVAbsPath) for timing/biopsy,10,0,0.8296363636363636,0.7562054594955799,0.7290322580645161,0.7122727272727273,0.6545454545454545,0.77,0.6101694915254238,0.8020833333333334,36,23,77,19,36,19,0.6388888888888888,0.16905591416343146,0.11986585840199805,0.43636363636363634,0.6332319974899292,0.4,0.6913179159164429,0.59,0.411080926656723,0.56,0.3778662085533142,0.5,155,155,55,100,0.8491454016903367,0.6509121198188955,0.875,0.7212718772476624,0.7395869565217391,0.4838709677419355,0.8963136752136752,0.7626259176116316,0.7789444444444444,0.5361280487804878,0.8497898230088495,0.6908106841611996
lgd2_early_fusion_uni2,all_samples,patient_mean,NextBiopsyProgression_LGD2plus,HGD/IMC/OAC or two consecutive LGD biopsies,5-fold patient-disjoint CV,multimodal,early_mean_mlp; early_mean_mlp_timev1,model_name=early_mean_mlp_timev1; cnv_variant=windows_armdiff_plus_arms_plus_cx; cnv_mask_name=none; instance_k=0; subsample_mode=uniform; embed_pca_dim=0,early_fusion,uni2+cnv_anchor,prediction.patient_id; sample_id->basename(CNVAbsPath) for timing/biopsy,10,0,0.8067272727272727,0.7388017713792191,0.7548387096774194,0.6668181818181818,0.36363636363636365,0.97,0.8695652173913043,0.7348484848484849,20,3,97,35,20,35,0.15,0.17721217846087825,0.08169829990413045,0.5454545454545454,0.4517727196216583,0.41818181818181815,0.48236411809921265,0.4,0.2866585030116969,0.28,0.21015100164610578,0.5,155,155,55,100,0.8390292649929452,0.6409476068961772,0.808327678823862,0.6614748637189583,1.0,0.7289335664335664,0.8713821309655937,0.7337903260039325,0.48333333333333334,0.24035185185185184,1.0,0.9313725490196079
lgd2_early_fusion_uni2,all_samples,biopsy_max,NextBiopsyProgression_LGD2plus,HGD/IMC/OAC or two consecutive LGD biopsies,5-fold patient-disjoint CV,multimodal,early_mean_mlp; early_mean_mlp_timev1,model_name=early_mean_mlp_timev1; cnv_variant=windows_armdiff_plus_arms_plus_cx; cnv_mask_name=none; instance_k=0; subsample_mode=uniform; embed_pca_dim=0,early_fusion,uni2+cnv_anchor,prediction.patient_id; sample_id->basename(CNVAbsPath) for timing/biopsy,10,0,0.742221104966203,0.4596460781337133,0.7130242825607064,0.6444193061840121,0.5196078431372549,0.7692307692307693,0.39552238805970147,0.8463949843260188,53,81,270,49,53,49,1.528301886792453,0.19886443428878364,0.2143662988495289,0.35294117647058826,0.6078940629959106,0.2647058823529412,0.723071277141571,0.42450142450142453,0.3564022779464721,0.23076923076923078,0.2911652028560638,0.5,453,155,55,100,,,,,,,,,,,,
lgd2_early_fusion_uni2,all_samples,biopsy_mean,NextBiopsyProgression_LGD2plus,HGD/IMC/OAC or two consecutive LGD biopsies,5-fold patient-disjoint CV,multimodal,early_mean_mlp; early_mean_mlp_timev1,model_name=early_mean_mlp_timev1; cnv_variant=windows_armdiff_plus_arms_plus_cx; cnv_mask_name=none; instance_k=0; subsample_mode=uniform; embed_pca_dim=0,early_fusion,uni2+cnv_anchor,prediction.patient_id; sample_id->basename(CNVAbsPath) for timing/biopsy,10,0,0.7163845595218145,0.4260584311933346,0.7284768211920529,0.630048600636836,0.45098039215686275,0.8091168091168092,0.40707964601769914,0.8352941176470589,46,67,284,56,46,56,1.4565217391304348,0.19590668982851064,0.19343256540505036,0.3137254901960784,0.569244921207428,0.19607843137254902,0.7050619721412659,0.2564102564102564,0.2911652028560638,0.15384615384615385,0.19435575371608135,0.5,453,155,55,100,,,,,,,,,,,,
lgd2_early_fusion_uni2,all_samples,sample,NextBiopsyProgression_LGD2plus,HGD/IMC/OAC or two consecutive LGD biopsies,5-fold patient-disjoint CV,multimodal,early_mean_mlp; early_mean_mlp_timev1,model_name=early_mean_mlp_timev1; cnv_variant=windows_armdiff_plus_arms_plus_cx; cnv_mask_name=none; instance_k=0; subsample_mode=uniform; embed_pca_dim=0,early_fusion,uni2+cnv_anchor,prediction.patient_id; sample_id->basename(CNVAbsPath) for timing/biopsy,10,0,0.707448268650083,0.45527200090547576,0.7253599114064231,0.6355570515418099,0.4557522123893805,0.8153618906942393,0.4517543859649123,0.8177777777777778,103,125,552,123,103,123,1.2135922330097086,0.20005725888797718,0.18416523232415644,0.3274336283185841,0.5714292526245117,0.22566371681415928,0.6725016832351685,0.25258493353028066,0.2724906504154205,0.08714918759231906,0.0136609133332967,0.5,903,155,55,100,,,,,,,,,,,,
lgd2_early_fusion_virchow2,all_samples,patient_max,NextBiopsyProgression_LGD2plus,HGD/IMC/OAC or two consecutive LGD biopsies,5-fold patient-disjoint CV,multimodal,early_mean_mlp; early_mean_mlp_timev1,model_name=early_mean_mlp; cnv_variant=windows_armdiff_plus_arms_plus_cx; cnv_mask_name=none; instance_k=0; subsample_mode=uniform; embed_pca_dim=0,early_fusion,virchow2+cnv_anchor,prediction.patient_id; sample_id->basename(CNVAbsPath) for timing/biopsy,10,0,0.884,0.7830153823381951,0.7741935483870968,0.8086363636363636,0.9272727272727272,0.69,0.6219512195121951,0.9452054794520548,51,31,69,4,51,4,0.6078431372549019,0.1722402161121003,0.19268467145100712,0.6,0.7815694212913513,0.38181818181818183,0.9019296765327454,0.7,0.546884298324585,0.63,0.4374178946018219,0.5,155,155,55,100,0.8853593520041696,0.6792494060039317,0.9871794871794872,0.8904109589041096,0.7218881856540084,0.5256410256410257,0.9321318943127872,0.832024990898216,0.9826149425287356,0.8514381402679275,0.7830188679245284,0.6089330334832584
lgd2_early_fusion_virchow2,all_samples,patient_mean,NextBiopsyProgression_LGD2plus,HGD/IMC/OAC or two consecutive LGD biopsies,5-fold patient-disjoint CV,multimodal,early_mean_mlp; early_mean_mlp_timev1,model_name=early_mean_mlp; cnv_variant=windows_armdiff_plus_arms_plus_cx; cnv_mask_name=none; instance_k=0; subsample_mode=uniform; embed_pca_dim=0,early_fusion,virchow2+cnv_anchor,prediction.patient_id; sample_id->basename(CNVAbsPath) for timing/biopsy,10,0,0.8396363636363636,0.7483541208098746,0.7677419354838709,0.7136363636363636,0.5272727272727272,0.9,0.7435897435897436,0.7758620689655172,29,10,90,26,29,26,0.3448275862068966,0.15637097200618766,0.06874963213677923,0.5272727272727272,0.5101430296897889,0.38181818181818183,0.6196935897072157,0.59,0.26139617860317227,0.49,0.21203620199646264,0.5,155,155,55,100,0.8405349018436534,0.6316667562296225,0.851141304347826,0.6978583345422893,0.8769886363636363,0.6073973042362003,0.8925691867656154,0.7774266207504105,0.6597978723404255,0.3983333333333333,0.9602079207920792,0.8441934505761067
lgd2_early_fusion_virchow2,all_samples,biopsy_max,NextBiopsyProgression_LGD2plus,HGD/IMC/OAC or two consecutive LGD biopsies,5-fold patient-disjoint CV,multimodal,early_mean_mlp; early_mean_mlp_timev1,model_name=early_mean_mlp; cnv_variant=windows_armdiff_plus_arms_plus_cx; cnv_mask_name=none; instance_k=0; subsample_mode=uniform; embed_pca_dim=0,early_fusion,virchow2+cnv_anchor,prediction.patient_id; sample_id->basename(CNVAbsPath) for timing/biopsy,10,0,0.7693145634322105,0.507721200567706,0.7019867549668874,0.6929361488185017,0.6764705882352942,0.7094017094017094,0.40350877192982454,0.8829787234042553,69,102,249,33,69,33,1.4782608695652173,0.20568575368076628,0.21236282552615068,0.4019607843137255,0.8138896822929382,0.29411764705882354,0.8903089761734009,0.3903133903133903,0.2339157164096832,0.31339031339031337,0.1748835295438766,0.5,453,155,55,100,,,,,,,,,,,,
lgd2_early_fusion_virchow2,all_samples,biopsy_mean,NextBiopsyProgression_LGD2plus,HGD/IMC/OAC or two consecutive LGD biopsies,5-fold patient-disjoint CV,multimodal,early_mean_mlp; early_mean_mlp_timev1,model_name=early_mean_mlp; cnv_variant=windows_armdiff_plus_arms_plus_cx; cnv_mask_name=none; instance_k=0; subsample_mode=uniform; embed_pca_dim=0,early_fusion,virchow2+cnv_anchor,prediction.patient_id; sample_id->basename(CNVAbsPath) for timing/biopsy,10,0,0.7545388525780683,0.48512965692722093,0.7196467991169978,0.655647729177141,0.5392156862745098,0.7720797720797721,0.4074074074074074,0.8522012578616353,55,80,271,47,55,47,1.4545454545454546,0.1860048137359262,0.15509830571677385,0.35294117647058826,0.7326956142981847,0.24509803921568626,0.8232383728027344,0.4700854700854701,0.2270872592926025,0.22507122507122507,0.11464411914348598,0.5,453,155,55,100,,,,,,,,,,,,
lgd2_early_fusion_virchow2,all_samples,sample,NextBiopsyProgression_LGD2plus,HGD/IMC/OAC or two consecutive LGD biopsies,5-fold patient-disjoint CV,multimodal,early_mean_mlp; early_mean_mlp_timev1,model_name=early_mean_mlp; cnv_variant=windows_armdiff_plus_arms_plus_cx; cnv_mask_name=none; instance_k=0; subsample_mode=uniform; embed_pca_dim=0,early_fusion,virchow2+cnv_anchor,prediction.patient_id; sample_id->basename(CNVAbsPath) for timing/biopsy,10,0,0.7433236166847492,0.48533275836202094,0.7142857142857143,0.6620697768656618,0.5575221238938053,0.7666174298375185,0.44366197183098594,0.8384491114701131,126,158,519,100,126,100,1.253968253968254,0.19251064682019198,0.14066138542860598,0.3672566371681416,0.732062816619873,0.2079646017699115,0.8728468418121338,0.3308714918759232,0.1535405814647674,0.18463810930576072,0.089261382818222,0.5,903,155,55,100,,,,,,,,,,,,
lgd2_early_fusion_virchow2,all_samples,patient_max,NextBiopsyProgression_LGD2plus,HGD/IMC/OAC or two consecutive LGD biopsies,5-fold patient-disjoint CV,multimodal,early_mean_mlp; early_mean_mlp_timev1,model_name=early_mean_mlp_timev1; cnv_variant=windows_armdiff_plus_arms_plus_cx; cnv_mask_name=none; instance_k=0; subsample_mode=uniform; embed_pca_dim=0,early_fusion,virchow2+cnv_anchor,prediction.patient_id; sample_id->basename(CNVAbsPath) for timing/biopsy,10,0,0.852,0.7591930632291509,0.7419354838709677,0.7345454545454546,0.7090909090909091,0.76,0.6190476190476191,0.8260869565217391,39,24,76,16,39,16,0.6153846153846154,0.16430528510568296,0.10786175207801037,0.5272727272727272,0.7266837954521179,0.38181818181818183,0.8200384378433228,0.62,0.3315968811511993,0.61,0.3245369493961334,0.5,155,155,55,100,0.857963805988145,0.6492447664652368,0.9033925791385573,0.7416949666464524,0.7331461515423778,0.4964041095890411,0.9106257881885749,0.7883444626679162,0.8381311475409835,0.5699579831932773,0.8402187799425103,0.6633663366336634
lgd2_early_fusion_virchow2,all_samples,patient_mean,NextBiopsyProgression_LGD2plus,HGD/IMC/OAC or two consecutive LGD biopsies,5-fold patient-disjoint CV,multimodal,early_mean_mlp; early_mean_mlp_timev1,model_name=early_mean_mlp_timev1; cnv_variant=windows_armdiff_plus_arms_plus_cx; cnv_mask_name=none; instance_k=0; subsample_mode=uniform; embed_pca_dim=0,early_fusion,virchow2+cnv_anchor,prediction.patient_id; sample_id->basename(CNVAbsPath) for timing/biopsy,10,0,0.8129090909090909,0.7166931649840951,0.7354838709677419,0.6681818181818182,0.43636363636363634,0.9,0.7058823529411765,0.743801652892562,24,10,90,31,24,31,0.4166666666666667,0.16917330739072742,0.05995946665851819,0.43636363636363634,0.5027751976793463,0.3090909090909091,0.6077763792593032,0.5,0.2456618824766742,0.41,0.16508804843761024,0.5,155,155,55,100,0.8137883322262,0.6007285000633419,0.8196404404527559,0.6694915254237288,0.8509722222222221,0.5304166666666666,0.8804847602148035,0.741079055907672,0.5648842917251051,0.3107088122605364,0.9543473728106756,0.8374974120082816
lgd2_early_fusion_virchow2,all_samples,biopsy_max,NextBiopsyProgression_LGD2plus,HGD/IMC/OAC or two consecutive LGD biopsies,5-fold patient-disjoint CV,multimodal,early_mean_mlp; early_mean_mlp_timev1,model_name=early_mean_mlp_timev1; cnv_variant=windows_armdiff_plus_arms_plus_cx; cnv_mask_name=none; instance_k=0; subsample_mode=uniform; embed_pca_dim=0,early_fusion,virchow2+cnv_anchor,prediction.patient_id; sample_id->basename(CNVAbsPath) for timing/biopsy,10,0,0.7546785095804703,0.4779722561988457,0.6997792494481236,0.6636919725155019,0.5980392156862745,0.7293447293447294,0.391025641025641,0.8619528619528619,61,95,256,41,61,41,1.5573770491803278,0.1923005976023886,0.17761952790940708,0.39215686274509803,0.6960163712501526,0.29411764705882354,0.8016385436058044,0.42165242165242167,0.2822785973548889,0.2905982905982906,0.1903674453496933,0.5,453,155,55,100,,,,,,,,,,,,
lgd2_early_fusion_virchow2,all_samples,biopsy_mean,NextBiopsyProgression_LGD2plus,HGD/IMC/OAC or two consecutive LGD biopsies,5-fold patient-disjoint CV,multimodal,early_mean_mlp; early_mean_mlp_timev1,model_name=early_mean_mlp_timev1; cnv_variant=windows_armdiff_plus_arms_plus_cx; cnv_mask_name=none; instance_k=0; subsample_mode=uniform; embed_pca_dim=0,early_fusion,virchow2+cnv_anchor,prediction.patient_id; sample_id->basename(CNVAbsPath) for timing/biopsy,10,0,0.7202390927881124,0.43570540612368314,0.7086092715231788,0.6415703033350093,0.5196078431372549,0.7635327635327636,0.3897058823529412,0.8454258675078864,53,83,268,49,53,49,1.5660377358490567,0.19085222807953064,0.15721351157063385,0.3333333333333333,0.675106406211853,0.21568627450980393,0.7591382265090942,0.3789173789173789,0.2419855723467966,0.21367521367521367,0.10720448568463321,0.5,453,155,55,100,,,,,,,,,,,,
lgd2_early_fusion_virchow2,all_samples,sample,NextBiopsyProgression_LGD2plus,HGD/IMC/OAC or two consecutive LGD biopsies,5-fold patient-disjoint CV,multimodal,early_mean_mlp; early_mean_mlp_timev1,model_name=early_mean_mlp_timev1; cnv_variant=windows_armdiff_plus_arms_plus_cx; cnv_mask_name=none; instance_k=0; subsample_mode=uniform; embed_pca_dim=0,early_fusion,virchow2+cnv_anchor,prediction.patient_id; sample_id->basename(CNVAbsPath) for timing/biopsy,10,0,0.6990758290741298,0.44269720825052356,0.6976744186046512,0.6392007947608529,0.5221238938053098,0.7562776957163959,0.4169611307420495,0.8258064516129032,118,165,512,108,118,108,1.3983050847457628,0.20164142651299596,0.16417552168625088,0.35398230088495575,0.6794809103012085,0.20353982300884957,0.7707591652870178,0.22156573116691286,0.0838595703244209,0.11225997045790251,0.01846887730062,0.5,903,155,55,100,,,,,,,,,,,,
lgd2_intermediate_fusion_gigapath,all_samples,patient_max,NextBiopsyProgression_LGD2plus,HGD/IMC/OAC or two consecutive LGD biopsies,5-fold patient-disjoint CV,multimodal,intermediate_abmil_cnv,model_name=intermediate_abmil_cnv; cnv_variant=windows_armdiff_plus_arms_plus_cx; cnv_mask_name=none; instance_k=0; subsample_mode=uniform; embed_pca_dim=0,intermediate_fusion,gigapath+cnv_anchor,prediction.patient_id; sample_id->basename(CNVAbsPath) for timing/biopsy,5,0,0.8867272727272727,0.8384153022984759,0.7096774193548387,0.7586363636363636,0.9272727272727272,0.59,0.5543478260869565,0.9365079365079365,51,41,59,4,51,4,0.803921568627451,0.18981290512958018,0.21685010284906436,0.7090909090909091,0.7949957847595215,0.6727272727272727,0.8429042100906372,0.66,0.5556746125221252,0.49,0.4293931722640991,0.5,155,155,55,100,0.9224944078344385,0.7457540280717316,0.9851898595258999,0.8759134615384615,0.6612936281207303,0.4530058651026393,0.9401913650075414,0.8266553259335885,0.9841269841269841,0.8571428571428571,0.6845108695652175,0.5022619047619048
lgd2_intermediate_fusion_gigapath,all_samples,patient_mean,NextBiopsyProgression_LGD2plus,HGD/IMC/OAC or two consecutive LGD biopsies,5-fold patient-disjoint CV,multimodal,intermediate_abmil_cnv,model_name=intermediate_abmil_cnv; cnv_variant=windows_armdiff_plus_arms_plus_cx; cnv_mask_name=none; instance_k=0; subsample_mode=uniform; embed_pca_dim=0,intermediate_fusion,gigapath+cnv_anchor,prediction.patient_id; sample_id->basename(CNVAbsPath) for timing/biopsy,5,0,0.8323636363636364,0.7410388019739221,0.7483870967741936,0.6986363636363636,0.5272727272727272,0.87,0.6904761904761905,0.7699115044247787,29,13,87,26,29,26,0.4482758620689655,0.1582037212050701,0.08630032552046396,0.5272727272727272,0.5142529557148615,0.36363636363636365,0.64047621935606,0.59,0.2763740569353103,0.48,0.2366323323299487,0.5,155,155,55,100,0.843675541716631,0.635895597334709,0.8441551361106934,0.696633837021047,0.8181818181818182,0.5475,0.8917996492320779,0.760511286257623,0.6605542452830189,0.39093552675307414,0.92671875,0.8066257331378298
lgd2_intermediate_fusion_gigapath,all_samples,biopsy_max,NextBiopsyProgression_LGD2plus,HGD/IMC/OAC or two consecutive LGD biopsies,5-fold patient-disjoint CV,multimodal,intermediate_abmil_cnv,model_name=intermediate_abmil_cnv; cnv_variant=windows_armdiff_plus_arms_plus_cx; cnv_mask_name=none; instance_k=0; subsample_mode=uniform; embed_pca_dim=0,intermediate_fusion,gigapath+cnv_anchor,prediction.patient_id; sample_id->basename(CNVAbsPath) for timing/biopsy,5,0,0.7725266744874588,0.5382060232969038,0.7086092715231788,0.7215518686106921,0.7450980392156863,0.698005698005698,0.4175824175824176,0.9040590405904059,76,106,245,26,76,26,1.394736842105263,0.20547171266881814,0.22632381743874821,0.5294117647058824,0.8048281669616699,0.35294117647058826,0.8887289762496948,0.22507122507122507,0.121006466448307,0.14245014245014245,0.0680242255330085,0.5,453,155,55,100,,,,,,,,,,,,
lgd2_intermediate_fusion_gigapath,all_samples,biopsy_mean,NextBiopsyProgression_LGD2plus,HGD/IMC/OAC or two consecutive LGD biopsies,5-fold patient-disjoint CV,multimodal,intermediate_abmil_cnv,model_name=intermediate_abmil_cnv; cnv_variant=windows_armdiff_plus_arms_plus_cx; cnv_mask_name=none; instance_k=0; subsample_mode=uniform; embed_pca_dim=0,intermediate_fusion,gigapath+cnv_anchor,prediction.patient_id; sample_id->basename(CNVAbsPath) for timing/biopsy,5,0,0.7562985308083348,0.4896630882860996,0.7549668874172185,0.7201692642869113,0.6568627450980392,0.7834757834757835,0.46853146853146854,0.8870967741935484,67,76,275,35,67,35,1.1343283582089552,0.17991113666199512,0.16529262939124986,0.43137254901960786,0.7337107360363007,0.30392156862745096,0.823972741762797,0.27350427350427353,0.121006466448307,0.13675213675213677,0.0621057897806167,0.5,453,155,55,100,,,,,,,,,,,,
lgd2_intermediate_fusion_gigapath,all_samples,sample,NextBiopsyProgression_LGD2plus,HGD/IMC/OAC or two consecutive LGD biopsies,5-fold patient-disjoint CV,multimodal,intermediate_abmil_cnv,model_name=intermediate_abmil_cnv; cnv_variant=windows_armdiff_plus_arms_plus_cx; cnv_mask_name=none; instance_k=0; subsample_mode=uniform; embed_pca_dim=0,intermediate_fusion,gigapath+cnv_anchor,prediction.patient_id; sample_id->basename(CNVAbsPath) for timing/biopsy,5,0,0.7508594658893348,0.5062774982734112,0.7464008859357697,0.7144383733545967,0.6504424778761062,0.7784342688330872,0.494949494949495,0.8696369636963697,147,150,527,79,147,79,1.0204081632653061,0.18858075316737277,0.16030977754998058,0.39823008849557523,0.7706092596054077,0.22123893805309736,0.875522255897522,0.22304283604135894,0.0823512598872184,0.17725258493353027,0.062843807041645,0.5,903,155,55,100,,,,,,,,,,,,
lgd2_intermediate_fusion_uni2,all_samples,patient_max,NextBiopsyProgression_LGD2plus,HGD/IMC/OAC or two consecutive LGD biopsies,5-fold patient-disjoint CV,multimodal,intermediate_abmil_cnv,model_name=intermediate_abmil_cnv; cnv_variant=windows_armdiff_plus_arms_plus_cx; cnv_mask_name=none; instance_k=0; subsample_mode=uniform; embed_pca_dim=0,intermediate_fusion,uni2+cnv_anchor,prediction.patient_id; sample_id->basename(CNVAbsPath) for timing/biopsy,5,0,0.8894545454545455,0.7956320969963739,0.7548387096774194,0.7854545454545454,0.8909090909090909,0.68,0.6049382716049383,0.918918918918919,49,32,68,6,49,6,0.6530612244897959,0.16325967453206125,0.18160598244397871,0.7272727272727273,0.6825326085090637,0.6,0.7808235883712769,0.66,0.4831191301345825,0.54,0.383990615606308,0.5,155,155,55,100,0.9074966019008869,0.6875226184539726,0.9727971121806739,0.8533333333333334,0.7142857142857143,0.5058786871624429,0.9385027217522577,0.8373487348734874,0.9629629629629629,0.8079109062980031,0.7744336569579287,0.5904318181818182
lgd2_intermediate_fusion_uni2,all_samples,patient_mean,NextBiopsyProgression_LGD2plus,HGD/IMC/OAC or two consecutive LGD biopsies,5-fold patient-disjoint CV,multimodal,intermediate_abmil_cnv,model_name=intermediate_abmil_cnv; cnv_variant=windows_armdiff_plus_arms_plus_cx; cnv_mask_name=none; instance_k=0; subsample_mode=uniform; embed_pca_dim=0,intermediate_fusion,uni2+cnv_anchor,prediction.patient_id; sample_id->basename(CNVAbsPath) for timing/biopsy,5,0,0.8427272727272728,0.7704012700328164,0.7806451612903226,0.7277272727272728,0.5454545454545454,0.91,0.7692307692307693,0.7844827586206896,30,9,91,25,30,25,0.3,0.15532525760210336,0.06470312984125708,0.5454545454545454,0.49991193413734436,0.509090909090909,0.5309120237827301,0.54,0.23912407954533887,0.42,0.19274597366650892,0.5,155,155,55,100,0.8593057007251982,0.6625358998895002,0.8565999999999999,0.7088408119658121,0.9052336028751123,0.6451612903225806,0.8951238638981339,0.7822995597329989,0.6809545454545454,0.4173863636363636,0.9603960396039604,0.8518592484248425
lgd2_intermediate_fusion_uni2,all_samples,biopsy_max,NextBiopsyProgression_LGD2plus,HGD/IMC/OAC or two consecutive LGD biopsies,5-fold patient-disjoint CV,multimodal,intermediate_abmil_cnv,model_name=intermediate_abmil_cnv; cnv_variant=windows_armdiff_plus_arms_plus_cx; cnv_mask_name=none; instance_k=0; subsample_mode=uniform; embed_pca_dim=0,intermediate_fusion,uni2+cnv_anchor,prediction.patient_id; sample_id->basename(CNVAbsPath) for timing/biopsy,5,0,0.7930562538405675,0.5351019846930946,0.7218543046357616,0.7196664990782637,0.7156862745098039,0.7236467236467237,0.4294117647058823,0.8975265017667845,73,97,254,29,73,29,1.3287671232876712,0.18840014888312456,0.20643330884122885,0.47058823529411764,0.7192830443382263,0.3333333333333333,0.8329542279243469,0.41025641025641024,0.2665293514728546,0.33618233618233617,0.2243685275316238,0.5,453,155,55,100,,,,,,,,,,,,
lgd2_intermediate_fusion_uni2,all_samples,biopsy_mean,NextBiopsyProgression_LGD2plus,HGD/IMC/OAC or two consecutive LGD biopsies,5-fold patient-disjoint CV,multimodal,intermediate_abmil_cnv,model_name=intermediate_abmil_cnv; cnv_variant=windows_armdiff_plus_arms_plus_cx; cnv_mask_name=none; instance_k=0; subsample_mode=uniform; embed_pca_dim=0,intermediate_fusion,uni2+cnv_anchor,prediction.patient_id; sample_id->basename(CNVAbsPath) for timing/biopsy,5,0,0.7809340260320653,0.5109683303469835,0.7593818984547461,0.7056309703368526,0.6078431372549019,0.8034188034188035,0.4732824427480916,0.8757763975155279,62,69,282,40,62,40,1.1129032258064515,0.17031194339141326,0.15141443072094837,0.4117647058823529,0.6682196855545044,0.24509803921568626,0.7684574723243713,0.4358974358974359,0.2243685275316238,0.3190883190883191,0.179934274405241,0.5,453,155,55,100,,,,,,,,,,,,
lgd2_intermediate_fusion_uni2,all_samples,sample,NextBiopsyProgression_LGD2plus,HGD/IMC/OAC or two consecutive LGD biopsies,5-fold patient-disjoint CV,multimodal,intermediate_abmil_cnv,model_name=intermediate_abmil_cnv; cnv_variant=windows_armdiff_plus_arms_plus_cx; cnv_mask_name=none; instance_k=0; subsample_mode=uniform; embed_pca_dim=0,intermediate_fusion,uni2+cnv_anchor,prediction.patient_id; sample_id->basename(CNVAbsPath) for timing/biopsy,5,0,0.7493170023921256,0.4966192815275642,0.7386489479512736,0.6842132782578005,0.5752212389380531,0.793205317577548,0.48148148148148145,0.8483412322274881,130,140,537,96,130,96,1.0769230769230769,0.1821858058718974,0.1224214255671581,0.4026548672566372,0.6660800576210022,0.2345132743362832,0.802290141582489,0.36336779911373707,0.174947902560234,0.23338257016248154,0.1141414567828178,0.5,903,155,55,100,,,,,,,,,,,,
lgd2_intermediate_fusion_virchow2,all_samples,patient_max,NextBiopsyProgression_LGD2plus,HGD/IMC/OAC or two consecutive LGD biopsies,5-fold patient-disjoint CV,multimodal,intermediate_abmil_cnv,model_name=intermediate_abmil_cnv; cnv_variant=windows_armdiff_plus_arms_plus_cx; cnv_mask_name=none; instance_k=0; subsample_mode=uniform; embed_pca_dim=0,intermediate_fusion,virchow2+cnv_anchor,prediction.patient_id; sample_id->basename(CNVAbsPath) for timing/biopsy,5,0,0.8578181818181818,0.748310992640131,0.7483870967741936,0.7804545454545455,0.8909090909090909,0.67,0.5975609756097561,0.9178082191780822,49,33,67,6,49,6,0.673469387755102,0.18700249849499462,0.19359914628007716,0.5818181818181818,0.8088290095329285,0.5454545454545454,0.8846271634101868,0.6,0.4765011966228485,0.44,0.3378942310810089,0.5,155,155,55,100,0.8735042721170497,0.6254465874462339,0.9733333333333334,0.8529411764705882,0.7,0.4936708860759494,0.9169334073251941,0.7980377821432888,0.9629629629629629,0.8057126696832579,0.75,0.5791764705882353
lgd2_intermediate_fusion_virchow2,all_samples,patient_mean,NextBiopsyProgression_LGD2plus,HGD/IMC/OAC or two consecutive LGD biopsies,5-fold patient-disjoint CV,multimodal,intermediate_abmil_cnv,model_name=intermediate_abmil_cnv; cnv_variant=windows_armdiff_plus_arms_plus_cx; cnv_mask_name=none; instance_k=0; subsample_mode=uniform; embed_pca_dim=0,intermediate_fusion,virchow2+cnv_anchor,prediction.patient_id; sample_id->basename(CNVAbsPath) for timing/biopsy,5,0,0.7890909090909091,0.7161977416004216,0.7354838709677419,0.6681818181818182,0.43636363636363634,0.9,0.7058823529411765,0.743801652892562,24,10,90,31,24,31,0.4166666666666667,0.16991987795732597,0.055893249214290154,0.43636363636363634,0.5043984763324261,0.32727272727272727,0.5821648836135864,0.52,0.24125972815922322,0.25,0.12532273431619004,0.5,155,155,55,100,0.8140568640027144,0.6019738694396088,0.8185932601880878,0.6692913385826772,0.8608042635658915,0.5624609130706691,0.8601559484519881,0.7092109874569601,0.5714285714285714,0.30089622641509434,0.9547234195402299,0.8385386119257087
lgd2_intermediate_fusion_virchow2,all_samples,biopsy_max,NextBiopsyProgression_LGD2plus,HGD/IMC/OAC or two consecutive LGD biopsies,5-fold patient-disjoint CV,multimodal,intermediate_abmil_cnv,model_name=intermediate_abmil_cnv; cnv_variant=windows_armdiff_plus_arms_plus_cx; cnv_mask_name=none; instance_k=0; subsample_mode=uniform; embed_pca_dim=0,intermediate_fusion,virchow2+cnv_anchor,prediction.patient_id; sample_id->basename(CNVAbsPath) for timing/biopsy,5,0,0.7721914976816937,0.5080056586011428,0.7350993377483444,0.7143036701860231,0.6764705882352942,0.7521367521367521,0.4423076923076923,0.8888888888888888,69,87,264,33,69,33,1.2608695652173914,0.19450612371475898,0.20400640514122106,0.45098039215686275,0.787400484085083,0.35294117647058826,0.8939024806022644,0.4045584045584046,0.2110438644886016,0.1339031339031339,0.0576974749565124,0.5,453,155,55,100,,,,,,,,,,,,
lgd2_intermediate_fusion_virchow2,all_samples,biopsy_mean,NextBiopsyProgression_LGD2plus,HGD/IMC/OAC or two consecutive LGD biopsies,5-fold patient-disjoint CV,multimodal,intermediate_abmil_cnv,model_name=intermediate_abmil_cnv; cnv_variant=windows_armdiff_plus_arms_plus_cx; cnv_mask_name=none; instance_k=0; subsample_mode=uniform; embed_pca_dim=0,intermediate_fusion,virchow2+cnv_anchor,prediction.patient_id; sample_id->basename(CNVAbsPath) for timing/biopsy,5,0,0.7511591531199374,0.4684101874670118,0.7505518763796909,0.6825456678397854,0.5588235294117647,0.8062678062678063,0.456,0.8628048780487805,57,68,283,45,57,45,1.1929824561403508,0.17411284065082341,0.13556547823608786,0.4019607843137255,0.6406750440597534,0.18627450980392157,0.8312596678733826,0.301994301994302,0.12532273431619004,0.1452991452991453,0.0482151694595813,0.5,453,155,55,100,,,,,,,,,,,,
lgd2_intermediate_fusion_virchow2,all_samples,sample,NextBiopsyProgression_LGD2plus,HGD/IMC/OAC or two consecutive LGD biopsies,5-fold patient-disjoint CV,multimodal,intermediate_abmil_cnv,model_name=intermediate_abmil_cnv; cnv_variant=windows_armdiff_plus_arms_plus_cx; cnv_mask_name=none; instance_k=0; subsample_mode=uniform; embed_pca_dim=0,intermediate_fusion,virchow2+cnv_anchor,prediction.patient_id; sample_id->basename(CNVAbsPath) for timing/biopsy,5,0,0.7138795571299722,0.46017461971952245,0.743078626799557,0.6724291185736134,0.5309734513274337,0.8138847858197932,0.4878048780487805,0.8386605783866058,120,126,551,106,120,106,1.05,0.1939002533136274,0.1537299638634428,0.336283185840708,0.7352484464645386,0.23893805309734514,0.8735101819038391,0.206794682422452,0.051270131021738,0.12112259970457903,0.0176489762961864,0.5,903,155,55,100,,,,,,,,,,,,
lgd2_coattention_gigapath,all_samples,patient_max,NextBiopsyProgression_LGD2plus,HGD/IMC/OAC or two consecutive LGD biopsies,5-fold patient-disjoint CV,multimodal,coattn_abmil_cnv,model_name=coattn_abmil_cnv; cnv_variant=windows_armdiff_plus_arms_plus_cx; cnv_mask_name=none; instance_k=0; subsample_mode=uniform; embed_pca_dim=0,coattention,gigapath+cnv_anchor,prediction.patient_id; sample_id->basename(CNVAbsPath) for timing/biopsy,5,0,0.8514545454545455,0.7474196403311472,0.6580645161290323,0.7227272727272727,0.9454545454545454,0.5,0.5098039215686274,0.9433962264150944,52,50,50,3,52,3,0.9615384615384616,0.21412612720270907,0.23835018080088402,0.5818181818181818,0.8216748237609863,0.41818181818181815,0.9043810367584229,0.56,0.5434938669204712,0.46,0.4843373298645019,0.5,155,155,55,100,0.8545036996750796,0.6194048959639564,1.0,0.878648023549201,0.6158542039355993,0.41401763740771125,0.9101495560488346,0.7892445214924692,1.0,0.8834276018099547,0.5990100116206309,0.41408822615719165
lgd2_coattention_gigapath,all_samples,patient_mean,NextBiopsyProgression_LGD2plus,HGD/IMC/OAC or two consecutive LGD biopsies,5-fold patient-disjoint CV,multimodal,coattn_abmil_cnv,model_name=coattn_abmil_cnv; cnv_variant=windows_armdiff_plus_arms_plus_cx; cnv_mask_name=none; instance_k=0; subsample_mode=uniform; embed_pca_dim=0,coattention,gigapath+cnv_anchor,prediction.patient_id; sample_id->basename(CNVAbsPath) for timing/biopsy,5,0,0.8218181818181818,0.709108965190032,0.7677419354838709,0.7381818181818182,0.6363636363636364,0.84,0.6862745098039216,0.8076923076923077,35,16,84,20,35,20,0.45714285714285713,0.16468320827197527,0.07388768745410848,0.5636363636363636,0.5483534447848796,0.3090909090909091,0.6881632804870605,0.45,0.24527245817276144,0.4,0.22187749048074082,0.5,155,155,55,100,0.8158101515974351,0.5780962826648591,0.8773809523809524,0.7322981524956619,0.8063308302044221,0.5482843137254902,0.8796724137931035,0.7481518312752852,0.75,0.5041666666666667,0.9032666512488436,0.7638807890222985
lgd2_coattention_gigapath,all_samples,biopsy_max,NextBiopsyProgression_LGD2plus,HGD/IMC/OAC or two consecutive LGD biopsies,5-fold patient-disjoint CV,multimodal,coattn_abmil_cnv,model_name=coattn_abmil_cnv; cnv_variant=windows_armdiff_plus_arms_plus_cx; cnv_mask_name=none; instance_k=0; subsample_mode=uniform; embed_pca_dim=0,coattention,gigapath+cnv_anchor,prediction.patient_id; sample_id->basename(CNVAbsPath) for timing/biopsy,5,0,0.7618010167029775,0.4772203954826344,0.6754966887417219,0.7001843472431708,0.7450980392156863,0.6552706552706553,0.38578680203045684,0.8984375,76,121,230,26,76,26,1.5921052631578947,0.21739931257006337,0.23437359112892586,0.38235294117647056,0.8172544836997986,0.2647058823529412,0.9015676379203796,0.4358974358974359,0.2757268846035003,0.18518518518518517,0.1249169781804084,0.5,453,155,55,100,,,,,,,,,,,,
lgd2_coattention_gigapath,all_samples,biopsy_mean,NextBiopsyProgression_LGD2plus,HGD/IMC/OAC or two consecutive LGD biopsies,5-fold patient-disjoint CV,multimodal,coattn_abmil_cnv,model_name=coattn_abmil_cnv; cnv_variant=windows_armdiff_plus_arms_plus_cx; cnv_mask_name=none; instance_k=0; subsample_mode=uniform; embed_pca_dim=0,coattention,gigapath+cnv_anchor,prediction.patient_id; sample_id->basename(CNVAbsPath) for timing/biopsy,5,0,0.7536450477626948,0.4579794881987369,0.7328918322295805,0.7059242500418971,0.6568627450980392,0.7549857549857549,0.43790849673202614,0.8833333333333333,67,86,265,35,67,35,1.2835820895522387,0.1887057938824358,0.1699676635489808,0.4215686274509804,0.7001521190007528,0.14705882352941177,0.8514147400856018,0.33618233618233617,0.1754399240016937,0.21937321937321938,0.1249169781804084,0.5,453,155,55,100,,,,,,,,,,,,
lgd2_coattention_gigapath,all_samples,sample,NextBiopsyProgression_LGD2plus,HGD/IMC/OAC or two consecutive LGD biopsies,5-fold patient-disjoint CV,multimodal,coattn_abmil_cnv,model_name=coattn_abmil_cnv; cnv_variant=windows_armdiff_plus_arms_plus_cx; cnv_mask_name=none; instance_k=0; subsample_mode=uniform; embed_pca_dim=0,coattention,gigapath+cnv_anchor,prediction.patient_id; sample_id->basename(CNVAbsPath) for timing/biopsy,5,0,0.7444412491339982,0.489163947997731,0.7153931339977851,0.6922850681690436,0.6460176991150443,0.7385524372230429,0.4520123839009288,0.8620689655172413,146,177,500,80,146,80,1.2123287671232876,0.19646702141120176,0.1612646768492536,0.3938053097345133,0.7511012554168701,0.24778761061946902,0.8547423481941223,0.276218611521418,0.1249169781804084,0.18020679468242246,0.0843075513839721,0.5,903,155,55,100,,,,,,,,,,,,
lgd2_coattention_uni2,all_samples,patient_max,NextBiopsyProgression_LGD2plus,HGD/IMC/OAC or two consecutive LGD biopsies,5-fold patient-disjoint CV,multimodal,coattn_abmil_cnv,model_name=coattn_abmil_cnv; cnv_variant=windows_armdiff_plus_arms_plus_cx; cnv_mask_name=none; instance_k=0; subsample_mode=uniform; embed_pca_dim=0,coattention,uni2+cnv_anchor,prediction.patient_id; sample_id->basename(CNVAbsPath) for timing/biopsy,5,0,0.8894545454545455,0.7912985428474645,0.7677419354838709,0.7913636363636363,0.8727272727272727,0.71,0.6233766233766234,0.9102564102564102,48,29,71,7,48,7,0.6041666666666666,0.15893135444566503,0.1790634914992317,0.7636363636363637,0.6767991185188293,0.7090909090909091,0.740217387676239,0.54,0.4049215614795685,0.47,0.3257549405097961,0.5,155,155,55,100,0.9197228156118864,0.6784486775787811,0.9655386649041638,0.84,0.7361111111111112,0.5187412095639944,0.9425798279827983,0.8291241918813206,0.9508216594827585,0.776772030651341,0.8037771939528023,0.6211982626469086
lgd2_coattention_uni2,all_samples,patient_mean,NextBiopsyProgression_LGD2plus,HGD/IMC/OAC or two consecutive LGD biopsies,5-fold patient-disjoint CV,multimodal,coattn_abmil_cnv,model_name=coattn_abmil_cnv; cnv_variant=windows_armdiff_plus_arms_plus_cx; cnv_mask_name=none; instance_k=0; subsample_mode=uniform; embed_pca_dim=0,coattention,uni2+cnv_anchor,prediction.patient_id; sample_id->basename(CNVAbsPath) for timing/biopsy,5,0,0.8618181818181818,0.7939553900450128,0.7677419354838709,0.7013636363636364,0.4727272727272727,0.93,0.7878787878787878,0.7622950819672131,26,7,93,29,26,29,0.2692307692307692,0.14845734780181183,0.08831088085678687,0.5454545454545454,0.46121571958065033,0.45454545454545453,0.5442607402801514,0.62,0.2524650870511929,0.37,0.17383122195800138,0.5,155,155,55,100,0.875637132386613,0.693755290914745,0.8373983739837398,0.684853160246861,0.9221153846153846,0.6460626185958255,0.9145027404207764,0.7980585628762654,0.6075105042016806,0.34000401445202727,0.9788474462365591,0.8799279927992799
lgd2_coattention_uni2,all_samples,biopsy_max,NextBiopsyProgression_LGD2plus,HGD/IMC/OAC or two consecutive LGD biopsies,5-fold patient-disjoint CV,multimodal,coattn_abmil_cnv,model_name=coattn_abmil_cnv; cnv_variant=windows_armdiff_plus_arms_plus_cx; cnv_mask_name=none; instance_k=0; subsample_mode=uniform; embed_pca_dim=0,coattention,uni2+cnv_anchor,prediction.patient_id; sample_id->basename(CNVAbsPath) for timing/biopsy,5,0,0.786771688732473,0.5481643897558078,0.7549668874172185,0.7375565610859729,0.7058823529411765,0.7692307692307693,0.47058823529411764,0.9,72,81,270,30,72,30,1.125,0.18087762077806327,0.18950941450441583,0.4803921568627451,0.7093760967254639,0.37254901960784315,0.8282919526100159,0.31054131054131057,0.1978024840354919,0.1908831908831909,0.1352977305650711,0.5,453,155,55,100,,,,,,,,,,,,
lgd2_coattention_uni2,all_samples,biopsy_mean,NextBiopsyProgression_LGD2plus,HGD/IMC/OAC or two consecutive LGD biopsies,5-fold patient-disjoint CV,multimodal,coattn_abmil_cnv,model_name=coattn_abmil_cnv; cnv_variant=windows_armdiff_plus_arms_plus_cx; cnv_mask_name=none; instance_k=0; subsample_mode=uniform; embed_pca_dim=0,coattention,uni2+cnv_anchor,prediction.patient_id; sample_id->basename(CNVAbsPath) for timing/biopsy,5,0,0.774733255125412,0.5251380215413527,0.7726269315673289,0.7072230601642366,0.5882352941176471,0.8262108262108262,0.49586776859504134,0.8734939759036144,60,61,290,42,60,42,1.0166666666666666,0.1634207166687486,0.13098338002014073,0.38235294117647056,0.6348569095134735,0.30392156862745096,0.7358770668506622,0.3418803418803419,0.1686192899942398,0.21652421652421652,0.13255421817302698,0.5,453,155,55,100,,,,,,,,,,,,
lgd2_coattention_uni2,all_samples,sample,NextBiopsyProgression_LGD2plus,HGD/IMC/OAC or two consecutive LGD biopsies,5-fold patient-disjoint CV,multimodal,coattn_abmil_cnv,model_name=coattn_abmil_cnv; cnv_variant=windows_armdiff_plus_arms_plus_cx; cnv_mask_name=none; instance_k=0; subsample_mode=uniform; embed_pca_dim=0,coattention,uni2+cnv_anchor,prediction.patient_id; sample_id->basename(CNVAbsPath) for timing/biopsy,5,0,0.7558724722552647,0.520418916063751,0.7641196013289037,0.7070953320871622,0.5929203539823009,0.8212703101920237,0.5254901960784314,0.8580246913580247,134,121,556,92,134,92,0.9029850746268657,0.173572300605771,0.11645404503351761,0.40707964601769914,0.6558583378791809,0.2831858407079646,0.7898854613304138,0.28508124076809455,0.1352977305650711,0.17725258493353027,0.0993906632065773,0.5,903,155,55,100,,,,,,,,,,,,
lgd2_coattention_virchow2,all_samples,patient_max,NextBiopsyProgression_LGD2plus,HGD/IMC/OAC or two consecutive LGD biopsies,5-fold patient-disjoint CV,multimodal,coattn_abmil_cnv,model_name=coattn_abmil_cnv; cnv_variant=windows_armdiff_plus_arms_plus_cx; cnv_mask_name=none; instance_k=0; subsample_mode=uniform; embed_pca_dim=0,coattention,virchow2+cnv_anchor,prediction.patient_id; sample_id->basename(CNVAbsPath) for timing/biopsy,5,0,0.852,0.738685850904515,0.6838709677419355,0.7345454545454546,0.9090909090909091,0.56,0.5319148936170213,0.9180327868852459,50,44,56,5,50,5,0.88,0.1999874726735787,0.2133965380940466,0.6,0.7651544809341431,0.509090909090909,0.8583590388298035,0.58,0.5137375593185425,0.34,0.3721122145652771,0.5,155,155,55,100,0.8709083004793773,0.6173282707228213,0.9829120397428405,0.8442618534482759,0.63692929964539,0.4324122807017544,0.9130400432900433,0.7829724674663352,0.9819886363636363,0.8252860411899313,0.6520498894549649,0.46426377173799854
lgd2_coattention_virchow2,all_samples,patient_mean,NextBiopsyProgression_LGD2plus,HGD/IMC/OAC or two consecutive LGD biopsies,5-fold patient-disjoint CV,multimodal,coattn_abmil_cnv,model_name=coattn_abmil_cnv; cnv_variant=windows_armdiff_plus_arms_plus_cx; cnv_mask_name=none; instance_k=0; subsample_mode=uniform; embed_pca_dim=0,coattention,virchow2+cnv_anchor,prediction.patient_id; sample_id->basename(CNVAbsPath) for timing/biopsy,5,0,0.7692727272727272,0.7252509821333311,0.7483870967741936,0.7068181818181818,0.5636363636363636,0.85,0.6739130434782609,0.7798165137614679,31,15,85,24,31,24,0.4838709677419355,0.17921435658524745,0.1048103365483408,0.509090909090909,0.5409664511680603,0.43636363636363634,0.5849176777733697,0.27,0.20228261345376564,0.17,0.15478070755489165,0.5,155,155,55,100,0.8201432298505009,0.6276703034808989,0.8525654094461433,0.706595685840708,0.8,0.546482683982684,0.8479164862914863,0.6914992890152861,0.6969442165709597,0.42718253968253966,0.9137329404466501,0.7880200945626478
lgd2_coattention_virchow2,all_samples,biopsy_max,NextBiopsyProgression_LGD2plus,HGD/IMC/OAC or two consecutive LGD biopsies,5-fold patient-disjoint CV,multimodal,coattn_abmil_cnv,model_name=coattn_abmil_cnv; cnv_variant=windows_armdiff_plus_arms_plus_cx; cnv_mask_name=none; instance_k=0; subsample_mode=uniform; embed_pca_dim=0,coattention,virchow2+cnv_anchor,prediction.patient_id; sample_id->basename(CNVAbsPath) for timing/biopsy,5,0,0.7327244288028602,0.48037333407097843,0.6754966887417219,0.6862745098039216,0.7058823529411765,0.6666666666666666,0.38095238095238093,0.8863636363636364,72,117,234,30,72,30,1.625,0.2177805106193256,0.2537242708349689,0.45098039215686275,0.7499707937240601,0.3431372549019608,0.8412787318229675,0.1396011396011396,0.1350114047527313,0.05698005698005698,0.0394660755991935,0.5,453,155,55,100,,,,,,,,,,,,
lgd2_coattention_virchow2,all_samples,biopsy_mean,NextBiopsyProgression_LGD2plus,HGD/IMC/OAC or two consecutive LGD biopsies,5-fold patient-disjoint CV,multimodal,coattn_abmil_cnv,model_name=coattn_abmil_cnv; cnv_variant=windows_armdiff_plus_arms_plus_cx; cnv_mask_name=none; instance_k=0; subsample_mode=uniform; embed_pca_dim=0,coattention,virchow2+cnv_anchor,prediction.patient_id; sample_id->basename(CNVAbsPath) for timing/biopsy,5,0,0.7162449025194123,0.46168218513182147,0.7218543046357616,0.6883693648399531,0.6274509803921569,0.7492877492877493,0.42105263157894735,0.8737541528239202,64,88,263,38,64,38,1.375,0.19408304964353948,0.19589214047752868,0.39215686274509803,0.6559827923774719,0.2647058823529412,0.7695476710796356,0.15384615384615385,0.1138350922459115,0.05982905982905983,0.0394660755991935,0.5,453,155,55,100,,,,,,,,,,,,
lgd2_coattention_virchow2,all_samples,sample,NextBiopsyProgression_LGD2plus,HGD/IMC/OAC or two consecutive LGD biopsies,5-fold patient-disjoint CV,multimodal,coattn_abmil_cnv,model_name=coattn_abmil_cnv; cnv_variant=windows_armdiff_plus_arms_plus_cx; cnv_mask_name=none; instance_k=0; subsample_mode=uniform; embed_pca_dim=0,coattention,virchow2+cnv_anchor,prediction.patient_id; sample_id->basename(CNVAbsPath) for timing/biopsy,5,0,0.7058992692905975,0.4726871462856468,0.7065337763012182,0.6716382792381799,0.6017699115044248,0.741506646971935,0.43729903536977494,0.847972972972973,136,175,502,90,136,90,1.286764705882353,0.20263542618892305,0.17499097048338236,0.38495575221238937,0.7052212357521057,0.23893805309734514,0.8241259455680847,0.17725258493353027,0.1123925521969795,0.07976366322008863,0.0424124002456665,0.5,903,155,55,100,,,,,,,,,,,,
lgd2_late_fusion_uni2,all_samples,patient_max,NextBiopsyProgression_LGD2plus,HGD/IMC/OAC or two consecutive LGD biopsies,5-fold patient-disjoint CV,multimodal,mean; stack_logit,fusion_method=mean,late_fusion,uni2+cnv_anchor,prediction.patient_id; sample_id->basename(CNVAbsPath) for timing/biopsy,1,0,0.8643636363636363,0.7806117986618156,0.7741935483870968,0.7554545454545454,0.6909090909090909,0.82,0.6785714285714286,0.8282828282828283,38,18,82,17,38,17,0.47368421052631576,0.16951394774964013,0.17216024242424,0.5818181818181818,0.5404700831185566,0.4909090909090909,0.5744671730412932,0.63,0.425724905644406,0.54,0.3777663305295978,0.5,155,155,55,100,0.8884789209845505,0.6635831628499239,0.8985003092145949,0.7584217506631299,0.7982407407407407,0.5584664276401564,0.9211130797290256,0.8044443002787095,0.8173005565862709,0.5596440677966101,0.8964285714285714,0.7474747474747475
lgd2_late_fusion_uni2,all_samples,patient_mean,NextBiopsyProgression_LGD2plus,HGD/IMC/OAC or two consecutive LGD biopsies,5-fold patient-disjoint CV,multimodal,mean; stack_logit,fusion_method=mean,late_fusion,uni2+cnv_anchor,prediction.patient_id; sample_id->basename(CNVAbsPath) for timing/biopsy,1,0,0.8307272727272728,0.7362181477042532,0.7290322580645161,0.6345454545454545,0.3090909090909091,0.96,0.8095238095238095,0.7164179104477612,17,4,96,38,17,38,0.23529411764705882,0.1762133069292584,0.12092424566456118,0.4727272727272727,0.4372999354422924,0.41818181818181815,0.47390771443553037,0.58,0.29064337168733484,0.47,0.26482120627164835,0.5,155,155,55,100,0.8334540501815442,0.6133906346656053,0.7925925925925926,0.6429884453781513,0.9583333333333334,0.625,0.8891830465162811,0.7641248491704374,0.4287854030501088,0.18623374063854947,0.9906996365524403,0.92
lgd2_late_fusion_uni2,all_samples,biopsy_max,NextBiopsyProgression_LGD2plus,HGD/IMC/OAC or two consecutive LGD biopsies,5-fold patient-disjoint CV,multimodal,mean; stack_logit,fusion_method=mean,late_fusion,uni2+cnv_anchor,prediction.patient_id; sample_id->basename(CNVAbsPath) for timing/biopsy,1,0,0.778392268588347,0.5216263823812216,0.7615894039735099,0.672280878163231,0.5098039215686274,0.8347578347578347,0.4727272727272727,0.8542274052478134,52,58,293,50,52,50,1.1153846153846154,0.16936365069788284,0.16002002441022142,0.43137254901960786,0.5512988533641767,0.3431372549019608,0.6195700818844287,0.4358974358974359,0.3090659401756184,0.37037037037037035,0.285556953049402,0.5,453,155,55,100,,,,,,,,,,,,
lgd2_late_fusion_uni2,all_samples,biopsy_mean,NextBiopsyProgression_LGD2plus,HGD/IMC/OAC or two consecutive LGD biopsies,5-fold patient-disjoint CV,multimodal,mean; stack_logit,fusion_method=mean,late_fusion,uni2+cnv_anchor,prediction.patient_id; sample_id->basename(CNVAbsPath) for timing/biopsy,1,0,0.7772191497681694,0.4859175230738015,0.7770419426048565,0.6440003351768058,0.4019607843137255,0.886039886039886,0.5061728395061729,0.8360215053763441,41,40,311,61,41,61,0.975609756097561,0.16165269431091622,0.12838406212163606,0.38235294117647056,0.5282305664004173,0.21568627450980393,0.5972891499681944,0.4672364672364672,0.2876286669658175,0.4301994301994302,0.2681222470400752,0.5,453,155,55,100,,,,,,,,,,,,
lgd2_late_fusion_uni2,all_samples,sample,NextBiopsyProgression_LGD2plus,HGD/IMC/OAC or two consecutive LGD biopsies,5-fold patient-disjoint CV,multimodal,mean; stack_logit,fusion_method=mean,late_fusion,uni2+cnv_anchor,prediction.patient_id; sample_id->basename(CNVAbsPath) for timing/biopsy,1,0,0.7581861675010784,0.5071847363196129,0.7663344407530454,0.6496189592292911,0.415929203539823,0.8833087149187593,0.5433526011560693,0.8191780821917808,94,79,598,132,94,132,0.8404255319148937,0.16788504884860178,0.10094956879478138,0.3805309734513274,0.5267734279837725,0.252212389380531,0.5953677273952294,0.4534711964549483,0.2678474837105791,0.35893648449039883,0.2368104990666452,0.5,903,155,55,100,,,,,,,,,,,,
lgd2_late_fusion_uni2,all_samples,patient_max,NextBiopsyProgression_LGD2plus,HGD/IMC/OAC or two consecutive LGD biopsies,5-fold patient-disjoint CV,multimodal,mean; stack_logit,fusion_method=stack_logit,late_fusion,uni2+cnv_anchor,prediction.patient_id; sample_id->basename(CNVAbsPath) for timing/biopsy,1,0,0.8274545454545454,0.7407499053889915,0.7612903225806451,0.6881818181818181,0.43636363636363634,0.94,0.8,0.752,24,6,94,31,24,31,0.25,0.16478500690250183,0.10783028303786066,0.509090909090909,0.4732314799415262,0.43636363636363634,0.5133245996926704,0.59,0.2782055855071667,0.5,0.2270336183344461,0.5,155,155,55,100,0.8489903527720097,0.6276785873797551,0.8221649162290573,0.6772265625,0.9322004608294929,0.6494884910485934,0.8927511551155115,0.7644143814211493,0.5714285714285714,0.30169642857142853,0.9805825242718447,0.8876861397479954
lgd2_late_fusion_uni2,all_samples,patient_mean,NextBiopsyProgression_LGD2plus,HGD/IMC/OAC or two consecutive LGD biopsies,5-fold patient-disjoint CV,multimodal,mean; stack_logit,fusion_method=stack_logit,late_fusion,uni2+cnv_anchor,prediction.patient_id; sample_id->basename(CNVAbsPath) for timing/biopsy,1,0,0.7898181818181819,0.6901262640910268,0.7096774193548387,0.595,0.2,0.99,0.9166666666666666,0.6923076923076923,11,1,99,44,11,44,0.09090909090909091,0.19538999084938716,0.11689395583266793,0.4,0.34646975393032725,0.34545454545454546,0.3931859625893751,0.51,0.16652900412815239,0.49,0.16137598617941856,0.5,155,155,55,100,0.796003757908048,0.5652818001344506,0.7690710616438355,0.6188677629325111,1.0,0.75,0.8595666666666667,0.7115976143723092,0.3090848806366047,0.10344827586206896,1.0,0.967391304347826
lgd2_late_fusion_uni2,all_samples,biopsy_max,NextBiopsyProgression_LGD2plus,HGD/IMC/OAC or two consecutive LGD biopsies,5-fold patient-disjoint CV,multimodal,mean; stack_logit,fusion_method=stack_logit,late_fusion,uni2+cnv_anchor,prediction.patient_id; sample_id->basename(CNVAbsPath) for timing/biopsy,1,0,0.7429193899782135,0.47392525538623415,0.7880794701986755,0.640690464219876,0.37254901960784315,0.9088319088319088,0.5428571428571428,0.8328981723237598,38,32,319,64,38,64,0.8421052631578947,0.15373504683624015,0.059081868635616326,0.37254901960784315,0.488915218263144,0.30392156862745096,0.5592314766307979,0.3732193732193732,0.1589915175232133,0.25925925925925924,0.1291159794577479,0.5,453,155,55,100,,,,,,,,,,,,
lgd2_late_fusion_uni2,all_samples,biopsy_mean,NextBiopsyProgression_LGD2plus,HGD/IMC/OAC or two consecutive LGD biopsies,5-fold patient-disjoint CV,multimodal,mean; stack_logit,fusion_method=stack_logit,late_fusion,uni2+cnv_anchor,prediction.patient_id; sample_id->basename(CNVAbsPath) for timing/biopsy,1,0,0.7351823920451371,0.44722797768907024,0.7858719646799117,0.6010139098374393,0.2647058823529412,0.9373219373219374,0.5510204081632653,0.8143564356435643,27,22,329,75,27,75,0.8148148148148148,0.15364760282286885,0.034519177353825564,0.37254901960784315,0.4246139286588549,0.22549019607843138,0.5480108636459463,0.3732193732193732,0.1435876844302719,0.2905982905982906,0.1215553286665806,0.5,453,155,55,100,,,,,,,,,,,,
lgd2_late_fusion_uni2,all_samples,sample,NextBiopsyProgression_LGD2plus,HGD/IMC/OAC or two consecutive LGD biopsies,5-fold patient-disjoint CV,multimodal,mean; stack_logit,fusion_method=stack_logit,late_fusion,uni2+cnv_anchor,prediction.patient_id; sample_id->basename(CNVAbsPath) for timing/biopsy,1,0,0.7212912249513078,0.469389308255206,0.769656699889258,0.6076195082417224,0.2831858407079646,0.9320531757754801,0.5818181818181818,0.7957124842370744,64,46,631,162,64,162,0.71875,0.16473106938166626,0.027749383933995828,0.36283185840707965,0.4334468593466406,0.2345132743362832,0.5413634442560693,0.32200886262924666,0.1215553286665806,0.2481536189069424,0.1077824479244315,0.5,903,155,55,100,,,,,,,,,,,,
lgd2_late_fusion_virchow2,all_samples,patient_max,NextBiopsyProgression_LGD2plus,HGD/IMC/OAC or two consecutive LGD biopsies,5-fold patient-disjoint CV,multimodal,mean; stack_logit,fusion_method=mean,late_fusion,virchow2+cnv_anchor,prediction.patient_id; sample_id->basename(CNVAbsPath) for timing/biopsy,1,0,0.8758181818181818,0.7961970473580662,0.8258064516129032,0.8077272727272727,0.7454545454545455,0.87,0.7592592592592593,0.8613861386138614,41,13,87,14,41,14,0.3170731707317073,0.16883984251392395,0.18894945360322046,0.6545454545454545,0.520836207445908,0.4727272727272727,0.5834010394920565,0.64,0.416024086937369,0.43,0.3545680984748874,0.5,155,155,55,100,0.9004085957635226,0.6855559269058932,0.9275679475164011,0.7982033639143731,0.8784746657283602,0.6381052824651504,0.9306848878132905,0.8221033147263218,0.859703125,0.6271186440677966,0.9370211860399129,0.8
lgd2_late_fusion_virchow2,all_samples,patient_mean,NextBiopsyProgression_LGD2plus,HGD/IMC/OAC or two consecutive LGD biopsies,5-fold patient-disjoint CV,multimodal,mean; stack_logit,fusion_method=mean,late_fusion,virchow2+cnv_anchor,prediction.patient_id; sample_id->basename(CNVAbsPath) for timing/biopsy,1,0,0.8409090909090909,0.7789566610249864,0.7290322580645161,0.6222727272727273,0.2545454545454545,0.99,0.9333333333333333,0.7071428571428572,14,1,99,41,14,41,0.07142857142857142,0.17893586165903103,0.11239725668586295,0.6,0.39082538231188946,0.38181818181818183,0.4573710870742797,0.47,0.2817936529108546,0.3,0.244299958423045,0.5,155,155,55,100,0.8678284187660048,0.6806017207008151,0.7840986394557822,0.6359209387843392,1.0,0.7777777777777778,0.9006475926219544,0.7769101618871674,0.3834119496855343,0.14154135338345863,1.0,0.9689030283505154
lgd2_late_fusion_virchow2,all_samples,biopsy_max,NextBiopsyProgression_LGD2plus,HGD/IMC/OAC or two consecutive LGD biopsies,5-fold patient-disjoint CV,multimodal,mean; stack_logit,fusion_method=mean,late_fusion,virchow2+cnv_anchor,prediction.patient_id; sample_id->basename(CNVAbsPath) for timing/biopsy,1,0,0.8028043126082341,0.5488939559816746,0.7902869757174393,0.7012317747611865,0.5392156862745098,0.8632478632478633,0.5339805825242718,0.8657142857142858,55,48,303,47,55,47,0.8727272727272727,0.16340900474766834,0.15510165722479044,0.47058823529411764,0.5285310518741608,0.29411764705882354,0.6206702020951103,0.47863247863247865,0.3118736459897509,0.3418803418803419,0.2706106877805811,0.5,453,155,55,100,,,,,,,,,,,,
lgd2_late_fusion_virchow2,all_samples,biopsy_mean,NextBiopsyProgression_LGD2plus,HGD/IMC/OAC or two consecutive LGD biopsies,5-fold patient-disjoint CV,multimodal,mean; stack_logit,fusion_method=mean,late_fusion,virchow2+cnv_anchor,prediction.patient_id; sample_id->basename(CNVAbsPath) for timing/biopsy,1,0,0.7913524384112619,0.5138101467572279,0.8013245033112583,0.6666247695659461,0.4215686274509804,0.9116809116809117,0.581081081081081,0.8443271767810027,43,31,320,59,43,59,0.7209302325581395,0.15751736773896155,0.1383299307178575,0.45098039215686275,0.4823745492592407,0.20588235294117646,0.579849659678602,0.4131054131054131,0.2697204757183823,0.2849002849002849,0.2329015132108458,0.5,453,155,55,100,,,,,,,,,,,,
lgd2_late_fusion_virchow2,all_samples,sample,NextBiopsyProgression_LGD2plus,HGD/IMC/OAC or two consecutive LGD biopsies,5-fold patient-disjoint CV,multimodal,mean; stack_logit,fusion_method=mean,late_fusion,virchow2+cnv_anchor,prediction.patient_id; sample_id->basename(CNVAbsPath) for timing/biopsy,1,0,0.742898785636789,0.500956368504483,0.7652270210409745,0.6415112220755285,0.3938053097345133,0.8892171344165436,0.5426829268292683,0.8146143437077131,89,75,602,137,89,137,0.8426966292134831,0.1687955098605246,0.09360537697032534,0.3584070796460177,0.5135553279536345,0.2345132743362832,0.5889234664231997,0.31166912850812406,0.2314678339390468,0.21565731166912852,0.2023849616454521,0.5,903,155,55,100,,,,,,,,,,,,
lgd2_late_fusion_virchow2,all_samples,patient_max,NextBiopsyProgression_LGD2plus,HGD/IMC/OAC or two consecutive LGD biopsies,5-fold patient-disjoint CV,multimodal,mean; stack_logit,fusion_method=stack_logit,late_fusion,virchow2+cnv_anchor,prediction.patient_id; sample_id->basename(CNVAbsPath) for timing/biopsy,1,0,0.846,0.7722491478270858,0.7741935483870968,0.7104545454545454,0.4909090909090909,0.93,0.7941176470588235,0.768595041322314,27,7,93,28,27,28,0.25925925925925924,0.16205477929032763,0.11978690276202805,0.5454545454545454,0.4466728931867865,0.4727272727272727,0.5112414484158969,0.47,0.2657423002783571,0.32,0.2094295930262088,0.5,155,155,55,100,0.8830711620131135,0.6609405826694743,0.8414824985112155,0.6956521739130435,0.9230769230769231,0.6611979166666667,0.9079376385576169,0.779398308795054,0.6274305555555555,0.3577830188679245,0.9759420289855072,0.8731818181818182
lgd2_late_fusion_virchow2,all_samples,patient_mean,NextBiopsyProgression_LGD2plus,HGD/IMC/OAC or two consecutive LGD biopsies,5-fold patient-disjoint CV,multimodal,mean; stack_logit,fusion_method=stack_logit,late_fusion,virchow2+cnv_anchor,prediction.patient_id; sample_id->basename(CNVAbsPath) for timing/biopsy,1,0,0.7941818181818182,0.7384217516459894,0.6967741935483871,0.5727272727272728,0.14545454545454545,1.0,1.0,0.6802721088435374,8,0,100,47,8,47,0.0,0.19651088468959857,0.11592383568749366,0.4909090909090909,0.29989497092046324,0.43636363636363634,0.34487160422395574,0.3,0.157336041936695,0.27,0.13032213570136295,0.5,155,155,55,100,0.8395486493047517,0.621099757101078,0.7543052837573385,0.6061244131455399,1.0,1.0,0.8626221445673979,0.7169440183979162,0.2428177257525082,0.05555555555555555,1.0,1.0
lgd2_late_fusion_virchow2,all_samples,biopsy_max,NextBiopsyProgression_LGD2plus,HGD/IMC/OAC or two consecutive LGD biopsies,5-fold patient-disjoint CV,multimodal,mean; stack_logit,fusion_method=stack_logit,late_fusion,virchow2+cnv_anchor,prediction.patient_id; sample_id->basename(CNVAbsPath) for timing/biopsy,1,0,0.771409418468242,0.5263296744942029,0.7947019867549668,0.641486509133568,0.3627450980392157,0.9202279202279202,0.5692307692307692,0.8324742268041238,37,28,323,65,37,65,0.7567567567567568,0.14651624739230998,0.06254419663734356,0.4411764705882353,0.4414766529768995,0.28431372549019607,0.5642566758795912,0.301994301994302,0.1616732147915216,0.23646723646723647,0.1390924487386031,0.5,453,155,55,100,,,,,,,,,,,,
lgd2_late_fusion_virchow2,all_samples,biopsy_mean,NextBiopsyProgression_LGD2plus,HGD/IMC/OAC or two consecutive LGD biopsies,5-fold patient-disjoint CV,multimodal,mean; stack_logit,fusion_method=stack_logit,late_fusion,virchow2+cnv_anchor,prediction.patient_id; sample_id->basename(CNVAbsPath) for timing/biopsy,1,0,0.7576671694318753,0.4905914283258286,0.7836644591611479,0.5822021116138762,0.21568627450980393,0.9487179487179487,0.55,0.8062953995157385,22,18,333,80,22,80,0.8181818181818182,0.14822571248929967,0.058226894357431724,0.45098039215686275,0.3863112056899895,0.19607843137254902,0.5050882537211584,0.2678062678062678,0.13537820461639724,0.20797720797720798,0.1149811922997982,0.5,453,155,55,100,,,,,,,,,,,,
lgd2_late_fusion_virchow2,all_samples,sample,NextBiopsyProgression_LGD2plus,HGD/IMC/OAC or two consecutive LGD biopsies,5-fold patient-disjoint CV,multimodal,mean; stack_logit,fusion_method=stack_logit,late_fusion,virchow2+cnv_anchor,prediction.patient_id; sample_id->basename(CNVAbsPath) for timing/biopsy,1,0,0.703337211278284,0.47613565013188014,0.7652270210409745,0.5914007660030588,0.24336283185840707,0.9394387001477105,0.5729166666666666,0.7881040892193308,55,41,636,171,55,171,0.7454545454545455,0.1655347131541884,0.04289154705292915,0.36283185840707965,0.420941635595903,0.22123893805309736,0.5178221921798838,0.19793205317577547,0.1042302655001206,0.14918759231905465,0.0871422666215388,0.5,903,155,55,100,,,,,,,,,,,,
lgd2_late_fusion_gigapath,all_samples,patient_max,NextBiopsyProgression_LGD2plus,HGD/IMC/OAC or two consecutive LGD biopsies,5-fold patient-disjoint CV,multimodal,mean; stack_logit,fusion_method=mean,late_fusion,gigapath+cnv_anchor,prediction.patient_id; sample_id->basename(CNVAbsPath) for timing/biopsy,1,0,0.8338181818181818,0.728417073943309,0.7419354838709677,0.759090909090909,0.8181818181818182,0.7,0.6,0.875,45,30,70,10,45,10,0.6666666666666666,0.17092198978073336,0.10733321382597628,0.4,0.6153546917964758,0.4,0.6376638922433514,0.62,0.4161759904332103,0.53,0.3334140105496365,0.5,155,155,55,100,0.8397667292614472,0.6023032283927209,0.9430275974025975,0.8025462962962964,0.7196798212956067,0.4853779560810811,0.9006331583008255,0.7638301714175655,0.9202088647959183,0.706344696969697,0.7970383185292295,0.6087157987643425
lgd2_late_fusion_gigapath,all_samples,patient_mean,NextBiopsyProgression_LGD2plus,HGD/IMC/OAC or two consecutive LGD biopsies,5-fold patient-disjoint CV,multimodal,mean; stack_logit,fusion_method=mean,late_fusion,gigapath+cnv_anchor,prediction.patient_id; sample_id->basename(CNVAbsPath) for timing/biopsy,1,0,0.7714545454545455,0.6137678228854602,0.6580645161290323,0.6000000000000001,0.4,0.8,0.5238095238095238,0.7079646017699115,22,20,80,33,22,33,0.9090909090909091,0.1905396700469447,0.11413908406619327,0.2909090909090909,0.5521349556107505,0.21818181818181817,0.5700389990927116,0.61,0.2514564318316323,0.37,0.19460930577676888,0.5,155,155,55,100,0.7406423660806225,0.4794962713478767,0.7963823336610947,0.6228753235547887,0.6849999999999999,0.3689645308924485,0.840042775487956,0.6909255391036841,0.5412457627118644,0.27191833590138675,0.8840832710978341,0.719891826923077
lgd2_late_fusion_gigapath,all_samples,biopsy_max,NextBiopsyProgression_LGD2plus,HGD/IMC/OAC or two consecutive LGD biopsies,5-fold patient-disjoint CV,multimodal,mean; stack_logit,fusion_method=mean,late_fusion,gigapath+cnv_anchor,prediction.patient_id; sample_id->basename(CNVAbsPath) for timing/biopsy,1,0,0.7383945031003855,0.412583819433233,0.6975717439293598,0.6518350930115636,0.5686274509803921,0.7350427350427351,0.3841059602649007,0.8543046357615894,58,93,258,44,58,44,1.603448275862069,0.17800740227262501,0.14587726259715697,0.29411764705882354,0.6101539303960548,0.24509803921568626,0.6456922468587248,0.4586894586894587,0.2525460767317503,0.301994301994302,0.1938224650807502,0.5,453,155,55,100,,,,,,,,,,,,
lgd2_late_fusion_gigapath,all_samples,biopsy_mean,NextBiopsyProgression_LGD2plus,HGD/IMC/OAC or two consecutive LGD biopsies,5-fold patient-disjoint CV,multimodal,mean; stack_logit,fusion_method=mean,late_fusion,gigapath+cnv_anchor,prediction.patient_id; sample_id->basename(CNVAbsPath) for timing/biopsy,1,0,0.7278085023183063,0.3923963396016828,0.717439293598234,0.6298810122339534,0.47058823529411764,0.7891737891737892,0.39344262295081966,0.8368580060422961,48,74,277,54,48,54,1.5416666666666667,0.1717728806700799,0.1120275906480292,0.27450980392156865,0.5841489596044319,0.17647058823529413,0.6278515095503587,0.48717948717948717,0.2386165629265796,0.29914529914529914,0.17361818915470903,0.5,453,155,55,100,,,,,,,,,,,,
lgd2_late_fusion_gigapath,all_samples,sample,NextBiopsyProgression_LGD2plus,HGD/IMC/OAC or two consecutive LGD biopsies,5-fold patient-disjoint CV,multimodal,mean; stack_logit,fusion_method=mean,late_fusion,gigapath+cnv_anchor,prediction.patient_id; sample_id->basename(CNVAbsPath) for timing/biopsy,1,0,0.7128272833034862,0.4273936110986595,0.6965669988925803,0.613407014287395,0.4469026548672566,0.7799113737075333,0.404,0.8085758039816233,101,149,528,125,101,125,1.4752475247524752,0.17925905929218844,0.08763923189649075,0.28761061946902655,0.5940322545452403,0.1902654867256637,0.6302862365953845,0.33234859675036926,0.174594378220862,0.17872968980797638,0.1271618466371995,0.5,903,155,55,100,,,,,,,,,,,,
lgd2_late_fusion_gigapath,all_samples,patient_max,NextBiopsyProgression_LGD2plus,HGD/IMC/OAC or two consecutive LGD biopsies,5-fold patient-disjoint CV,multimodal,mean; stack_logit,fusion_method=stack_logit,late_fusion,gigapath+cnv_anchor,prediction.patient_id; sample_id->basename(CNVAbsPath) for timing/biopsy,1,0,0.7592727272727273,0.5676016243060268,0.5935483870967742,0.5090909090909091,0.21818181818181817,0.8,0.375,0.6504065040650406,12,20,80,43,12,43,1.6666666666666667,0.19465254556405273,0.22371235301358494,0.12727272727272726,0.5980600464542906,0.12727272727272726,0.6337386564550344,0.63,0.2823341410670613,0.52,0.2322426573012393,0.5,155,155,55,100,0.6991702615678084,0.43771390850934233,0.7346235795454545,0.5679607918508552,0.5454545454545454,0.2,0.8360544217687075,0.6797593246446249,0.32653061224489793,0.11314102564102564,0.8826814768460576,0.7231112637362638
lgd2_late_fusion_gigapath,all_samples,patient_mean,NextBiopsyProgression_LGD2plus,HGD/IMC/OAC or two consecutive LGD biopsies,5-fold patient-disjoint CV,multimodal,mean; stack_logit,fusion_method=stack_logit,late_fusion,gigapath+cnv_anchor,prediction.patient_id; sample_id->basename(CNVAbsPath) for timing/biopsy,1,0,0.7196363636363636,0.5624541277952582,0.6064516129032258,0.5109090909090909,0.18181818181818182,0.84,0.38461538461538464,0.6511627906976745,10,16,84,45,10,45,1.6,0.2224551621610507,0.19282841763363487,0.18181818181818182,0.5330550875079116,0.16363636363636364,0.5681582072941574,0.36,0.15869020294962197,0.22,0.13461583429644478,0.5,155,155,55,100,0.6900764664223539,0.4323607319089989,0.7323880597014925,0.5730674962292609,0.5905228758169934,0.19230769230769232,0.7956041217257318,0.6320826261117524,0.2857142857142857,0.08294827586206897,0.9123679718339912,0.7658044058744993
lgd2_late_fusion_gigapath,all_samples,biopsy_max,NextBiopsyProgression_LGD2plus,HGD/IMC/OAC or two consecutive LGD biopsies,5-fold patient-disjoint CV,multimodal,mean; stack_logit,fusion_method=stack_logit,late_fusion,gigapath+cnv_anchor,prediction.patient_id; sample_id->basename(CNVAbsPath) for timing/biopsy,1,0,0.6706887883358471,0.3312294805962471,0.6777041942604857,0.4964387464387464,0.16666666666666666,0.8262108262108262,0.21794871794871795,0.7733333333333333,17,61,290,85,17,85,3.588235294117647,0.1810752368887814,0.12090667815309894,0.1568627450980392,0.5834295802837306,0.11764705882352941,0.6332619852662689,0.3418803418803419,0.1673829260656337,0.17663817663817663,0.1283058789942973,0.5,453,155,55,100,,,,,,,,,,,,
lgd2_late_fusion_gigapath,all_samples,biopsy_mean,NextBiopsyProgression_LGD2plus,HGD/IMC/OAC or two consecutive LGD biopsies,5-fold patient-disjoint CV,multimodal,mean; stack_logit,fusion_method=stack_logit,late_fusion,gigapath+cnv_anchor,prediction.patient_id; sample_id->basename(CNVAbsPath) for timing/biopsy,1,0,0.6702139545276801,0.32809196777467114,0.6843267108167771,0.4972347913524384,0.1568627450980392,0.8376068376068376,0.2191780821917808,0.7736842105263158,16,57,294,86,16,86,3.5625,0.18060313458589747,0.11878340318788162,0.1568627450980392,0.5541961459287184,0.11764705882352941,0.607860010077909,0.38461538461538464,0.1629390455784909,0.18803418803418803,0.1246782148317858,0.5,453,155,55,100,,,,,,,,,,,,
lgd2_late_fusion_gigapath,all_samples,sample,NextBiopsyProgression_LGD2plus,HGD/IMC/OAC or two consecutive LGD biopsies,5-fold patient-disjoint CV,multimodal,mean; stack_logit,fusion_method=stack_logit,late_fusion,gigapath+cnv_anchor,prediction.patient_id; sample_id->basename(CNVAbsPath) for timing/biopsy,1,0,0.6506189461575665,0.3625334975573477,0.6866002214839424,0.5139083149239879,0.168141592920354,0.8596750369276218,0.2857142857142857,0.7558441558441559,38,95,582,188,38,188,2.5,0.18909540221924942,0.10301717773148417,0.16371681415929204,0.5484688260669904,0.13716814159292035,0.607860010077909,0.20088626292466766,0.1187498417623983,0.1240768094534712,0.0986263643563621,0.5,903,155,55,100,,,,,,,,,,,,
