source_run,condition,model_name,modality_used,task_name,task_type,cnv_variant,cnv_mask_name,cnv_mask_k,cnv_mask_source_model,cnv_mask_source_kind,cnv_mask_resolution,n_folds_complete,n_folds_total,n_folds_skipped,skip_reasons,expected_folds,is_complete,n_samples_total,auc_mean,auc_sd,auprc_mean,auprc_sd,accuracy_mean,accuracy_sd,sensitivity_mean,sensitivity_sd,specificity_mean,specificity_sd,balanced_accuracy_mean,balanced_accuracy_sd,brier_mean,brier_sd,ece_mean,ece_sd,sensitivity_at_spec90_mean,sensitivity_at_spec90_sd,sensitivity_at_spec95_mean,sensitivity_at_spec95_sd,specificity_at_sens90_mean,specificity_at_sens90_sd,specificity_at_sens95_mean,specificity_at_sens95_sd,macro_f1_mean,macro_f1_sd,macro_auc_ovr_mean,macro_auc_ovr_sd,mae_mean,mae_sd,mse_mean,mse_sd,rmse_mean,rmse_sd,r2_mean,r2_sd
virchow2/runs/multimodal/all_samples/AtRisk_1y_stage1_all_samples,all_samples,early_mean_mlp_timev1,multimodal,AtRisk_1y,binary,windows_armdiff_plus_arms_plus_cx,none,-1,,,,5,5,0,,5,True,940,0.9700580512661456,0.01098144010703718,0.984987929620561,0.00546087123919058,0.897672603007195,0.02492889650199727,0.9024756759305929,0.07297311758436902,0.8911771412625941,0.08057993746029227,0.8968264085965935,0.01299056476533733,0.07777481839849565,0.015011519809030429,0.07510081837694886,0.03416899831628709,0.9133772262062312,0.04354576689225528,0.8690551807344921,0.036810139253042884,0.8993444235086627,0.052324334306056965,0.7872528128655472,0.15552075161040813,,,,,,,,,,,,
routing/routing_moe_20260304_200011,all_samples,expert_mm_only,multimodal,AtRisk_1y,binary,windows_armdiff_plus_arms_plus_cx,none,-1,,,,5,5,0,,5,True,940,0.9700580512661456,0.010981440107037149,0.984987929620561,0.005460871239190607,0.897672603007195,0.024928896501997297,0.9024756759305929,0.07297311758436903,0.8911771412625938,0.08057993746029221,0.8968264085965935,0.012990564765337302,,,,,,,,,,,,,,,,,,,,,,,,
virchow2/runs/multimodal/exclude_hgd_imc/AtRisk_1y_stage2_exclusions,exclude_hgd_imc,early_mean_mlp_timev1,multimodal,AtRisk_1y,binary,windows_armdiff_plus_arms_plus_cx,none,-1,,,,5,5,0,,5,True,820,0.9947948613752253,0.005915810639273339,0.9973008868602704,0.00260246438821332,0.9548770752718122,0.028977907373924958,0.9657764782326186,0.04919383314037037,0.9427114427860696,0.0651094624109443,0.9542439605093442,0.02772993561953055,0.03629024764016199,0.020943775803171236,0.06314430535889748,0.018920200861788278,0.9840058479532164,0.024279484104500627,0.9748700454840806,0.024918529572728516,0.993095238095238,0.009464098530643736,0.9683333333333334,0.05413460589637238,,,,,,,,,,,,
routing/routing_moe_20260304_200011,exclude_hgd_imc,expert_mm_only,multimodal,AtRisk_1y,binary,windows_armdiff_plus_arms_plus_cx,none,-1,,,,5,5,0,,5,True,820,0.9947948613752253,0.005915810639273339,0.9973008868602704,0.00260246438821332,0.9548770752718122,0.028977907373925058,0.9657764782326186,0.049193833140370374,0.9427114427860696,0.06510946241094431,0.9542439605093442,0.02772993561953051,,,,,,,,,,,,,,,,,,,,,,,,
virchow2/runs/multimodal/exclude_lgd_hgd_imc/AtRisk_1y_stage2_exclusions,exclude_lgd_hgd_imc,early_mean_mlp_timev1,multimodal,AtRisk_1y,binary,windows_armdiff_plus_arms_plus_cx,none,-1,,,,5,5,0,,5,True,671,0.9948290425320389,0.007350185790290466,0.9969131041317947,0.003998307767301196,0.9590950740017197,0.028530611469431838,0.9366925410735647,0.054330133279687366,0.9908730158730158,0.012980497804600113,0.9637827784732902,0.025492089919167432,0.04079957519028583,0.0156825660234123,0.08614961337068716,0.046494122065890646,0.9834671705243269,0.023748917303891698,0.9784285939222169,0.02877647688281668,0.9964285714285716,0.00798595706249927,0.942966903073286,0.10826093944238468,,,,,,,,,,,,
routing/routing_moe_20260304_200011,exclude_lgd_hgd_imc,expert_mm_only,multimodal,AtRisk_1y,binary,windows_armdiff_plus_arms_plus_cx,none,-1,,,,5,5,0,,5,True,671,0.9948290425320389,0.007350185790290437,0.9969131041317947,0.003998307767301216,0.9590950740017197,0.028530611469431862,0.9366925410735647,0.054330133279687415,0.9908730158730158,0.012980497804600094,0.9637827784732902,0.02549208991916749,,,,,,,,,,,,,,,,,,,,,,,,
virchow2/runs/multimodal/all_samples/AtRisk_2y_stage1_all_samples,all_samples,early_mean_mlp_timev1,multimodal,AtRisk_2y,binary,windows_armdiff_plus_arms_plus_cx,none,-1,,,,5,5,0,,5,True,940,0.944779005899996,0.01769089984446006,0.9630313433128762,0.0163936670516328,0.8463811357758017,0.02366608967257243,0.8486254349402624,0.07535680695410554,0.8545444280084464,0.07146021279315949,0.8515849314743544,0.01712870933275299,0.10599440973946128,0.010101842989540704,0.10309418158462089,0.005407150274935347,0.802880852456952,0.024536644612863895,0.7230110006488528,0.04780115867589574,0.8377381180907644,0.05356208840946302,0.7338311182375592,0.10898634354188119,,,,,,,,,,,,
routing/routing_moe_20260304_200011,all_samples,expert_mm_only,multimodal,AtRisk_2y,binary,windows_armdiff_plus_arms_plus_cx,none,-1,,,,5,5,0,,5,True,940,0.944779005899996,0.017690899844460106,0.9630313433128762,0.016393667051632768,0.8463811357758017,0.02366608967257243,0.8486254349402624,0.07535680695410553,0.8545444280084464,0.07146021279315953,0.8515849314743544,0.01712870933275297,,,,,,,,,,,,,,,,,,,,,,,,
virchow2/runs/multimodal/exclude_hgd_imc/AtRisk_2y_stage2_exclusions,exclude_hgd_imc,early_mean_mlp_timev1,multimodal,AtRisk_2y,binary,windows_armdiff_plus_arms_plus_cx,none,-1,,,,5,5,0,,5,True,820,0.9721708821523777,0.014592222543362437,0.9777528729743141,0.013892443974235167,0.8850670735144419,0.03243759630970818,0.8833564881212196,0.06636285222596833,0.8987653148215807,0.09074153317180216,0.8910609014714002,0.03047829000940679,0.08176886508192487,0.02109887781235405,0.08775175698455408,0.022457166708858764,0.922192430005612,0.05471473845328359,0.8362731184136685,0.09376403587116218,0.9122672246764317,0.060663527537854624,0.8012403317058048,0.13329978594756434,,,,,,,,,,,,
routing/routing_moe_20260304_200011,exclude_hgd_imc,expert_mm_only,multimodal,AtRisk_2y,binary,windows_armdiff_plus_arms_plus_cx,none,-1,,,,5,5,0,,5,True,820,0.9721708821523778,0.014592222543362426,0.9777528729743141,0.013892443974235136,0.8850670735144419,0.03243759630970823,0.8833564881212197,0.06636285222596837,0.8987653148215807,0.09074153317180213,0.8910609014714002,0.03047829000940679,,,,,,,,,,,,,,,,,,,,,,,,
virchow2/runs/multimodal/exclude_lgd_hgd_imc/AtRisk_2y_stage2_exclusions,exclude_lgd_hgd_imc,early_mean_mlp_timev1,multimodal,AtRisk_2y,binary,windows_armdiff_plus_arms_plus_cx,none,-1,,,,5,5,0,,5,True,671,0.9751208538552566,0.014553767060717543,0.9763774611513829,0.012680641380644165,0.8953226219883836,0.022534329052755805,0.8785795255033599,0.03103936616749468,0.915686798007932,0.07264350354141953,0.8971331617556458,0.02207297391450898,0.07402999993164833,0.01018796119753805,0.08201413815079564,0.02492696489845281,0.8940412975762339,0.052092010401476777,0.8486758422883611,0.09331510481593507,0.9092388589506827,0.05334442566282861,0.8290702484030152,0.15221921855712023,,,,,,,,,,,,
routing/routing_moe_20260304_200011,exclude_lgd_hgd_imc,expert_mm_only,multimodal,AtRisk_2y,binary,windows_armdiff_plus_arms_plus_cx,none,-1,,,,5,5,0,,5,True,671,0.9751208538552566,0.014553767060717529,0.9763774611513828,0.012680641380644194,0.8953226219883836,0.022534329052755837,0.8785795255033599,0.0310393661674947,0.915686798007932,0.0726435035414195,0.8971331617556458,0.022072973914508975,,,,,,,,,,,,,,,,,,,,,,,,
virchow2/runs/multimodal/all_samples/AtRisk_3y_stage1_all_samples,all_samples,early_mean_mlp_timev1,multimodal,AtRisk_3y,binary,windows_armdiff_plus_arms_plus_cx,none,-1,,,,5,5,0,,5,True,940,0.9145794423823987,0.02499144444265471,0.924286327103619,0.03457617355506007,0.803784460452011,0.029796097631561894,0.7645625280709492,0.1156743495197309,0.874078849551396,0.11946477993542019,0.8193206888111726,0.026813211302574795,0.14549661264622235,0.020657632845841885,0.13832932050473348,0.03614145915259306,0.7271325173444086,0.06527551111047197,0.601735614462009,0.09782897682526172,0.7348881123721982,0.10828817671377683,0.6606973601442274,0.11602284437341552,,,,,,,,,,,,
routing/routing_moe_20260304_200011,all_samples,expert_mm_only,multimodal,AtRisk_3y,binary,windows_armdiff_plus_arms_plus_cx,none,-1,,,,5,5,0,,5,True,940,0.9145794423823987,0.024991444442654668,0.9242863271036192,0.034576173555060014,0.803784460452011,0.029796097631561894,0.7645625280709492,0.1156743495197309,0.874078849551396,0.11946477993542018,0.8193206888111726,0.026813211302574795,,,,,,,,,,,,,,,,,,,,,,,,
virchow2/runs/multimodal/exclude_hgd_imc/AtRisk_3y_stage2_exclusions,exclude_hgd_imc,early_mean_mlp_timev1,multimodal,AtRisk_3y,binary,windows_armdiff_plus_arms_plus_cx,none,-1,,,,5,5,0,,5,True,820,0.9473815935078195,0.022728855994817738,0.9462406057723305,0.028921719074009037,0.8345570448991502,0.02410643468767739,0.8275509835311183,0.09453508710214761,0.8620070931421158,0.1117462070909614,0.844779038336617,0.014772929301762766,0.1164318958216842,0.022684172531547156,0.13457566828720574,0.02314672543314579,0.8067740390713164,0.11337676979948458,0.7574592241511078,0.09553072098793451,0.826302564726723,0.06734303768040142,0.680605703063183,0.18772867216865313,,,,,,,,,,,,
routing/routing_moe_20260304_200011,exclude_hgd_imc,expert_mm_only,multimodal,AtRisk_3y,binary,windows_armdiff_plus_arms_plus_cx,none,-1,,,,5,5,0,,5,True,820,0.9473815935078195,0.022728855994817738,0.9462406057723305,0.028921719074009082,0.8345570448991502,0.02410643468767743,0.8275509835311183,0.09453508710214761,0.8620070931421158,0.11174620709096138,0.844779038336617,0.014772929301762744,,,,,,,,,,,,,,,,,,,,,,,,
virchow2/runs/multimodal/exclude_lgd_hgd_imc/AtRisk_3y_stage2_exclusions,exclude_lgd_hgd_imc,early_mean_mlp_timev1,multimodal,AtRisk_3y,binary,windows_armdiff_plus_arms_plus_cx,none,-1,,,,5,5,0,,5,True,671,0.9513307792512469,0.04812254961599813,0.943879130797819,0.060585535828024346,0.8693559470082765,0.09386000125900999,0.8433829891039194,0.14752637485803896,0.8997608022990026,0.14536093238310288,0.8715718957014609,0.08528235334387825,0.10759356526501943,0.07153077188169718,0.12962647144561554,0.0649198390676678,0.8649339187943837,0.12132651413702236,0.8047209844419146,0.18891786766593802,0.8465302552569106,0.1823665535785138,0.7411081773348327,0.21474050145133558,,,,,,,,,,,,
routing/routing_moe_20260304_200011,exclude_lgd_hgd_imc,expert_mm_only,multimodal,AtRisk_3y,binary,windows_armdiff_plus_arms_plus_cx,none,-1,,,,5,5,0,,5,True,671,0.9513307792512469,0.0481225496159981,0.943879130797819,0.06058553582802436,0.8693559470082765,0.09386000125900996,0.8433829891039192,0.14752637485803896,0.8997608022990026,0.14536093238310288,0.8715718957014609,0.08528235334387826,,,,,,,,,,,,,,,,,,,,,,,,
virchow2/runs/multimodal/all_samples/AtRisk_4y_stage1_all_samples,all_samples,early_mean_mlp_timev1,multimodal,AtRisk_4y,binary,windows_armdiff_plus_arms_plus_cx,none,-1,,,,5,5,0,,5,True,940,0.8959271950277156,0.016681420396421988,0.8867065213874451,0.04492236483719382,0.7869739399452831,0.024131100283830104,0.7302016832242082,0.08107640370331953,0.8565794508520476,0.10115286193719701,0.7933905670381278,0.026631089413347523,0.15004608569561803,0.0149128532370317,0.12944491362643046,0.019066748504958864,0.7011192434534272,0.050913984031020716,0.5487048569457571,0.11255141042197804,0.6765171909830167,0.09860165755077638,0.5924822225496931,0.08359673328441884,,,,,,,,,,,,
routing/routing_moe_20260304_200011,all_samples,expert_mm_only,multimodal,AtRisk_4y,binary,windows_armdiff_plus_arms_plus_cx,none,-1,,,,5,5,0,,5,True,940,0.8959271950277156,0.016681420396421988,0.8867065213874451,0.0449223648371938,0.7869739399452833,0.02413110028383011,0.7302016832242082,0.08107640370331959,0.8565794508520475,0.101152861937197,0.7933905670381278,0.026631089413347523,,,,,,,,,,,,,,,,,,,,,,,,
virchow2/runs/multimodal/exclude_hgd_imc/AtRisk_4y_stage2_exclusions,exclude_hgd_imc,early_mean_mlp_timev1,multimodal,AtRisk_4y,binary,windows_armdiff_plus_arms_plus_cx,none,-1,,,,5,5,0,,5,True,820,0.9172325059799851,0.031201316176605893,0.900708191710693,0.04399595814193602,0.797940851230325,0.048210902058454935,0.7855352070118198,0.12717854663373002,0.8341793356436582,0.12343513187800624,0.8098572713277388,0.031161216442979624,0.14111840640840273,0.03707637399887448,0.12996634082590863,0.056843143849696874,0.7173991376620281,0.058010117211896396,0.606984538589966,0.09790235315314269,0.6924241983442909,0.16015667177866785,0.6259479332084253,0.17667993165925058,,,,,,,,,,,,
routing/routing_moe_20260304_200011,exclude_hgd_imc,expert_mm_only,multimodal,AtRisk_4y,binary,windows_armdiff_plus_arms_plus_cx,none,-1,,,,5,5,0,,5,True,820,0.917232505979985,0.031201316176605907,0.900708191710693,0.043995958141936055,0.7979408512303248,0.04821090205845492,0.7855352070118198,0.12717854663373002,0.8341793356436582,0.1234351318780063,0.8098572713277388,0.031161216442979624,,,,,,,,,,,,,,,,,,,,,,,,
virchow2/runs/multimodal/exclude_lgd_hgd_imc/AtRisk_4y_stage2_exclusions,exclude_lgd_hgd_imc,early_mean_mlp_timev1,multimodal,AtRisk_4y,binary,windows_armdiff_plus_arms_plus_cx,none,-1,,,,5,5,0,,5,True,671,0.9340192021012873,0.044687964436939544,0.9043539434347141,0.05944266263510497,0.8500358168554651,0.04292492852609517,0.8098491368001259,0.11056262435827764,0.8789088362617774,0.04838738788928852,0.8443789865309516,0.055020421815178376,0.10910211501881686,0.024893961024194177,0.10357928234355862,0.062366063991214186,0.8168802114958383,0.1230921118760422,0.7145298440518045,0.1709070395739706,0.777310924369748,0.22097455722592177,0.6946008403361345,0.19742360769048337,,,,,,,,,,,,
routing/routing_moe_20260304_200011,exclude_lgd_hgd_imc,expert_mm_only,multimodal,AtRisk_4y,binary,windows_armdiff_plus_arms_plus_cx,none,-1,,,,5,5,0,,5,True,671,0.9340192021012873,0.04468796443693956,0.9043539434347139,0.059442662635104934,0.8500358168554651,0.04292492852609517,0.8098491368001259,0.11056262435827764,0.8789088362617774,0.04838738788928852,0.8443789865309516,0.055020421815178376,,,,,,,,,,,,,,,,,,,,,,,,
virchow2/runs/multimodal/all_samples/AtRisk_5y_stage1_all_samples,all_samples,early_mean_mlp_timev1,multimodal,AtRisk_5y,binary,windows_armdiff_plus_arms_plus_cx,none,-1,,,,5,5,0,,5,True,940,0.8909961550869865,0.03796033259115845,0.8669444162401605,0.01973558814146225,0.7990180248862545,0.05195358971162876,0.7589961086918491,0.14583522335914278,0.8491487783597955,0.04141376300506866,0.8040724435258223,0.056122206160297575,0.14289147466448257,0.029308403369469913,0.10905763319238151,0.042526784521099134,0.6764585200690678,0.11929648577697984,0.5508549822951445,0.12490755779807217,0.702190136786103,0.14901998412166362,0.5684844736299952,0.14709154341457295,,,,,,,,,,,,
routing/routing_moe_20260304_200011,all_samples,expert_mm_only,multimodal,AtRisk_5y,binary,windows_armdiff_plus_arms_plus_cx,none,-1,,,,5,5,0,,5,True,940,0.8909961550869865,0.03796033259115843,0.8669444162401605,0.01973558814146225,0.7990180248862545,0.051953589711628834,0.7589961086918491,0.1458352233591428,0.8491487783597955,0.04141376300506866,0.8040724435258223,0.056122206160297575,,,,,,,,,,,,,,,,,,,,,,,,
virchow2/runs/multimodal/exclude_hgd_imc/AtRisk_5y_stage2_exclusions,exclude_hgd_imc,early_mean_mlp_timev1,multimodal,AtRisk_5y,binary,windows_armdiff_plus_arms_plus_cx,none,-1,,,,5,5,0,,5,True,820,0.9032087153641862,0.028716317054013497,0.8703293335211715,0.05769214254348783,0.7584174666016772,0.1098810820515738,0.8480110213306089,0.12176063840145111,0.7375298868938396,0.1730581569481083,0.7927704541122242,0.07047484013786248,0.16147634284589807,0.05379841773372604,0.1700069215728825,0.08545265339366977,0.730118541221634,0.09310228594494664,0.6329690412061547,0.07727336353965965,0.6864657990532816,0.09936404865656175,0.532655185127112,0.1718092298277357,,,,,,,,,,,,
routing/routing_moe_20260304_200011,exclude_hgd_imc,expert_mm_only,multimodal,AtRisk_5y,binary,windows_armdiff_plus_arms_plus_cx,none,-1,,,,5,5,0,,5,True,820,0.9032087153641861,0.028716317054013455,0.8703293335211715,0.05769214254348779,0.7584174666016772,0.1098810820515738,0.8480110213306091,0.12176063840145113,0.7375298868938396,0.1730581569481083,0.7927704541122242,0.07047484013786248,,,,,,,,,,,,,,,,,,,,,,,,
virchow2/runs/multimodal/exclude_lgd_hgd_imc/AtRisk_5y_stage2_exclusions,exclude_lgd_hgd_imc,early_mean_mlp_timev1,multimodal,AtRisk_5y,binary,windows_armdiff_plus_arms_plus_cx,none,-1,,,,5,5,0,,5,True,671,0.9092283344953234,0.056841649780027384,0.8544892604016935,0.07296636703910944,0.7917397856651343,0.09796553536057072,0.8782086927196806,0.09687915036598777,0.7533395929519056,0.12725118371243738,0.815774142835793,0.09176224093835379,0.1306603783109543,0.04946279276963552,0.1631914289526628,0.04963108057782916,0.7352897656180483,0.16661074898758724,0.6704836469930271,0.17355504246542847,0.7337020635610616,0.18886781858504978,0.5654525311800904,0.21860163357544946,,,,,,,,,,,,
routing/routing_moe_20260304_200011,exclude_lgd_hgd_imc,expert_mm_only,multimodal,AtRisk_5y,binary,windows_armdiff_plus_arms_plus_cx,none,-1,,,,5,5,0,,5,True,671,0.9092283344953234,0.05684164978002739,0.8544892604016935,0.07296636703910944,0.7917397856651343,0.09796553536057069,0.8782086927196808,0.09687915036598775,0.7533395929519054,0.12725118371243735,0.815774142835793,0.09176224093835382,,,,,,,,,,,,,,,,,,,,,,,,
cnv_anchor/runs/cnv/all_samples/CurrentGradeInt_stage1_all_samples,all_samples,cnv_elasticnet_logreg,cnv,CurrentGradeInt,multiclass,windows_armdiff_plus_arms_plus_cx,none,-1,,,,5,5,0,,5,True,940,,,,,0.3557329243926003,0.07516040887885933,,,,,,,,,,,,,,,,,,,0.20056120320696263,0.03271619128476833,0.6111727632108618,,,,,,,,,
cnv_anchor/runs/cnv/all_samples/CurrentGradeInt_stage1_all_samples,all_samples,cnv_linear_svm_calibrated,cnv,CurrentGradeInt,multiclass,windows_armdiff_plus_arms_plus_cx,none,-1,,,,5,5,0,,5,True,940,,,,,0.47165345712612233,0.12180042383910931,,,,,,,,,,,,,,,,,,,0.22455113473434257,0.05194366871964212,0.6085194623030258,,,,,,,,,
cnv_anchor/runs/cnv/all_samples/CurrentGradeInt_stage1_all_samples,all_samples,cnv_mlp,cnv,CurrentGradeInt,multiclass,windows_armdiff_plus_arms_plus_cx,none,-1,,,,5,5,0,,5,True,940,,,,,0.6170997818477655,0.026851780707541958,,,,,,,,,,,,,,,,,,,0.1924546533983201,0.025442979416208742,0.526015428458219,,,,,,,,,
cnv_anchor/runs/cnv/all_samples/CurrentGradeInt_stage1_all_samples,all_samples,cnv_random_forest,cnv,CurrentGradeInt,multiclass,windows_armdiff_plus_arms_plus_cx,none,-1,,,,5,5,0,,5,True,940,,,,,0.6006281510148397,0.05126634222627888,,,,,,,,,,,,,,,,,,,0.1790557452812728,0.029672383610417692,0.6204815952052875,,,,,,,,,
cnv_anchor/runs/cnv/all_samples/CurrentGradeInt_stage1_all_samples,all_samples,cnv_xgboost,cnv,CurrentGradeInt,multiclass,windows_armdiff_plus_arms_plus_cx,none,-1,,,,5,5,0,,5,True,940,,,,,0.609029377737295,0.030713725738847977,,,,,,,,,,,,,,,,,,,0.20143492144607134,0.022795890649424663,0.6756223950988636,,,,,,,,,
cnv_anchor/runs/late_fusion/all_samples_20260304_200011,all_samples,latefusion_cnv_only,cnv,CurrentGradeInt,multiclass,windows_armdiff_plus_arms_plus_cx,none,-1,,,,5,5,0,,5,True,940,,,,,0.609029377737295,0.030713725738847997,,,,,,,,,,,,,,,,,,,0.20143492144607134,0.02279589064942466,0.5853030338214185,,,,,,,,,
virchow2/runs/multimodal/all_samples/CurrentGradeInt_stage1_all_samples,all_samples,early_mean_mlp_timev1,multimodal,CurrentGradeInt,multiclass,windows_armdiff_plus_arms_plus_cx,none,-1,,,,5,5,0,,5,True,940,,,,,0.5079979746316455,0.13179800164654676,,,,,,,,,,,,,,,,,,,0.35078906010667643,0.08365695612591753,0.7353409150560205,,,,,,,,,
routing/routing_moe_20260304_200011,all_samples,ensemble_available_mean,multimodal,CurrentGradeInt,multiclass,windows_armdiff_plus_arms_plus_cx,none,-1,,,,5,5,0,,5,True,940,,,,,0.6288083021521935,0.02737472609081398,,,,,,,,,,,,,,,,,,,0.26374745008250405,0.04690129563739356,0.7444771888609951,,,,,,,,,
routing/routing_moe_20260304_200011,all_samples,ensemble_available_stack_logit,multimodal,CurrentGradeInt,multiclass,windows_armdiff_plus_arms_plus_cx,none,-1,,,,5,5,0,,5,True,940,,,,,0.6354455485975459,0.050574559289063487,,,,,,,,,,,,,,,,,,,0.23676440387890083,0.03872794574718046,0.6686832805621946,,,,,,,,,
routing/routing_moe_20260304_200011,all_samples,expert_cnv_only,multimodal,CurrentGradeInt,multiclass,windows_armdiff_plus_arms_plus_cx,none,-1,,,,5,5,0,,5,True,940,,,,,0.609029377737295,0.030713725738847997,,,,,,,,,,,,,,,,,,,0.20143492144607134,0.02279589064942466,0.5848040318254105,,,,,,,,,
routing/routing_moe_20260304_200011,all_samples,expert_mm_only,multimodal,CurrentGradeInt,multiclass,windows_armdiff_plus_arms_plus_cx,none,-1,,,,5,5,0,,5,True,940,,,,,0.5079979746316455,0.13179800164654676,,,,,,,,,,,,,,,,,,,0.35078906010667643,0.08365695612591753,0.7353409150560205,,,,,,,,,
cnv_anchor/runs/cnv/exclude_hgd_imc/CurrentGradeInt_stage2_exclusions,exclude_hgd_imc,cnv_elasticnet_logreg,cnv,CurrentGradeInt,multiclass,windows_armdiff_plus_arms_plus_cx,none,-1,,,,5,5,0,,5,True,820,,,,,0.3664981978666189,0.166578364912412,,,,,,,,,,,,,,,,,,,0.2734130365701645,0.13007482259791597,0.5395295972350208,0.04168625255000699,,,,,,,,
cnv_anchor/runs/cnv/exclude_hgd_imc/CurrentGradeInt_stage2_exclusions,exclude_hgd_imc,cnv_linear_svm_calibrated,cnv,CurrentGradeInt,multiclass,windows_armdiff_plus_arms_plus_cx,none,-1,,,,5,5,0,,5,True,820,,,,,0.7231923192975824,0.04292056951998526,,,,,,,,,,,,,,,,,,,0.28903392028596875,0.017835514342932055,0.5294892384096335,0.014055540614133308,,,,,,,,
cnv_anchor/runs/cnv/exclude_hgd_imc/CurrentGradeInt_stage2_exclusions,exclude_hgd_imc,cnv_mlp,cnv,CurrentGradeInt,multiclass,windows_armdiff_plus_arms_plus_cx,none,-1,,,,5,5,0,,5,True,820,,,,,0.7020127624864466,0.03257395734396006,,,,,,,,,,,,,,,,,,,0.3366477694088216,0.03342600897341703,0.5396944080592319,0.07147899130664012,,,,,,,,
cnv_anchor/runs/cnv/exclude_hgd_imc/CurrentGradeInt_stage2_exclusions,exclude_hgd_imc,cnv_random_forest,cnv,CurrentGradeInt,multiclass,windows_armdiff_plus_arms_plus_cx,none,-1,,,,5,5,0,,5,True,820,,,,,0.7322954189006821,0.039226902859826475,,,,,,,,,,,,,,,,,,,0.28861679318588646,0.022101588528989927,0.6315829649576588,0.044870916209969046,,,,,,,,
cnv_anchor/runs/cnv/exclude_hgd_imc/CurrentGradeInt_stage2_exclusions,exclude_hgd_imc,cnv_xgboost,cnv,CurrentGradeInt,multiclass,windows_armdiff_plus_arms_plus_cx,none,-1,,,,5,5,0,,5,True,820,,,,,0.6954412889149731,0.01568304169748105,,,,,,,,,,,,,,,,,,,0.31959607686608543,0.028100780273388887,0.6164353813460305,0.049481880814841596,,,,,,,,
cnv_anchor/runs/late_fusion/exclude_hgd_imc_20260304_200011,exclude_hgd_imc,latefusion_cnv_only,cnv,CurrentGradeInt,multiclass,windows_armdiff_plus_arms_plus_cx,none,-1,,,,5,5,0,,5,True,820,,,,,0.7322954189006821,0.039226902859826475,,,,,,,,,,,,,,,,,,,0.28861679318588646,0.022101588528989954,0.6315807573602524,0.04487429574418359,,,,,,,,
virchow2/runs/multimodal/exclude_hgd_imc/CurrentGradeInt_stage2_exclusions,exclude_hgd_imc,early_mean_mlp_timev1,multimodal,CurrentGradeInt,multiclass,windows_armdiff_plus_arms_plus_cx,none,-1,,,,5,5,0,,5,True,820,,,,,0.6878539177749705,0.08030688526775466,,,,,,,,,,,,,,,,,,,0.43132143280303376,0.07101761191837115,0.7358277033454225,0.0733951433854434,,,,,,,,
routing/routing_moe_20260304_200011,exclude_hgd_imc,ensemble_available_mean,multimodal,CurrentGradeInt,multiclass,windows_armdiff_plus_arms_plus_cx,none,-1,,,,5,5,0,,5,True,820,,,,,0.7216960363012994,0.047747914124729035,,,,,,,,,,,,,,,,,,,0.3760828988457213,0.10619605771277492,0.741445472558085,0.07877406566563773,,,,,,,,
routing/routing_moe_20260304_200011,exclude_hgd_imc,ensemble_available_stack_logit,multimodal,CurrentGradeInt,multiclass,windows_armdiff_plus_arms_plus_cx,none,-1,,,,5,5,0,,5,True,820,,,,,0.7122149462675778,0.0487128105553008,,,,,,,,,,,,,,,,,,,0.33931726823238695,0.059064524590496416,0.7694723569662806,0.05259251239575654,,,,,,,,
routing/routing_moe_20260304_200011,exclude_hgd_imc,expert_cnv_only,multimodal,CurrentGradeInt,multiclass,windows_armdiff_plus_arms_plus_cx,none,-1,,,,5,5,0,,5,True,820,,,,,0.7322954189006821,0.039226902859826475,,,,,,,,,,,,,,,,,,,0.28861679318588646,0.022101588528989954,0.631540172944668,0.04493647634960617,,,,,,,,
routing/routing_moe_20260304_200011,exclude_hgd_imc,expert_mm_only,multimodal,CurrentGradeInt,multiclass,windows_armdiff_plus_arms_plus_cx,none,-1,,,,5,5,0,,5,True,820,,,,,0.6878539177749704,0.08030688526775462,,,,,,,,,,,,,,,,,,,0.43132143280303376,0.07101761191837114,0.7358277033454225,0.0733951433854434,,,,,,,,
cnv_anchor/runs/cnv/exclude_lgd_hgd_imc/CurrentGradeInt_stage2_exclusions,exclude_lgd_hgd_imc,cnv_elasticnet_logreg,cnv,CurrentGradeInt,multiclass,windows_armdiff_plus_arms_plus_cx,none,-1,,,,5,5,0,,5,True,671,,,,,0.5923446130301955,0.28524448524445667,,,,,,,,,,,,,,,,,,,0.4169644361312031,0.17183245210698714,,,,,,,,,,
cnv_anchor/runs/cnv/exclude_lgd_hgd_imc/CurrentGradeInt_stage2_exclusions,exclude_lgd_hgd_imc,cnv_linear_svm_calibrated,cnv,CurrentGradeInt,multiclass,windows_armdiff_plus_arms_plus_cx,none,-1,,,,5,5,0,,5,True,671,,,,,0.8909388502709167,0.020253472457310052,,,,,,,,,,,,,,,,,,,0.48439648531535867,0.030364399880205603,,,,,,,,,,
cnv_anchor/runs/cnv/exclude_lgd_hgd_imc/CurrentGradeInt_stage2_exclusions,exclude_lgd_hgd_imc,cnv_mlp,cnv,CurrentGradeInt,multiclass,windows_armdiff_plus_arms_plus_cx,none,-1,,,,5,5,0,,5,True,671,,,,,0.8803980773502902,0.026383212454540356,,,,,,,,,,,,,,,,,,,0.48463163122667846,0.031183011783731507,,,,,,,,,,
cnv_anchor/runs/cnv/exclude_lgd_hgd_imc/CurrentGradeInt_stage2_exclusions,exclude_lgd_hgd_imc,cnv_random_forest,cnv,CurrentGradeInt,multiclass,windows_armdiff_plus_arms_plus_cx,none,-1,,,,5,5,0,,5,True,671,,,,,0.8926055169375833,0.02066699309971171,,,,,,,,,,,,,,,,,,,0.4715777718650663,0.00573542705328525,,,,,,,,,,
cnv_anchor/runs/cnv/exclude_lgd_hgd_imc/CurrentGradeInt_stage2_exclusions,exclude_lgd_hgd_imc,cnv_xgboost,cnv,CurrentGradeInt,multiclass,windows_armdiff_plus_arms_plus_cx,none,-1,,,,5,5,0,,5,True,671,,,,,0.888409712741779,0.02662688256531361,,,,,,,,,,,,,,,,,,,0.47036966147362724,0.0074683989291313415,,,,,,,,,,
cnv_anchor/runs/late_fusion/exclude_lgd_hgd_imc_20260304_200011,exclude_lgd_hgd_imc,latefusion_cnv_only,cnv,CurrentGradeInt,multiclass,windows_armdiff_plus_arms_plus_cx,none,-1,,,,5,5,0,,5,True,671,,,,,0.8803980773502902,0.026383212454540325,,,,,,,,,,,,,,,,,,,0.48463163122667857,0.0311830117837315,,,,,,,,,,
virchow2/runs/multimodal/exclude_lgd_hgd_imc/CurrentGradeInt_stage2_exclusions,exclude_lgd_hgd_imc,early_mean_mlp_timev1,multimodal,CurrentGradeInt,multiclass,windows_armdiff_plus_arms_plus_cx,none,-1,,,,5,5,0,,5,True,671,,,,,0.8435943368307489,0.03307003805490672,,,,,,,,,,,,,,,,,,,0.6401437827419028,0.03710945582327092,,,,,,,,,,
routing/routing_moe_20260304_200011,exclude_lgd_hgd_imc,ensemble_available_mean,multimodal,CurrentGradeInt,multiclass,windows_armdiff_plus_arms_plus_cx,none,-1,,,,5,5,0,,5,True,671,,,,,0.8867756308153364,0.015507853706310764,,,,,,,,,,,,,,,,,,,0.5533809815153854,0.0825041347731927,,,,,,,,,,
routing/routing_moe_20260304_200011,exclude_lgd_hgd_imc,ensemble_available_stack_logit,multimodal,CurrentGradeInt,multiclass,windows_armdiff_plus_arms_plus_cx,none,-1,,,,5,5,0,,5,True,671,,,,,0.8881937522317008,0.02680711544569816,,,,,,,,,,,,,,,,,,,0.4703079305952251,0.007519868209627537,,,,,,,,,,
routing/routing_moe_20260304_200011,exclude_lgd_hgd_imc,expert_cnv_only,multimodal,CurrentGradeInt,multiclass,windows_armdiff_plus_arms_plus_cx,none,-1,,,,5,5,0,,5,True,671,,,,,0.8803980773502902,0.026383212454540325,,,,,,,,,,,,,,,,,,,0.48463163122667857,0.0311830117837315,,,,,,,,,,
routing/routing_moe_20260304_200011,exclude_lgd_hgd_imc,expert_mm_only,multimodal,CurrentGradeInt,multiclass,windows_armdiff_plus_arms_plus_cx,none,-1,,,,5,5,0,,5,True,671,,,,,0.8435943368307489,0.03307003805490672,,,,,,,,,,,,,,,,,,,0.6401437827419028,0.037109455823270944,,,,,,,,,,
cnv_anchor/runs/cnv/all_samples/DaysSincePreviousBiopsy_stage1_all_samples,all_samples,cnv_elasticnet_logreg,cnv,DaysSincePreviousBiopsy,regression,windows_armdiff_plus_arms_plus_cx,none,-1,,,,5,5,0,,5,True,628,,,,,,,,,,,,,,,,,,,,,,,,,,,,,366.30235949161676,66.98836157130424,293525.44388879836,205752.88091597217,521.207857271856,165.33229194140696,-0.10703824865972997,0.13792464805815866
cnv_anchor/runs/cnv/all_samples/DaysSincePreviousBiopsy_stage1_all_samples,all_samples,cnv_linear_svm_calibrated,cnv,DaysSincePreviousBiopsy,regression,windows_armdiff_plus_arms_plus_cx,none,-1,,,,5,5,0,,5,True,628,,,,,,,,,,,,,,,,,,,,,,,,,,,,,415.68634892351884,87.2205997905167,403798.2074211335,235247.23316824742,616.0425455159981,174.24763102874223,-0.6944220310175039,0.877435588537205
cnv_anchor/runs/cnv/all_samples/DaysSincePreviousBiopsy_stage1_all_samples,all_samples,cnv_mlp,cnv,DaysSincePreviousBiopsy,regression,windows_armdiff_plus_arms_plus_cx,none,-1,,,,5,5,0,,5,True,628,,,,,,,,,,,,,,,,,,,,,,,,,,,,,476.72232098990844,99.41170139451607,688849.5815035225,403235.94308794354,793.8131067943818,270.90204176273284,-2.4424603639381774,3.2469351214225
cnv_anchor/runs/cnv/all_samples/DaysSincePreviousBiopsy_stage1_all_samples,all_samples,cnv_random_forest,cnv,DaysSincePreviousBiopsy,regression,windows_armdiff_plus_arms_plus_cx,none,-1,,,,5,5,0,,5,True,628,,,,,,,,,,,,,,,,,,,,,,,,,,,,,392.966627827581,61.14286499013691,319697.23752568895,203929.41732883357,546.958103178685,160.21107519793978,-0.23495083991094262,0.2105734268048716
cnv_anchor/runs/cnv/all_samples/DaysSincePreviousBiopsy_stage1_all_samples,all_samples,cnv_xgboost,cnv,DaysSincePreviousBiopsy,regression,windows_armdiff_plus_arms_plus_cx,none,-1,,,,5,5,0,,5,True,628,,,,,,,,,,,,,,,,,,,,,,,,,,,,,424.6060596007802,54.87820207777455,355703.0749543143,184415.17417648013,582.4268679057362,143.5357903792135,-0.41818477651309455,0.20431879409565973
cnv_anchor/runs/late_fusion/all_samples_20260304_200011,all_samples,latefusion_cnv_only,cnv,DaysSincePreviousBiopsy,regression,windows_armdiff_plus_arms_plus_cx,none,-1,,,,5,5,0,,5,True,628,,,,,,,,,,,,,,,,,,,,,,,,,,,,,366.30235949161676,66.98836157130424,293525.44388879836,205752.88091597217,521.2078572718561,165.332291941407,-0.10703824865973006,0.13792464805815885
virchow2/runs/multimodal/all_samples/DaysSincePreviousBiopsy_stage1_all_samples,all_samples,early_mean_mlp_timev1,multimodal,DaysSincePreviousBiopsy,regression,windows_armdiff_plus_arms_plus_cx,none,-1,,,,5,5,0,,5,True,628,,,,,,,,,,,,,,,,,,,,,,,,,,,,,39.971467884926774,7.82748373196347,3552.433457986523,2571.0817792870666,57.18241443197218,18.79511032545109,0.9866500206377452,0.002246854263711653
cnv_anchor/runs/cnv/exclude_hgd_imc/DaysSincePreviousBiopsy_stage2_exclusions,exclude_hgd_imc,cnv_elasticnet_logreg,cnv,DaysSincePreviousBiopsy,regression,windows_armdiff_plus_arms_plus_cx,none,-1,,,,5,5,0,,5,True,525,,,,,,,,,,,,,,,,,,,,,,,,,,,,,13379.000493335154,29194.344712881724,26403750155.968407,59039997139.1132,73060.18772950149,162272.76082609495,-90401.25932833501,202143.13637557934
cnv_anchor/runs/cnv/exclude_hgd_imc/DaysSincePreviousBiopsy_stage2_exclusions,exclude_hgd_imc,cnv_linear_svm_calibrated,cnv,DaysSincePreviousBiopsy,regression,windows_armdiff_plus_arms_plus_cx,none,-1,,,,5,5,0,,5,True,525,,,,,,,,,,,,,,,,,,,,,,,,,,,,,246019.2097719963,549254.1423631739,9356416459960.41,20921580788546.414,1368599.7752157005,3058461.8510045097,-32034827.707215935,71632048.28303137
cnv_anchor/runs/cnv/exclude_hgd_imc/DaysSincePreviousBiopsy_stage2_exclusions,exclude_hgd_imc,cnv_mlp,cnv,DaysSincePreviousBiopsy,regression,windows_armdiff_plus_arms_plus_cx,none,-1,,,,5,5,0,,5,True,525,,,,,,,,,,,,,,,,,,,,,,,,,,,,,12553.838187184378,27081.032634718023,22757464871.48258,50886123207.26293,68014.2670825134,150547.02066427248,-77917.43107845477,174225.36178191743
cnv_anchor/runs/cnv/exclude_hgd_imc/DaysSincePreviousBiopsy_stage2_exclusions,exclude_hgd_imc,cnv_random_forest,cnv,DaysSincePreviousBiopsy,regression,windows_armdiff_plus_arms_plus_cx,none,-1,,,,5,5,0,,5,True,525,,,,,,,,,,,,,,,,,,,,,,,,,,,,,375.9719514418163,21.3080092058066,312971.0370815246,129815.58068833084,550.8084732919932,109.43641322286257,-0.5365635586655173,1.0211034597441158
cnv_anchor/runs/cnv/exclude_hgd_imc/DaysSincePreviousBiopsy_stage2_exclusions,exclude_hgd_imc,cnv_xgboost,cnv,DaysSincePreviousBiopsy,regression,windows_armdiff_plus_arms_plus_cx,none,-1,,,,5,5,0,,5,True,525,,,,,,,,,,,,,,,,,,,,,,,,,,,,,394.79904914553725,12.645051841330213,317346.01302327745,137190.99510747634,554.507069229965,111.06261295589196,-0.46744630050619157,0.6669785926202667
cnv_anchor/runs/late_fusion/exclude_hgd_imc_20260304_200011,exclude_hgd_imc,latefusion_cnv_only,cnv,DaysSincePreviousBiopsy,regression,windows_armdiff_plus_arms_plus_cx,none,-1,,,,5,5,0,,5,True,525,,,,,,,,,,,,,,,,,,,,,,,,,,,,,394.79904914553725,12.645051841330208,317346.01302327745,137190.99510747634,554.507069229965,111.062612955892,-0.46744630050619146,0.6669785926202666
virchow2/runs/multimodal/exclude_hgd_imc/DaysSincePreviousBiopsy_stage2_exclusions,exclude_hgd_imc,early_mean_mlp_timev1,multimodal,DaysSincePreviousBiopsy,regression,windows_armdiff_plus_arms_plus_cx,none,-1,,,,5,5,0,,5,True,525,,,,,,,,,,,,,,,,,,,,,,,,,,,,,48.32043178822103,7.21507913997958,4115.372190607078,1416.639467533958,63.32042439092824,11.50521868326602,0.977742618577723,0.012852941106478074
cnv_anchor/runs/cnv/exclude_lgd_hgd_imc/DaysSincePreviousBiopsy_stage2_exclusions,exclude_lgd_hgd_imc,cnv_elasticnet_logreg,cnv,DaysSincePreviousBiopsy,regression,windows_armdiff_plus_arms_plus_cx,none,-1,,,,5,5,0,,5,True,411,,,,,,,,,,,,,,,,,,,,,,,,,,,,,321.47251432510615,65.69589761194092,290100.6643675109,190776.62150772262,515.8386425479331,173.2453434504687,-0.011661325341128893,0.020359957039457546
cnv_anchor/runs/cnv/exclude_lgd_hgd_imc/DaysSincePreviousBiopsy_stage2_exclusions,exclude_lgd_hgd_imc,cnv_linear_svm_calibrated,cnv,DaysSincePreviousBiopsy,regression,windows_armdiff_plus_arms_plus_cx,none,-1,,,,5,5,0,,5,True,411,,,,,,,,,,,,,,,,,,,,,,,,,,,,,1296.6064997322862,2026.7487627775488,393279161.69359094,878485881.7084068,9363.959147972859,19544.674171263585,-1646.9371811894077,3681.3032361048554
cnv_anchor/runs/cnv/exclude_lgd_hgd_imc/DaysSincePreviousBiopsy_stage2_exclusions,exclude_lgd_hgd_imc,cnv_mlp,cnv,DaysSincePreviousBiopsy,regression,windows_armdiff_plus_arms_plus_cx,none,-1,,,,5,5,0,,5,True,411,,,,,,,,,,,,,,,,,,,,,,,,,,,,,35924.52017142269,78928.88366196858,587148527233.6691,1312899304341.7004,343688.3070700314,765691.5785884393,-2460423.85322271,5501645.709488153
cnv_anchor/runs/cnv/exclude_lgd_hgd_imc/DaysSincePreviousBiopsy_stage2_exclusions,exclude_lgd_hgd_imc,cnv_random_forest,cnv,DaysSincePreviousBiopsy,regression,windows_armdiff_plus_arms_plus_cx,none,-1,,,,5,5,0,,5,True,411,,,,,,,,,,,,,,,,,,,,,,,,,,,,,369.80522862863575,76.83183050415559,325369.13983889716,204545.5861971606,548.1142187554508,176.56423419324994,-0.1761755179540705,0.3107394631212169
cnv_anchor/runs/cnv/exclude_lgd_hgd_imc/DaysSincePreviousBiopsy_stage2_exclusions,exclude_lgd_hgd_imc,cnv_xgboost,cnv,DaysSincePreviousBiopsy,regression,windows_armdiff_plus_arms_plus_cx,none,-1,,,,5,5,0,,5,True,411,,,,,,,,,,,,,,,,,,,,,,,,,,,,,414.2661046321875,92.72634058891012,372722.3654139492,224136.47190640034,586.7672933701567,188.50235026721037,-0.34706395581971705,0.36461289400223773
cnv_anchor/runs/late_fusion/exclude_lgd_hgd_imc_20260304_200011,exclude_lgd_hgd_imc,latefusion_cnv_only,cnv,DaysSincePreviousBiopsy,regression,windows_armdiff_plus_arms_plus_cx,none,-1,,,,5,5,0,,5,True,411,,,,,,,,,,,,,,,,,,,,,,,,,,,,,321.4725143251061,65.69589761194095,290100.66436751094,190776.62150772262,515.8386425479331,173.24534345046865,-0.011661325341128893,0.020359957039457546
virchow2/runs/multimodal/exclude_lgd_hgd_imc/DaysSincePreviousBiopsy_stage2_exclusions,exclude_lgd_hgd_imc,early_mean_mlp_timev1,multimodal,DaysSincePreviousBiopsy,regression,windows_armdiff_plus_arms_plus_cx,none,-1,,,,5,5,0,,5,True,411,,,,,,,,,,,,,,,,,,,,,,,,,,,,,53.69926973767307,19.751342295709,5220.349537861446,2569.945228890128,70.39427469855164,18.200124571218545,0.9713476094111513,0.02153245854243483
cnv_anchor/runs/cnv/all_samples/DaysToNextBiopsy_stage1_all_samples,all_samples,cnv_elasticnet_logreg,cnv,DaysToNextBiopsy,regression,windows_armdiff_plus_arms_plus_cx,none,-1,,,,5,5,0,,5,True,912,,,,,,,,,,,,,,,,,,,,,,,,,,,,,293.7734534965409,32.499130223815335,123423.92558064195,32442.7955278715,348.96780372562057,45.35137185850487,-0.0047620865253128475,0.014814390560604004
cnv_anchor/runs/cnv/all_samples/DaysToNextBiopsy_stage1_all_samples,all_samples,cnv_linear_svm_calibrated,cnv,DaysToNextBiopsy,regression,windows_armdiff_plus_arms_plus_cx,none,-1,,,,5,5,0,,5,True,912,,,,,,,,,,,,,,,,,,,,,,,,,,,,,19267835.798388503,43083459.74938811,3.0812667785424045e+17,6.889921973628449e+17,248244850.20288378,555091402.6108541,-3254559414551.654,7277416087748.465
cnv_anchor/runs/cnv/all_samples/DaysToNextBiopsy_stage1_all_samples,all_samples,cnv_mlp,cnv,DaysToNextBiopsy,regression,windows_armdiff_plus_arms_plus_cx,none,-1,,,,5,5,0,,5,True,912,,,,,,,,,,,,,,,,,,,,,,,,,,,,,5262807.136049374,11767270.974659987,2.2985873787612584e+16,5.1397976310957896e+16,67802794.60136172,151610746.78208888,-242786156842.1861,542886350694.3693
cnv_anchor/runs/cnv/all_samples/DaysToNextBiopsy_stage1_all_samples,all_samples,cnv_random_forest,cnv,DaysToNextBiopsy,regression,windows_armdiff_plus_arms_plus_cx,none,-1,,,,5,5,0,,5,True,912,,,,,,,,,,,,,,,,,,,,,,,,,,,,,287.3526716599734,32.8715724262198,122929.70654351418,28679.95732988225,348.75844016765325,40.26873718127413,-0.009008232853855658,0.08688923641880351
cnv_anchor/runs/cnv/all_samples/DaysToNextBiopsy_stage1_all_samples,all_samples,cnv_xgboost,cnv,DaysToNextBiopsy,regression,windows_armdiff_plus_arms_plus_cx,none,-1,,,,5,5,0,,5,True,912,,,,,,,,,,,,,,,,,,,,,,,,,,,,,293.1588549849677,32.7436000087029,134399.41829852882,28247.32539785319,365.0509218320948,37.70349400365093,-0.10973842104334039,0.1202160769351308
cnv_anchor/runs/late_fusion/all_samples_20260304_200011,all_samples,latefusion_cnv_only,cnv,DaysToNextBiopsy,regression,windows_armdiff_plus_arms_plus_cx,none,-1,,,,5,5,0,,5,True,912,,,,,,,,,,,,,,,,,,,,,,,,,,,,,293.77345349654087,32.49913022381532,123423.92558064195,32442.79552787151,348.96780372562057,45.35137185850486,-0.0047620865253128475,0.014814390560604004
virchow2/runs/multimodal/all_samples/DaysToNextBiopsy_stage1_all_samples,all_samples,early_mean_mlp_timev1,multimodal,DaysToNextBiopsy,regression,windows_armdiff_plus_arms_plus_cx,none,-1,,,,5,5,0,,5,True,912,,,,,,,,,,,,,,,,,,,,,,,,,,,,,242.42673534338556,22.33202105802642,102547.17068755603,17435.53296690253,319.2729217318373,27.658003732466803,0.13726611938241923,0.18532525163212715
cnv_anchor/runs/cnv/exclude_hgd_imc/DaysToNextBiopsy_stage2_exclusions,exclude_hgd_imc,cnv_elasticnet_logreg,cnv,DaysToNextBiopsy,regression,windows_armdiff_plus_arms_plus_cx,none,-1,,,,5,5,0,,5,True,794,,,,,,,,,,,,,,,,,,,,,,,,,,,,,273.54938928988383,21.821619330307673,112028.37740049395,22641.079414762356,333.35597983673534,33.58139566009905,-0.00686706322588333,0.0075714473731737664
cnv_anchor/runs/cnv/exclude_hgd_imc/DaysToNextBiopsy_stage2_exclusions,exclude_hgd_imc,cnv_linear_svm_calibrated,cnv,DaysToNextBiopsy,regression,windows_armdiff_plus_arms_plus_cx,none,-1,,,,5,5,0,,5,True,794,,,,,,,,,,,,,,,,,,,,,,,,,,,,,20633603.079390433,46137411.86177076,3.5335729063810944e+17,7.901309222115633e+17,265841374.04652515,594438447.6999754,-4009796843175.9155,8966178317304.18
cnv_anchor/runs/cnv/exclude_hgd_imc/DaysToNextBiopsy_stage2_exclusions,exclude_hgd_imc,cnv_mlp,cnv,DaysToNextBiopsy,regression,windows_armdiff_plus_arms_plus_cx,none,-1,,,,5,5,0,,5,True,794,,,,,,,,,,,,,,,,,,,,,,,,,,,,,26145555.731660236,58462531.43817614,5.673655163980244e+17,1.2686678627548708e+18,336858016.79859334,753236510.7625086,-6438300600708.24,14396477802760.23
cnv_anchor/runs/cnv/exclude_hgd_imc/DaysToNextBiopsy_stage2_exclusions,exclude_hgd_imc,cnv_random_forest,cnv,DaysToNextBiopsy,regression,windows_armdiff_plus_arms_plus_cx,none,-1,,,,5,5,0,,5,True,794,,,,,,,,,,,,,,,,,,,,,,,,,,,,,275.5426074455696,25.370237874519848,115650.03382164039,22678.783248201456,338.8194709117122,32.62284385112282,-0.04218261453548944,0.05534806202773219
cnv_anchor/runs/cnv/exclude_hgd_imc/DaysToNextBiopsy_stage2_exclusions,exclude_hgd_imc,cnv_xgboost,cnv,DaysToNextBiopsy,regression,windows_armdiff_plus_arms_plus_cx,none,-1,,,,5,5,0,,5,True,794,,,,,,,,,,,,,,,,,,,,,,,,,,,,,279.0008620091585,36.293410774649544,123283.22639348607,31460.95914310742,349.0286722006731,42.752373842295576,-0.10671928470333392,0.13467490263674367
cnv_anchor/runs/late_fusion/exclude_hgd_imc_20260304_200011,exclude_hgd_imc,latefusion_cnv_only,cnv,DaysToNextBiopsy,regression,windows_armdiff_plus_arms_plus_cx,none,-1,,,,5,5,0,,5,True,794,,,,,,,,,,,,,,,,,,,,,,,,,,,,,273.54938928988383,21.821619330307673,112028.37740049395,22641.079414762356,333.35597983673523,33.58139566009906,-0.00686706322588333,0.007571447373173765
virchow2/runs/multimodal/exclude_hgd_imc/DaysToNextBiopsy_stage2_exclusions,exclude_hgd_imc,early_mean_mlp_timev1,multimodal,DaysToNextBiopsy,regression,windows_armdiff_plus_arms_plus_cx,none,-1,,,,5,5,0,,5,True,794,,,,,,,,,,,,,,,,,,,,,,,,,,,,,244.3275806451906,34.537859394231994,105660.28358304784,23330.787879678162,323.40528337751164,36.55998951311488,0.03771352653413209,0.21533890885262483
cnv_anchor/runs/cnv/exclude_lgd_hgd_imc/DaysToNextBiopsy_stage2_exclusions,exclude_lgd_hgd_imc,cnv_elasticnet_logreg,cnv,DaysToNextBiopsy,regression,windows_armdiff_plus_arms_plus_cx,none,-1,,,,5,5,0,,5,True,647,,,,,,,,,,,,,,,,,,,,,,,,,,,,,245.9504382318912,41.61090422612575,103956.73626021731,38065.81312381997,318.6353808853004,55.09344684598226,-0.07736348025996916,0.12431169634090834
cnv_anchor/runs/cnv/exclude_lgd_hgd_imc/DaysToNextBiopsy_stage2_exclusions,exclude_lgd_hgd_imc,cnv_linear_svm_calibrated,cnv,DaysToNextBiopsy,regression,windows_armdiff_plus_arms_plus_cx,none,-1,,,,5,5,0,,5,True,647,,,,,,,,,,,,,,,,,,,,,,,,,,,,,31244183.98414563,69863572.65499355,5.3689987619617446e+17,1.2005446202856256e+18,327689098.7239039,732734374.4271266,-5004780548010.062,11191029517818.8
cnv_anchor/runs/cnv/exclude_lgd_hgd_imc/DaysToNextBiopsy_stage2_exclusions,exclude_lgd_hgd_imc,cnv_mlp,cnv,DaysToNextBiopsy,regression,windows_armdiff_plus_arms_plus_cx,none,-1,,,,5,5,0,,5,True,647,,,,,,,,,,,,,,,,,,,,,,,,,,,,,18457029.143715747,41270533.710239954,1.873577626606795e+17,4.189446934211275e+17,193576035.54921538,432848242.9237302,-1746479236922.1235,3905246295047.1035
cnv_anchor/runs/cnv/exclude_lgd_hgd_imc/DaysToNextBiopsy_stage2_exclusions,exclude_lgd_hgd_imc,cnv_random_forest,cnv,DaysToNextBiopsy,regression,windows_armdiff_plus_arms_plus_cx,none,-1,,,,5,5,0,,5,True,647,,,,,,,,,,,,,,,,,,,,,,,,,,,,,239.6872545990535,39.21008749910396,97827.6193406746,31256.824690177753,309.7771677528893,48.29241244327242,-0.018394281530157274,0.06783418954514746
cnv_anchor/runs/cnv/exclude_lgd_hgd_imc/DaysToNextBiopsy_stage2_exclusions,exclude_lgd_hgd_imc,cnv_xgboost,cnv,DaysToNextBiopsy,regression,windows_armdiff_plus_arms_plus_cx,none,-1,,,,5,5,0,,5,True,647,,,,,,,,,,,,,,,,,,,,,,,,,,,,,261.5545480668749,36.59708008826598,113887.12169670271,31052.47905257725,335.0893895606388,44.752411954289975,-0.196123562960877,0.049871001849230344
cnv_anchor/runs/late_fusion/exclude_lgd_hgd_imc_20260304_200011,exclude_lgd_hgd_imc,latefusion_cnv_only,cnv,DaysToNextBiopsy,regression,windows_armdiff_plus_arms_plus_cx,none,-1,,,,5,5,0,,5,True,647,,,,,,,,,,,,,,,,,,,,,,,,,,,,,239.6872545990535,39.21008749910396,97827.6193406746,31256.824690177753,309.77716775288934,48.292412443272426,-0.018394281530157274,0.06783418954514746
virchow2/runs/multimodal/exclude_lgd_hgd_imc/DaysToNextBiopsy_stage2_exclusions,exclude_lgd_hgd_imc,early_mean_mlp_timev1,multimodal,DaysToNextBiopsy,regression,windows_armdiff_plus_arms_plus_cx,none,-1,,,,5,5,0,,5,True,647,,,,,,,,,,,,,,,,,,,,,,,,,,,,,222.3116621596042,28.505802198531487,96448.92606566811,24915.918424084964,308.51327614535626,39.819663919464254,-0.017725974970069492,0.10141531083092059
virchow2/runs/multimodal/all_samples/HasNextBiopsy_stage1_all_samples,all_samples,early_mean_mlp_timev1,multimodal,HasNextBiopsy,binary,windows_armdiff_plus_arms_plus_cx,none,-1,,,,5,5,0,,5,True,940,0.8285089976399543,0.1600273156456502,0.9933003862139671,0.005107111647921832,0.7618299349725518,0.15572972463647397,0.7606228146613014,0.17066757052671627,0.6866666666666668,0.41739935579996074,0.723644740663984,0.17595179602576322,0.16136983993879112,0.10436201802105334,0.25747865105179174,0.1487131771721985,0.6554063103355968,0.21411337713944623,0.6542014910584883,0.2136126927542439,0.573939393939394,0.3912706807801987,0.49757575757575756,0.4192695559115081,,,,,,,,,,,,
routing/routing_moe_20260304_200011,all_samples,expert_mm_only,multimodal,HasNextBiopsy,binary,windows_armdiff_plus_arms_plus_cx,none,-1,,,,5,5,0,,5,True,940,0.8285089976399543,0.1600273156456502,0.9933003862139671,0.005107111647921806,0.7618299349725517,0.15572972463647394,0.7606228146613014,0.17066757052671627,0.6866666666666668,0.41739935579996074,0.723644740663984,0.17595179602576322,,,,,,,,,,,,,,,,,,,,,,,,
virchow2/runs/multimodal/exclude_hgd_imc/HasNextBiopsy_stage2_exclusions,exclude_hgd_imc,early_mean_mlp_timev1,multimodal,HasNextBiopsy,binary,windows_armdiff_plus_arms_plus_cx,none,-1,,,,5,5,0,,5,True,820,0.8705876892618187,0.09358735076569773,0.9926015845332863,0.01050925571998381,0.8346872627135784,0.14904418890584512,0.8452361627294849,0.16327973562482828,0.63,0.4295346318982906,0.7376180813647425,0.16319994447626407,0.1168644222360875,0.08059505861763212,0.186558628554294,0.1358256468752496,0.7879357333320167,0.19103790210481897,0.865943763050563,0.08995714933798465,0.53,0.37682887362833545,0.33999999999999997,0.4219004621945797,,,,,,,,,,,,
routing/routing_moe_20260304_200011,exclude_hgd_imc,expert_mm_only,multimodal,HasNextBiopsy,binary,windows_armdiff_plus_arms_plus_cx,none,-1,,,,5,5,0,,5,True,820,0.8705876892618187,0.09358735076569774,0.9926015845332863,0.010509255719983861,0.8346872627135784,0.14904418890584512,0.8452361627294849,0.1632797356248283,0.63,0.4295346318982906,0.7376180813647425,0.16319994447626407,,,,,,,,,,,,,,,,,,,,,,,,
virchow2/runs/multimodal/exclude_lgd_hgd_imc/HasNextBiopsy_stage2_exclusions,exclude_lgd_hgd_imc,early_mean_mlp_timev1,multimodal,HasNextBiopsy,binary,windows_armdiff_plus_arms_plus_cx,none,-1,,,,5,5,0,,5,True,671,0.8732250026396369,0.10607958224742836,0.9915725187566637,0.011397291814642444,0.8438768379991167,0.09433345810683169,0.8675776610884821,0.12225738503935486,0.47000000000000003,0.4522167621838005,0.668788830544241,0.1681119437966687,0.12096272243371475,0.05680120789058296,0.22309102388145496,0.11113076617607674,0.7557924189631506,0.2151006674870904,0.7503378735086053,0.2247776026100482,0.5599999999999999,0.433589667773576,0.36,0.403732584763727,,,,,,,,,,,,
routing/routing_moe_20260304_200011,exclude_lgd_hgd_imc,expert_mm_only,multimodal,HasNextBiopsy,binary,windows_armdiff_plus_arms_plus_cx,none,-1,,,,5,5,0,,5,True,671,0.8732250026396369,0.10607958224742835,0.9915725187566637,0.011397291814642477,0.8438768379991167,0.09433345810683169,0.8675776610884821,0.12225738503935486,0.47000000000000003,0.4522167621838005,0.668788830544241,0.1681119437966687,,,,,,,,,,,,,,,,,,,,,,,,
virchow2/runs/multimodal/all_samples/IsFirstBiopsy_stage1_all_samples,all_samples,early_mean_mlp_timev1,multimodal,IsFirstBiopsy,binary,windows_armdiff_plus_arms_plus_cx,none,-1,,,,5,5,0,,5,True,940,0.9990603146853146,0.00210120024109464,0.9966610554097717,0.007466107076856078,0.9856664053152346,0.013757457040013207,1.0,0.0,0.9787212787212788,0.020427267055898944,0.9893606393606393,0.010213633527949491,0.010221309490873161,0.007803521812978023,0.020024438450699632,0.010673787485714674,1.0,0.0,1.0,0.0,0.9986013986013986,0.0031273678006990004,0.9986013986013986,0.0031273678006990004,,,,,,,,,,,,
routing/routing_moe_20260304_200011,all_samples,expert_mm_only,multimodal,IsFirstBiopsy,binary,windows_armdiff_plus_arms_plus_cx,none,-1,,,,5,5,0,,5,True,940,0.9990603146853146,0.00210120024109464,0.9966610554097717,0.007466107076856078,0.9856664053152346,0.013757457040013226,1.0,0.0,0.9787212787212788,0.020427267055898982,0.9893606393606393,0.01021363352794951,,,,,,,,,,,,,,,,,,,,,,,,
virchow2/runs/multimodal/exclude_hgd_imc/IsFirstBiopsy_stage2_exclusions,exclude_hgd_imc,early_mean_mlp_timev1,multimodal,IsFirstBiopsy,binary,windows_armdiff_plus_arms_plus_cx,none,-1,,,,5,5,0,,5,True,820,0.9998832911884847,0.00026096883612134234,0.9997863501423486,0.00047773560509140864,0.9935599810336653,0.008301504545343294,1.0,0.0,0.9895490552923262,0.014185576535574812,0.9947745276461631,0.00709278826778738,0.006018800326786571,0.006785701644836964,0.011643758504866087,0.004315566779405856,1.0,0.0,1.0,0.0,1.0,0.0,0.9979381443298969,0.0046104494381438805,,,,,,,,,,,,
routing/routing_moe_20260304_200011,exclude_hgd_imc,expert_mm_only,multimodal,IsFirstBiopsy,binary,windows_armdiff_plus_arms_plus_cx,none,-1,,,,5,5,0,,5,True,820,0.9998832911884847,0.000260968836121392,0.9997863501423486,0.00047773560509140864,0.9935599810336653,0.008301504545343345,1.0,0.0,0.9895490552923262,0.014185576535574812,0.9947745276461631,0.00709278826778738,,,,,,,,,,,,,,,,,,,,,,,,
virchow2/runs/multimodal/exclude_lgd_hgd_imc/IsFirstBiopsy_stage2_exclusions,exclude_lgd_hgd_imc,early_mean_mlp_timev1,multimodal,IsFirstBiopsy,binary,windows_armdiff_plus_arms_plus_cx,none,-1,,,,5,5,0,,5,True,671,0.9994947368421052,0.0011298027675788525,0.9989389194298788,0.00237264828439528,0.9852751886542276,0.010143056331738868,1.0,0.0,0.9767054701075896,0.015081849129162871,0.9883527350537948,0.007540924564581443,0.010529860472500444,0.007155319133042988,0.016274543455475916,0.0050554762734416805,1.0,0.0,1.0,0.0,0.9978947368421054,0.004707511531578519,0.9978947368421054,0.004707511531578519,,,,,,,,,,,,
routing/routing_moe_20260304_200011,exclude_lgd_hgd_imc,expert_mm_only,multimodal,IsFirstBiopsy,binary,windows_armdiff_plus_arms_plus_cx,none,-1,,,,5,5,0,,5,True,671,0.9994947368421052,0.0011298027675788029,0.9989389194298788,0.00237264828439528,0.9852751886542276,0.010143056331738868,1.0,0.0,0.9767054701075896,0.015081849129162841,0.9883527350537948,0.007540924564581419,,,,,,,,,,,,,,,,,,,,,,,,
virchow2/runs/multimodal/all_samples/IsLastBiopsy_stage1_all_samples,all_samples,early_mean_mlp_timev1,multimodal,IsLastBiopsy,binary,windows_armdiff_plus_arms_plus_cx,none,-1,,,,5,5,0,,5,True,940,0.996462587376848,0.00291079472702613,0.9950445364222318,0.0041508299447225875,0.9449324948341096,0.018309331809947732,0.9721044546850999,0.02775487787809931,0.9261437244995196,0.049339812723472425,0.9491240895923096,0.012124629536002567,0.03784847389190319,0.011321297769647196,0.05417928232349001,0.024710943693378125,0.9971428571428571,0.006388765649999377,0.9857142857142858,0.0202030508910442,0.9923520923520923,0.013122588795832205,0.9805019583591011,0.019557757130768336,,,,,,,,,,,,
routing/routing_moe_20260304_200011,all_samples,expert_mm_only,multimodal,IsLastBiopsy,binary,windows_armdiff_plus_arms_plus_cx,none,-1,,,,5,5,0,,5,True,940,0.9964625873768478,0.002910794727026159,0.9950445364222317,0.004150829944722589,0.9449324948341096,0.01830933180994777,0.9721044546850999,0.02775487787809931,0.9261437244995196,0.049339812723472376,0.9491240895923099,0.012124629536002494,,,,,,,,,,,,,,,,,,,,,,,,
virchow2/runs/multimodal/exclude_hgd_imc/IsLastBiopsy_stage2_exclusions,exclude_hgd_imc,early_mean_mlp_timev1,multimodal,IsLastBiopsy,binary,windows_armdiff_plus_arms_plus_cx,none,-1,,,,5,5,0,,5,True,820,0.9935380297602585,0.009031619756935508,0.9899902185763789,0.014027746019541654,0.9465524624735151,0.03716518203047601,0.9686888070470159,0.04402093138345593,0.9331010139829308,0.049237844294581785,0.9508949105149733,0.03588100630151664,0.03453434302829046,0.021582032950471897,0.04464845739454772,0.020617916466519105,0.9720221403803493,0.04599386561787491,0.9611130494712583,0.0701616068322131,0.9750721937587331,0.050937558010747695,0.9676096349226185,0.058785182188608516,,,,,,,,,,,,
routing/routing_moe_20260304_200011,exclude_hgd_imc,expert_mm_only,multimodal,IsLastBiopsy,binary,windows_armdiff_plus_arms_plus_cx,none,-1,,,,5,5,0,,5,True,820,0.9935380297602586,0.009031619756935453,0.9899902185763789,0.01402774601954163,0.9465524624735153,0.037165182030476016,0.9686888070470159,0.04402093138345591,0.9331010139829308,0.049237844294581834,0.9508949105149733,0.035881006301516645,,,,,,,,,,,,,,,,,,,,,,,,
virchow2/runs/multimodal/exclude_lgd_hgd_imc/IsLastBiopsy_stage2_exclusions,exclude_lgd_hgd_imc,early_mean_mlp_timev1,multimodal,IsLastBiopsy,binary,windows_armdiff_plus_arms_plus_cx,none,-1,,,,5,5,0,,5,True,671,0.9982691256545625,0.0023614138506265624,0.9979286570386897,0.0026705722784777348,0.9510950152529108,0.043818214886068324,0.9911764705882353,0.019730011566174595,0.9247012270477178,0.07434443897388374,0.9579388488179765,0.036154356615803344,0.039209380312411814,0.018331440457358524,0.08609995073443134,0.05041955724540091,1.0,0.0,0.9898623279098873,0.014176419263723783,0.9913779210314262,0.013048018451498007,0.988436744560838,0.01914076061628902,,,,,,,,,,,,
routing/routing_moe_20260304_200011,exclude_lgd_hgd_imc,expert_mm_only,multimodal,IsLastBiopsy,binary,windows_armdiff_plus_arms_plus_cx,none,-1,,,,5,5,0,,5,True,671,0.9982691256545625,0.0023614138506266027,0.9979286570386897,0.0026705722784778054,0.9510950152529108,0.043818214886068296,0.9911764705882353,0.019730011566174644,0.9247012270477178,0.07434443897388372,0.9579388488179765,0.03615435661580335,,,,,,,,,,,,,,,,,,,,,,,,
virchow2/runs/multimodal/all_samples/NextBiopsyExistsInDataset_stage1_all_samples,all_samples,early_mean_mlp_timev1,multimodal,NextBiopsyExistsInDataset,binary,windows_armdiff_plus_arms_plus_cx,none,-1,,,,5,5,0,,5,True,940,0.8657202241286859,0.04277692738662943,0.7737944127044729,0.1427945064612242,0.7892985807342384,0.04476190304167356,0.8268699082769707,0.1067389303712145,0.77858565080722,0.10349903445553814,0.8027277795420954,0.03515813655416461,0.15843541979677406,0.03402669518084623,0.13229055427097308,0.047316119929448425,0.4678294710164456,0.23710000187381497,0.3039033824181099,0.1558106558266083,0.7240588579263797,0.06394742274390376,0.6493253113318455,0.05087893415184235,,,,,,,,,,,,
routing/routing_moe_20260304_200011,all_samples,expert_mm_only,multimodal,NextBiopsyExistsInDataset,binary,windows_armdiff_plus_arms_plus_cx,none,-1,,,,5,5,0,,5,True,940,0.8657202241286859,0.042776927386629394,0.7737944127044729,0.1427945064612242,0.7892985807342384,0.0447619030416736,0.8268699082769707,0.1067389303712145,0.77858565080722,0.10349903445553817,0.8027277795420954,0.03515813655416461,,,,,,,,,,,,,,,,,,,,,,,,
virchow2/runs/multimodal/exclude_hgd_imc/NextBiopsyExistsInDataset_stage2_exclusions,exclude_hgd_imc,early_mean_mlp_timev1,multimodal,NextBiopsyExistsInDataset,binary,windows_armdiff_plus_arms_plus_cx,none,-1,,,,5,5,0,,5,True,820,0.8160719031954342,0.03936709871702803,0.7190784010903573,0.07427918382871651,0.7182133016343543,0.09410146923124696,0.8062085593731163,0.18437544107237444,0.6620645083332406,0.2020014733635267,0.7341365338531786,0.07784307899912668,0.19076598353955684,0.03787751303635573,0.1557238912249398,0.06667795120501512,0.28382157926461726,0.13050309144268038,0.1288954189270645,0.08705299034975113,0.6272299152534769,0.12006703208153749,0.5462415632165649,0.1775858588927498,,,,,,,,,,,,
routing/routing_moe_20260304_200011,exclude_hgd_imc,expert_mm_only,multimodal,NextBiopsyExistsInDataset,binary,windows_armdiff_plus_arms_plus_cx,none,-1,,,,5,5,0,,5,True,820,0.8160719031954342,0.03936709871702803,0.7190784010903573,0.07427918382871654,0.7182133016343543,0.09410146923124696,0.8062085593731163,0.18437544107237439,0.6620645083332406,0.2020014733635267,0.7341365338531786,0.07784307899912668,,,,,,,,,,,,,,,,,,,,,,,,
virchow2/runs/multimodal/exclude_lgd_hgd_imc/NextBiopsyExistsInDataset_stage2_exclusions,exclude_lgd_hgd_imc,early_mean_mlp_timev1,multimodal,NextBiopsyExistsInDataset,binary,windows_armdiff_plus_arms_plus_cx,none,-1,,,,5,5,0,,5,True,671,0.8813471221911697,0.05380569502354599,0.8284394697007599,0.06608464620714595,0.7925564680111805,0.1005110704446164,0.81983127065996,0.21039647147133272,0.76388317962231,0.12400895441416679,0.7918572251411351,0.10448099190847758,0.14254194196656042,0.05035595519939531,0.1042246164599446,0.04708727292392089,0.627110207160225,0.1646320025924609,0.4141182726676357,0.15819967524754153,0.7200856872596002,0.15873990333199933,0.6201738213477344,0.22769718935738004,,,,,,,,,,,,
routing/routing_moe_20260304_200011,exclude_lgd_hgd_imc,expert_mm_only,multimodal,NextBiopsyExistsInDataset,binary,windows_armdiff_plus_arms_plus_cx,none,-1,,,,5,5,0,,5,True,671,0.8813471221911697,0.05380569502354602,0.8284394697007599,0.06608464620714595,0.7925564680111805,0.10051107044461634,0.81983127065996,0.21039647147133272,0.76388317962231,0.12400895441416679,0.7918572251411351,0.10448099190847758,,,,,,,,,,,,,,,,,,,,,,,,
cnv_anchor/runs/cnv/all_samples/NextBiopsyLabel_stage1_all_samples,all_samples,cnv_elasticnet_logreg,cnv,NextBiopsyLabel,multiclass,windows_armdiff_plus_arms_plus_cx,none,-1,,,,5,5,0,,5,True,903,,,,,0.2875413607582848,0.05681520610722952,,,,,,,,,,,,,,,,,,,0.2046227420213857,0.0400590048909477,0.5271042463051383,0.051000881071361116,,,,,,,,
cnv_anchor/runs/cnv/all_samples/NextBiopsyLabel_stage1_all_samples,all_samples,cnv_linear_svm_calibrated,cnv,NextBiopsyLabel,multiclass,windows_armdiff_plus_arms_plus_cx,none,-1,,,,5,5,0,,5,True,903,,,,,0.6030314857176303,0.036598346636933086,,,,,,,,,,,,,,,,,,,0.16599138931250962,0.019291269215734815,0.5581985646262209,0.05459639119989804,,,,,,,,
cnv_anchor/runs/cnv/all_samples/NextBiopsyLabel_stage1_all_samples,all_samples,cnv_mlp,cnv,NextBiopsyLabel,multiclass,windows_armdiff_plus_arms_plus_cx,none,-1,,,,5,5,0,,5,True,903,,,,,0.5841193854659733,0.04753525639285409,,,,,,,,,,,,,,,,,,,0.1941722864528158,0.017670989493247132,0.5423867276883864,0.055682952637084074,,,,,,,,
cnv_anchor/runs/cnv/all_samples/NextBiopsyLabel_stage1_all_samples,all_samples,cnv_random_forest,cnv,NextBiopsyLabel,multiclass,windows_armdiff_plus_arms_plus_cx,none,-1,,,,5,5,0,,5,True,903,,,,,0.6114987115968739,0.023053509778063672,,,,,,,,,,,,,,,,,,,0.20424175597118538,0.04507344689177623,0.6393861426648888,0.038764047985361386,,,,,,,,
cnv_anchor/runs/cnv/all_samples/NextBiopsyLabel_stage1_all_samples,all_samples,cnv_xgboost,cnv,NextBiopsyLabel,multiclass,windows_armdiff_plus_arms_plus_cx,none,-1,,,,5,5,0,,5,True,903,,,,,0.5890989743053776,0.03528140493302128,,,,,,,,,,,,,,,,,,,0.23549627057037203,0.03425353403160872,0.6413658269529019,0.052216895421201184,,,,,,,,
cnv_anchor/runs/late_fusion/all_samples_20260304_200011,all_samples,latefusion_cnv_only,cnv,NextBiopsyLabel,multiclass,windows_armdiff_plus_arms_plus_cx,none,-1,,,,5,5,0,,5,True,903,,,,,0.5890989743053776,0.03528140493302128,,,,,,,,,,,,,,,,,,,0.23549627057037203,0.03425353403160872,0.6413658269529019,0.052216895421201164,,,,,,,,
routing/routing_moe_20260304_200011,all_samples,expert_cnv_only,multimodal,NextBiopsyLabel,multiclass,windows_armdiff_plus_arms_plus_cx,none,-1,,,,5,5,0,,5,True,903,,,,,0.5890989743053776,0.03528140493302128,,,,,,,,,,,,,,,,,,,0.23549627057037203,0.03425353403160872,0.6413658269529019,0.052216895421201164,,,,,,,,
cnv_anchor/runs/cnv/exclude_hgd_imc/NextBiopsyLabel_stage2_exclusions,exclude_hgd_imc,cnv_elasticnet_logreg,cnv,NextBiopsyLabel,multiclass,windows_armdiff_plus_arms_plus_cx,none,-1,,,,5,5,0,,5,True,785,,,,,0.21253243872467795,0.13053589168929086,,,,,,,,,,,,,,,,,,,0.1293250284849949,0.09084973247540928,0.4973595948499795,0.035291213393839074,,,,,,,,
cnv_anchor/runs/cnv/exclude_hgd_imc/NextBiopsyLabel_stage2_exclusions,exclude_hgd_imc,cnv_linear_svm_calibrated,cnv,NextBiopsyLabel,multiclass,windows_armdiff_plus_arms_plus_cx,none,-1,,,,5,5,0,,5,True,785,,,,,0.6605991971027811,0.04822133975669001,,,,,,,,,,,,,,,,,,,0.16153778408408934,0.004809160849875884,0.5429121838788459,0.05567983036140432,,,,,,,,
cnv_anchor/runs/cnv/exclude_hgd_imc/NextBiopsyLabel_stage2_exclusions,exclude_hgd_imc,cnv_mlp,cnv,NextBiopsyLabel,multiclass,windows_armdiff_plus_arms_plus_cx,none,-1,,,,5,5,0,,5,True,785,,,,,0.648527386001611,0.03837750167636394,,,,,,,,,,,,,,,,,,,0.19198865513182492,0.033696363539498314,0.48234480578432376,0.05819506933755742,,,,,,,,
cnv_anchor/runs/cnv/exclude_hgd_imc/NextBiopsyLabel_stage2_exclusions,exclude_hgd_imc,cnv_random_forest,cnv,NextBiopsyLabel,multiclass,windows_armdiff_plus_arms_plus_cx,none,-1,,,,5,5,0,,5,True,785,,,,,0.6648781915989067,0.043623656532340314,,,,,,,,,,,,,,,,,,,0.17368802621322632,0.023131884332308592,0.6268686198573622,0.04744346765294673,,,,,,,,
cnv_anchor/runs/cnv/exclude_hgd_imc/NextBiopsyLabel_stage2_exclusions,exclude_hgd_imc,cnv_xgboost,cnv,NextBiopsyLabel,multiclass,windows_armdiff_plus_arms_plus_cx,none,-1,,,,5,5,0,,5,True,785,,,,,0.6391126338161236,0.0356398149717707,,,,,,,,,,,,,,,,,,,0.21316120208286202,0.040134074494269645,0.6132369469925611,0.04903014755318334,,,,,,,,
cnv_anchor/runs/late_fusion/exclude_hgd_imc_20260304_200011,exclude_hgd_imc,latefusion_cnv_only,cnv,NextBiopsyLabel,multiclass,windows_armdiff_plus_arms_plus_cx,none,-1,,,,5,5,0,,5,True,785,,,,,0.6648781915989067,0.043623656532340314,,,,,,,,,,,,,,,,,,,0.17368802621322632,0.0231318843323086,0.6268792895713966,0.047591426741659955,,,,,,,,
routing/routing_moe_20260304_200011,exclude_hgd_imc,expert_cnv_only,multimodal,NextBiopsyLabel,multiclass,windows_armdiff_plus_arms_plus_cx,none,-1,,,,5,5,0,,5,True,785,,,,,0.6648781915989067,0.043623656532340314,,,,,,,,,,,,,,,,,,,0.17368802621322632,0.0231318843323086,0.6268728483475641,0.04758832086907192,,,,,,,,
cnv_anchor/runs/cnv/exclude_lgd_hgd_imc/NextBiopsyLabel_stage2_exclusions,exclude_lgd_hgd_imc,cnv_elasticnet_logreg,cnv,NextBiopsyLabel,multiclass,windows_armdiff_plus_arms_plus_cx,none,-1,,,,5,5,0,,5,True,638,,,,,0.2797068696539192,0.2996632865886762,,,,,,,,,,,,,,,,,,,0.11574017682099502,0.09288240809875327,0.5371458015180894,0.043804481512756885,,,,,,,,
cnv_anchor/runs/cnv/exclude_lgd_hgd_imc/NextBiopsyLabel_stage2_exclusions,exclude_lgd_hgd_imc,cnv_linear_svm_calibrated,cnv,NextBiopsyLabel,multiclass,windows_armdiff_plus_arms_plus_cx,none,-1,,,,5,5,0,,5,True,638,,,,,0.7442687931303581,0.03913708407072707,,,,,,,,,,,,,,,,,,,0.17895854844807907,0.015390113223721559,0.5708644884489045,0.055883319329329315,,,,,,,,
cnv_anchor/runs/cnv/exclude_lgd_hgd_imc/NextBiopsyLabel_stage2_exclusions,exclude_lgd_hgd_imc,cnv_mlp,cnv,NextBiopsyLabel,multiclass,windows_armdiff_plus_arms_plus_cx,none,-1,,,,5,5,0,,5,True,638,,,,,0.731820957978127,0.05025038195498197,,,,,,,,,,,,,,,,,,,0.18716872856326136,0.01355516239677283,0.41367512071242946,0.029689038278672496,,,,,,,,
cnv_anchor/runs/cnv/exclude_lgd_hgd_imc/NextBiopsyLabel_stage2_exclusions,exclude_lgd_hgd_imc,cnv_random_forest,cnv,NextBiopsyLabel,multiclass,windows_armdiff_plus_arms_plus_cx,none,-1,,,,5,5,0,,5,True,638,,,,,0.7509820798436448,0.04252927904119602,,,,,,,,,,,,,,,,,,,0.17984870705021314,0.014803030758676785,0.6228412854772004,0.04968252125374995,,,,,,,,
cnv_anchor/runs/cnv/exclude_lgd_hgd_imc/NextBiopsyLabel_stage2_exclusions,exclude_lgd_hgd_imc,cnv_xgboost,cnv,NextBiopsyLabel,multiclass,windows_armdiff_plus_arms_plus_cx,none,-1,,,,5,5,0,,5,True,638,,,,,0.7327115395502523,0.034154505993307945,,,,,,,,,,,,,,,,,,,0.18563488737724304,0.017403500841506873,0.6106248015422779,0.05445650098947947,,,,,,,,
cnv_anchor/runs/late_fusion/exclude_lgd_hgd_imc_20260304_200011,exclude_lgd_hgd_imc,latefusion_cnv_only,cnv,NextBiopsyLabel,multiclass,windows_armdiff_plus_arms_plus_cx,none,-1,,,,5,5,0,,5,True,638,,,,,0.7509820798436447,0.04252927904119605,,,,,,,,,,,,,,,,,,,0.17984870705021314,0.014803030758676781,0.6228137827269254,0.04972528086507745,,,,,,,,
routing/routing_moe_20260304_200011,exclude_lgd_hgd_imc,expert_cnv_only,multimodal,NextBiopsyLabel,multiclass,windows_armdiff_plus_arms_plus_cx,none,-1,,,,5,5,0,,5,True,638,,,,,0.7509820798436447,0.04252927904119605,,,,,,,,,,,,,,,,,,,0.17984870705021314,0.014803030758676781,0.6228137827269254,0.04972528086507745,,,,,,,,
cnv_anchor/runs/cnv/all_samples/NextBiopsyProgression_LGD3plus_stage1_all_samples,all_samples,cnv_elasticnet_logreg,cnv,NextBiopsyProgression_LGD3plus,binary,windows_armdiff_plus_arms_plus_cx,none,-1,,,,5,5,0,,5,True,903,0.66770078607261,0.11521889394007821,0.43604599566068547,0.09271058512055977,0.7218774542281181,0.03460824898295351,0.5291204528732314,0.15057406787575972,0.7781077946443801,0.055627309548350594,0.6536141237588057,0.06063821909008789,0.2088848017485112,0.0176910589128089,0.24596412699473907,0.047727834084719346,0.38007893362623646,0.13227303999795734,0.25966914155691606,0.10884234193796057,0.18187799192677243,0.17704813972026964,0.12452282676672918,0.18004683012611397,,,,,,,,,,,,
cnv_anchor/runs/cnv/all_samples/NextBiopsyProgression_LGD3plus_stage1_all_samples,all_samples,cnv_linear_svm_calibrated,cnv,NextBiopsyProgression_LGD3plus,binary,windows_armdiff_plus_arms_plus_cx,none,-1,,,,5,5,0,,5,True,903,0.6394501895767701,0.0889612838824268,0.4130062010726118,0.0727042800065375,0.7914299191541708,0.03017913407583141,0.08480447897634127,0.07004361432626571,0.986997668997669,0.011345881772897052,0.5359010739870051,0.03122841568466523,0.15985012928333853,0.018616217695834887,0.09381997455056697,0.03154659573664945,0.32834052330609664,0.16339753448634,0.22211502313535383,0.1068128935439791,0.10933924611973392,0.11746162005553558,0.07415805332878503,0.08343363692592107,,,,,,,,,,,,
cnv_anchor/runs/cnv/all_samples/NextBiopsyProgression_LGD3plus_stage1_all_samples,all_samples,cnv_mlp,cnv,NextBiopsyProgression_LGD3plus,binary,windows_armdiff_plus_arms_plus_cx,none,-1,,,,5,5,0,,5,True,903,0.6480866391039364,0.0738911406071537,0.37712268592861786,0.05231031266631569,0.7027261358065352,0.1044080608358699,0.45155750041952264,0.21089094717925816,0.7730104042299164,0.15608220629798797,0.6122839523247195,0.09008047213865604,0.2112716889287703,0.02811673462445379,0.21328069629981128,0.07185342034552775,0.2835587396248822,0.15037768353231123,0.15913210093421534,0.05802698159144563,0.1408876002046734,0.05667043865403301,0.07292398658252316,0.05897507239565488,,,,,,,,,,,,
cnv_anchor/runs/cnv/all_samples/NextBiopsyProgression_LGD3plus_stage1_all_samples,all_samples,cnv_pca_logreg,cnv,NextBiopsyProgression_LGD3plus,binary,windows_armdiff_plus_arms_plus_cx,none,-1,,,,5,5,0,,5,True,903,0.6414237026080692,0.09170871186844781,0.41675076702078806,0.0713406983997008,0.7052827028085382,0.03219337164753844,0.5117866407560092,0.12842289215174968,0.7608548524646086,0.05667132274995038,0.6363207466103089,0.04971716538004452,0.21484902836219347,0.022662779971166277,0.2323001718241179,0.08758045165316636,0.39142633710375646,0.12299953112915972,0.22287256251474194,0.056551048402837034,0.1268451873329922,0.15044840516552888,0.0662614133833646,0.09095300573381031,,,,,,,,,,,,
cnv_anchor/runs/cnv/all_samples/NextBiopsyProgression_LGD3plus_stage1_all_samples,all_samples,cnv_random_forest,cnv,NextBiopsyProgression_LGD3plus,binary,windows_armdiff_plus_arms_plus_cx,none,-1,,,,5,5,0,,5,True,903,0.7420622563269632,0.07992056835417617,0.4729850622028547,0.054084691738938366,0.7933890752652479,0.023886991703917268,0.14217601175367509,0.0957383330717717,0.9722392404343625,0.026079520556661115,0.5572076260940187,0.037016701101434915,0.1493831177714836,0.019501243967806243,0.07799454820197636,0.02440390639302106,0.42609578259456277,0.11487993243924513,0.2178021988854193,0.11505146423124174,0.3850009665131616,0.20443408495881274,0.16843481721530504,0.13242478338359961,,,,,,,,,,,,
cnv_anchor/runs/cnv/all_samples/NextBiopsyProgression_LGD3plus_stage1_all_samples,all_samples,cnv_temporal_delta_logreg,cnv,NextBiopsyProgression_LGD3plus,binary,windows_armdiff_plus_arms_plus_cx,none,-1,,,,5,5,0,,5,True,903,0.6798846932689795,0.10362587142571225,0.43126155275530975,0.1237470911040948,0.7129328487045591,0.041406982344932675,0.5538336953549748,0.24945868350661432,0.7617747455796237,0.04270127468686105,0.6578042204672992,0.10918090643819203,0.22096432196896787,0.027147961249149862,0.22678590074958116,0.07085692987324825,0.35801414994150155,0.18900706947432022,0.23426837949255946,0.12131672198780986,0.17627926544999717,0.11802271982644039,0.057499005059980665,0.051202545959925516,,,,,,,,,,,,
cnv_anchor/runs/cnv/all_samples/NextBiopsyProgression_LGD3plus_stage1_all_samples,all_samples,cnv_xgboost,cnv,NextBiopsyProgression_LGD3plus,binary,windows_armdiff_plus_arms_plus_cx,none,-1,,,,5,5,0,,5,True,903,0.7122031740789371,0.08106532483755897,0.4461100666010216,0.07193724102701739,0.7823385799375201,0.026051897561913877,0.200064443372657,0.07900820936735142,0.9434319176758201,0.008960372971916576,0.5717481805242385,0.037362685835769245,0.17481294929631602,0.03781429245861846,0.15343340891997262,0.05297328586971699,0.38468421034102795,0.09978338690533214,0.1883543047717621,0.06679431227916441,0.2656619478082893,0.14072042520678088,0.18854522713059296,0.12259468510780197,,,,,,,,,,,,
cnv_anchor/runs/late_fusion/all_samples_20260304_200011,all_samples,latefusion_cnv_only,cnv,NextBiopsyProgression_LGD3plus,binary,windows_armdiff_plus_arms_plus_cx,none,-1,,,,5,5,0,,5,True,903,0.7420622563269632,0.07992056835417617,0.4729850622028547,0.05408469173893837,0.7933890752652479,0.023886991703917268,0.14217601175367509,0.0957383330717717,0.9722392404343625,0.02607952055666113,0.5572076260940187,0.03701670110143495,,,,,,,,,,,,,,,,,,,,,,,,
gigapath/runs/image/all_samples/NextBiopsyProgression_LGD3plus_stage1_all_samples,all_samples,abmil,image,NextBiopsyProgression_LGD3plus,binary,NA,none,-1,,,,5,5,0,,5,True,903,0.7738124785403301,0.13020744832082257,0.5200179413012508,0.17523617268173305,0.7300492597546354,0.04705569417650259,0.6618590709010878,0.2716773034938337,0.7561554380578771,0.0728996207200991,0.7090072544794823,0.11266384183079509,0.19463713280906664,0.02662316815899744,0.20899019905479027,0.06821651678857973,0.45412483820507676,0.2788329888607431,0.2452016959276379,0.177656409739911,0.49640775484677924,0.26912371235656,0.35528216498948206,0.29447773009720435,,,,,,,,,,,,
uni2/runs/image/all_samples/NextBiopsyProgression_LGD3plus_stage1_all_samples,all_samples,abmil,image,NextBiopsyProgression_LGD3plus,binary,NA,none,-1,,,,5,5,0,,5,True,903,0.7738084092769772,0.14543925213731107,0.5181927732821564,0.18306788428477158,0.6661805311609819,0.06567136256643831,0.6963374440685365,0.2529525694442391,0.6645461367900392,0.09475828342051815,0.6804417904292879,0.10641903542726046,0.21823163262541073,0.03591330726766833,0.24494051016830037,0.08896346818799986,0.48098449702461626,0.3030415001233877,0.2820140325925091,0.23326963090459804,0.48963784183296377,0.29113116970029457,0.4284718858377395,0.28570994471761235,,,,,,,,,,,,
virchow2/runs/image/all_samples/NextBiopsyProgression_LGD3plus_stage1_all_samples,all_samples,abmil,image,NextBiopsyProgression_LGD3plus,binary,NA,none,-1,,,,5,5,0,,5,True,903,0.7651017504524604,0.13398697562369855,0.5078274723564729,0.15955112270708458,0.6275701905642642,0.046805753564881564,0.7562179781003311,0.24967085689534224,0.5984518733299221,0.10336187560241454,0.6773349257151267,0.08881160674868005,0.24423117178245096,0.044437412179214784,0.2856667338805206,0.09207360861908644,0.4488041926447998,0.30764536352796285,0.31103986932016203,0.23204476331508292,0.47578941383819434,0.2673292737535734,0.3273062709648076,0.2966482666021696,,,,,,,,,,,,
gigapath/runs/image/all_samples/NextBiopsyProgression_LGD3plus_stage1_all_samples,all_samples,abmil_nogate,image,NextBiopsyProgression_LGD3plus,binary,NA,none,-1,,,,5,5,0,,5,True,903,0.7725001359292495,0.12622212893967047,0.5265166228932758,0.16145979750125403,0.699408599714553,0.10725475635085276,0.686602481461793,0.3362581743426284,0.7129255784865541,0.18444993767645243,0.6997640299741734,0.1239880062768272,0.21405777565049683,0.061629912838018726,0.25147281849626824,0.12007980880020432,0.48689186407700913,0.2549210523420606,0.28787319267883105,0.19008949240800502,0.45839263175848544,0.27665325272535796,0.34062061515720055,0.30302394276950856,,,,,,,,,,,,
uni2/runs/image/all_samples/NextBiopsyProgression_LGD3plus_stage1_all_samples,all_samples,abmil_nogate,image,NextBiopsyProgression_LGD3plus,binary,NA,none,-1,,,,5,5,0,,5,True,903,0.7818012905849369,0.13830230501200896,0.5115701988688166,0.1767814691410112,0.6749690634184924,0.10212898267490127,0.6159075994033978,0.3726588649355207,0.7043047359144919,0.21847240225571166,0.6601061676589448,0.09413488667177809,0.21266399810252512,0.048710043809855504,0.21678130240107643,0.14696222137226,0.46805497565595156,0.31199268422289134,0.24586822881645326,0.24084990461538136,0.49090795383478303,0.30407812801813905,0.397170276877594,0.32829016011225814,,,,,,,,,,,,
virchow2/runs/image/all_samples/NextBiopsyProgression_LGD3plus_stage1_all_samples,all_samples,abmil_nogate,image,NextBiopsyProgression_LGD3plus,binary,NA,none,-1,,,,5,5,0,,5,True,903,0.7629927428231387,0.13327141073236654,0.5126366304275457,0.17090556426574,0.6831313185434762,0.08246994243714367,0.6786052602859326,0.29737311182768394,0.6916478480868725,0.1543510219042792,0.6851265541864026,0.09979382303102548,0.2243001076137318,0.030639714622671677,0.266942308529387,0.08785918836176225,0.421146016177732,0.31959949198933657,0.33297744200319424,0.2744914341239497,0.42866541588492807,0.31700628600591135,0.3360056853715391,0.29611691032550863,,,,,,,,,,,,
virchow2/runs/late_fusion/all_samples_20260304_200011,all_samples,latefusion_abmil_img_only,image,NextBiopsyProgression_LGD3plus,binary,windows_armdiff_plus_arms_plus_cx,none,-1,,,,5,5,0,,5,True,903,0.7651017504524604,0.1339869756236986,0.5078274723564729,0.15955112270708458,0.6275701905642642,0.046805753564881564,0.756217978100331,0.2496708568953422,0.5984518733299221,0.10336187560241454,0.6773349257151267,0.08881160674868005,,,,,,,,,,,,,,,,,,,,,,,,
virchow2/runs/late_fusion/all_samples_20260304_200011,all_samples,latefusion_pool_mean_img_only,image,NextBiopsyProgression_LGD3plus,binary,windows_armdiff_plus_arms_plus_cx,none,-1,,,,5,5,0,,5,True,903,0.7587620120363905,0.12133115365728941,0.5016389395069911,0.1342212020773201,0.709237558065792,0.09170708407372574,0.6031514447421198,0.29585786969543704,0.7455663198590028,0.14175400701150562,0.6743588823005613,0.1213182673880371,,,,,,,,,,,,,,,,,,,,,,,,
gigapath/runs/image/all_samples/NextBiopsyProgression_LGD3plus_stage1_all_samples,all_samples,pool_mean,image,NextBiopsyProgression_LGD3plus,binary,NA,none,-1,,,,5,5,0,,5,True,903,0.7666440938177976,0.13997334431792333,0.5225113977309088,0.15026044229601093,0.7659554608133968,0.08484433622767265,0.5722446538732795,0.26937224346619226,0.8243833077491616,0.07429835173090785,0.6983139808112204,0.1365654657378524,0.17884531177644586,0.030631443325844904,0.18675269144411716,0.04527216892829467,0.4393625274156584,0.2378326346947157,0.27665660516405977,0.2000953972287403,0.4651435556313605,0.2730878113024646,0.3386166353971232,0.2765334753419246,,,,,,,,,,,,
uni2/runs/image/all_samples/NextBiopsyProgression_LGD3plus_stage1_all_samples,all_samples,pool_mean,image,NextBiopsyProgression_LGD3plus,binary,NA,none,-1,,,,5,5,0,,5,True,903,0.776809106717019,0.12860543696193488,0.5035868902848463,0.1380650260324122,0.6628870159680289,0.0801034050699575,0.7182114746191732,0.30423602262763466,0.6556218090852237,0.12756422422278563,0.6869166418521985,0.12557499603450842,0.2158231039109865,0.039502768446197524,0.2576464163931116,0.08445004959798001,0.49856200075338053,0.27458525600178196,0.2676057543251905,0.20810590464542686,0.5287392120075047,0.2756636679612172,0.3935773494797885,0.2635721189761124,,,,,,,,,,,,
virchow2/runs/image/all_samples/NextBiopsyProgression_LGD3plus_stage1_all_samples,all_samples,pool_mean,image,NextBiopsyProgression_LGD3plus,binary,NA,none,-1,,,,5,5,0,,5,True,903,0.7587620120363905,0.12133115365728941,0.5016389395069911,0.1342212020773201,0.709237558065792,0.09170708407372574,0.6031514447421198,0.29585786969543704,0.7455663198590028,0.14175400701150564,0.6743588823005613,0.1213182673880371,0.1923313941968491,0.03834647241314691,0.21180676828490502,0.08631578330480334,0.45011607927628533,0.21929036177509523,0.2677728921480616,0.15621997829444773,0.39666041275797376,0.22716714003984118,0.30716402296890105,0.2211851129769239,,,,,,,,,,,,
gigapath/runs/image/all_samples/NextBiopsyProgression_LGD3plus_stage1_all_samples,all_samples,set_transformer_lite,image,NextBiopsyProgression_LGD3plus,binary,NA,none,-1,,,,5,5,0,,5,True,903,0.7820603977625085,0.137465127014277,0.52430023541031,0.17106324030183992,0.6460841405376248,0.20677219339479072,0.6682077922077923,0.3878535106946152,0.6517226675763261,0.32091301045370363,0.6599652298920592,0.15005902878272745,0.2315163920149296,0.07872165762097531,0.2708260510217608,0.1452033561220799,0.5074795619127416,0.2635091261940082,0.24988988674648743,0.18715689972192737,0.5426086758769686,0.30242616765258845,0.42463960429814096,0.3127535431873776,,,,,,,,,,,,
uni2/runs/image/all_samples/NextBiopsyProgression_LGD3plus_stage1_all_samples,all_samples,set_transformer_lite,image,NextBiopsyProgression_LGD3plus,binary,NA,none,-1,,,,5,5,0,,5,True,903,0.776798589053079,0.11749297451278129,0.5007320070240702,0.1290865511673662,0.6923961081139043,0.17638569295999618,0.6518756757835099,0.3154449262629357,0.7075491500369548,0.2679893361474543,0.6797124129102323,0.12331959599676517,0.20603663167758873,0.07989043773018584,0.21414828157094887,0.13008440346573227,0.42963956726385566,0.2852405286887434,0.25872959389034206,0.15110840194516129,0.5272213315140144,0.23516480055917827,0.39772312240604923,0.1958613580251788,,,,,,,,,,,,
virchow2/runs/image/all_samples/NextBiopsyProgression_LGD3plus_stage1_all_samples,all_samples,set_transformer_lite,image,NextBiopsyProgression_LGD3plus,binary,NA,none,-1,,,,5,5,0,,5,True,903,0.7643560909461191,0.13013260596377685,0.5091567319874228,0.19319146293451617,0.7578446820655067,0.07496933125556743,0.511015897267998,0.2933608151302558,0.8301552106430155,0.09082126371651286,0.6705855539555068,0.13092885992321945,0.18181067518583074,0.05022625329341958,0.172157946198063,0.08070148931186587,0.3755178176842585,0.2970659024471278,0.26650305870148644,0.22977803429489385,0.45783228153959865,0.2647101914480191,0.3470600943771675,0.30639725445412835,,,,,,,,,,,,
fusion/foundation_combo_20260304_200011,all_samples,cnv_plus_image_combo_gigapath_mean,multimodal,NextBiopsyProgression_LGD3plus,binary,windows_armdiff_plus_arms_plus_cx,none,-1,,,,5,5,0,,5,True,903,0.8121353222722716,0.12410333628637664,0.5616313713797024,0.17344276815934007,0.8015749520734301,0.08393662251617152,0.5677547406059198,0.3499035256243477,0.8738234123599977,0.09474843256266861,0.7207890764829588,0.15663575218823614,0.16510740861354722,0.032148577326100033,0.18495665935401295,0.07836324485475149,0.49930874402546943,0.2980564700733139,0.3058970168712646,0.22360485946376998,0.5646341463414635,0.32456483343157344,0.44118847006651885,0.30047077707921577,,,,,,,,,,,,
fusion/foundation_combo_20260304_200011,all_samples,cnv_plus_image_combo_gigapath_uni2_mean,multimodal,NextBiopsyProgression_LGD3plus,binary,windows_armdiff_plus_arms_plus_cx,none,-1,,,,5,5,0,,5,True,903,0.8227301968078352,0.11797127169064003,0.567332884004602,0.16909100506290234,0.8144020805917698,0.060044297457324106,0.5174949698354415,0.3675451797705889,0.9052912615839446,0.045762935275567435,0.711393115709693,0.16292511621192032,0.15669496607563627,0.014539624856021833,0.16338611523270802,0.06890865274158288,0.4971665053118022,0.2943438994151261,0.2782275326552909,0.20497721502929422,0.6057280118255728,0.27975865831425223,0.5057509807265905,0.32138013022240985,,,,,,,,,,,,
fusion/foundation_combo_20260304_200011,all_samples,cnv_plus_image_combo_gigapath_uni2_virchow2_mean,multimodal,NextBiopsyProgression_LGD3plus,binary,windows_armdiff_plus_arms_plus_cx,none,-1,,,,5,5,0,,5,True,903,0.8195640416995456,0.1170131324044997,0.5671062215430729,0.17455451257766774,0.811483875622071,0.07376550473095586,0.5258364882609936,0.3525047716827472,0.8985554607993633,0.04427901388487046,0.7121959745301784,0.1645220228276724,0.15790497905934625,0.01581987728346216,0.17031904742408283,0.07191826789446622,0.49536578502368683,0.2860206318546951,0.3055253303667508,0.22891168647886156,0.5923065552333845,0.26448618607324736,0.4434534083802376,0.31324799310528134,,,,,,,,,,,,
fusion/foundation_combo_20260304_200011,all_samples,cnv_plus_image_combo_gigapath_virchow2_mean,multimodal,NextBiopsyProgression_LGD3plus,binary,windows_armdiff_plus_arms_plus_cx,none,-1,,,,5,5,0,,5,True,903,0.8113281902453051,0.12148138947782222,0.56652276000427,0.17553298364608194,0.8014144868813222,0.08602560673004156,0.5329578541093857,0.3317294529283261,0.8830441753368582,0.07070147524126326,0.7080010147231219,0.15899061849619037,0.1620036761927145,0.024886677563170728,0.17072704974997513,0.08267366800816647,0.495618118215028,0.3097540490016429,0.3094871496985891,0.22652876058583346,0.5738468360907385,0.27522035299126,0.45295809881175736,0.31720345038378234,,,,,,,,,,,,
fusion/foundation_combo_20260304_200011,all_samples,cnv_plus_image_combo_uni2_mean,multimodal,NextBiopsyProgression_LGD3plus,binary,windows_armdiff_plus_arms_plus_cx,none,-1,,,,5,5,0,,5,True,903,0.820803358125203,0.11086520280010989,0.567159296252677,0.16289257167299753,0.7934936663503747,0.029701620535253367,0.47077011215043196,0.3665186197920094,0.8924517596224912,0.082890677090171,0.6816109358864617,0.14227922354295222,0.15729481651674643,0.013868344077543658,0.14816137199138874,0.07757934590703627,0.47538324655375347,0.26719763571290595,0.3070251866142351,0.216385662621387,0.5834602308260843,0.2867531237337003,0.47158041958041963,0.30331618503318564,,,,,,,,,,,,
fusion/foundation_combo_20260304_200011,all_samples,cnv_plus_image_combo_uni2_virchow2_mean,multimodal,NextBiopsyProgression_LGD3plus,binary,windows_armdiff_plus_arms_plus_cx,none,-1,,,,5,5,0,,5,True,903,0.8163397347003188,0.116117835524075,0.5679204311528769,0.17297752666683672,0.8006576983843322,0.05844433720910128,0.5280357679728783,0.33795100903461517,0.884279265449997,0.054991543739603806,0.7061575167114377,0.14848305427637215,0.158775634917758,0.014072826263836461,0.1633017191734074,0.07253811835586647,0.5222329964243763,0.2972802880868498,0.3212886374491145,0.22432491074218203,0.6121353118426289,0.24206493188279715,0.4114281653306044,0.28632502124240305,,,,,,,,,,,,
fusion/foundation_combo_20260304_200011,all_samples,cnv_plus_image_combo_virchow2_mean,multimodal,NextBiopsyProgression_LGD3plus,binary,windows_armdiff_plus_arms_plus_cx,none,-1,,,,5,5,0,,5,True,903,0.799295111810656,0.12226950030574013,0.5564218756350939,0.18334913247875595,0.7924086779763269,0.07991247174869799,0.5908160800977282,0.2672987567383179,0.8533833646028768,0.07585013976122697,0.7220997223503025,0.13176661169806597,0.166350072080025,0.024105112392639235,0.17661146719035775,0.05973066319242037,0.4996256707961777,0.28357775807586655,0.34535280857210926,0.23822788295081054,0.5755856501222355,0.22385707208998692,0.3623012109841378,0.26113285163339006,,,,,,,,,,,,
gigapath/runs/multimodal/all_samples/NextBiopsyProgression_LGD3plus_stage1_all_samples,all_samples,coattn_abmil_cnv,multimodal,NextBiopsyProgression_LGD3plus,binary,windows_armdiff_plus_arms_plus_cx,none,-1,,,,5,5,0,,5,True,903,0.8044126126534623,0.10213703939058948,0.5399679903082035,0.12344212657682235,0.7502521908874291,0.06232766722119844,0.631921075761683,0.33980063861255233,0.7918503610210926,0.11908633512100386,0.7118857183913878,0.13029664315406586,0.1835216441912435,0.03777891619894408,0.20683875954356684,0.1012879003577667,0.4844365711093822,0.19581034165709965,0.28971228608745553,0.12359960622024681,0.5467246574563648,0.24935947320778853,0.38897390414463584,0.2375791529064209,,,,,,,,,,,,
uni2/runs/multimodal/all_samples/NextBiopsyProgression_LGD3plus_stage1_all_samples,all_samples,coattn_abmil_cnv,multimodal,NextBiopsyProgression_LGD3plus,binary,windows_armdiff_plus_arms_plus_cx,none,-1,,,,5,5,0,,5,True,903,0.7976704869123752,0.1037447291339851,0.5467054336742286,0.11498964522525854,0.726503136809784,0.06959921377948075,0.6280919499764716,0.2871699264664376,0.7589518449030643,0.13617815343647915,0.6935218974397681,0.0960500251233165,0.1844475978787706,0.04358595880766436,0.19245784738014277,0.09641517336224924,0.5110834762057316,0.22911520777255875,0.298835818198247,0.12573916148149142,0.5291474216840071,0.22454072031334207,0.3768377963499915,0.2753562991496129,,,,,,,,,,,,
virchow2/runs/multimodal/all_samples/NextBiopsyProgression_LGD3plus_stage1_all_samples,all_samples,coattn_abmil_cnv,multimodal,NextBiopsyProgression_LGD3plus,binary,windows_armdiff_plus_arms_plus_cx,none,-1,,,,5,5,0,,5,True,903,0.7896624217799955,0.10919121801378054,0.5442344418008531,0.14273460629478157,0.7252388401999431,0.08203855008784673,0.6509485248644913,0.2357339358884702,0.7517261925066803,0.14084879560483735,0.7013373586855858,0.07417709490728572,0.18875891514239262,0.04326260740577222,0.18903495935468356,0.11542051442049565,0.492768063237025,0.2588305260777046,0.3393476147057063,0.18968293368873845,0.5289633293535732,0.2495162556263286,0.295248507589971,0.26161813027435293,,,,,,,,,,,,
gigapath/runs/multimodal/all_samples/NextBiopsyProgression_LGD3plus_stage1_all_samples,all_samples,early_max_mlp,multimodal,NextBiopsyProgression_LGD3plus,binary,windows_armdiff_plus_arms_plus_cx,none,-1,,,,5,5,0,,5,True,903,0.7900151175041257,0.08897463347594967,0.5267227675405967,0.0913584398052989,0.72117795168609,0.14564864893035515,0.5976952423198018,0.23376968892593217,0.7476442094490875,0.23849900038965638,0.6726697258844446,0.07537207464586393,0.19533439693726468,0.08689023551253068,0.21177311847400454,0.12755142784293266,0.45169455934866615,0.16879829387611095,0.34191342695435945,0.12319874941743943,0.492741145033828,0.227106296461818,0.36469839103985446,0.24246780784918096,,,,,,,,,,,,
uni2/runs/multimodal/all_samples/NextBiopsyProgression_LGD3plus_stage1_all_samples,all_samples,early_max_mlp,multimodal,NextBiopsyProgression_LGD3plus,binary,windows_armdiff_plus_arms_plus_cx,none,-1,,,,5,5,0,,5,True,903,0.798958457337848,0.06993373836709467,0.5269764941227413,0.06650625118447885,0.7601728598962108,0.07420609761801115,0.6021502747726657,0.20650950261093853,0.8048641764739326,0.12263518893316729,0.7035072256232991,0.0757686591169835,0.16987907511630182,0.037839951268585956,0.174135549870851,0.06419044774237084,0.4539283396643115,0.15326520294924767,0.2808398057170082,0.10624274463272078,0.5154502245721758,0.15290066729115476,0.3471232020012508,0.23031434869745804,,,,,,,,,,,,
virchow2/runs/multimodal/all_samples/NextBiopsyProgression_LGD3plus_stage1_all_samples,all_samples,early_max_mlp,multimodal,NextBiopsyProgression_LGD3plus,binary,windows_armdiff_plus_arms_plus_cx,none,-1,,,,5,5,0,,5,True,903,0.7799156645477865,0.09352526045817051,0.5115333187235066,0.11097176558425617,0.7642518117681074,0.0660221261802851,0.35873578522318017,0.3927657819067896,0.8813653988288135,0.17626718351833134,0.6200505920259969,0.11180409243808918,0.18308193195975828,0.04280249375184771,0.1809140613031083,0.11217350013670735,0.4506017726738789,0.17300420807076272,0.3182377889572251,0.16182743340991815,0.4476017965774063,0.23698098817824306,0.3219830575928137,0.23500708486340008,,,,,,,,,,,,
gigapath/runs/multimodal/all_samples/NextBiopsyProgression_LGD3plus_stage1_all_samples,all_samples,early_mean_mlp,multimodal,NextBiopsyProgression_LGD3plus,binary,windows_armdiff_plus_arms_plus_cx,none,-1,,,,5,5,0,,5,True,903,0.822199242188095,0.09122709492779327,0.5457205641882055,0.10920595680625834,0.7664850562709435,0.057218889793927,0.6607799483429736,0.28794201607667236,0.8019824890556597,0.09966774839310472,0.7313812186993166,0.11211289584066583,0.1761276603463894,0.025359824433456947,0.19808613998517122,0.04406773471612434,0.4776185430183803,0.19590184011537926,0.30670222341135867,0.17283341766309432,0.6257156177156178,0.20320550917357763,0.5013030871567457,0.24277530741061068,,,,,,,,,,,,
uni2/runs/multimodal/all_samples/NextBiopsyProgression_LGD3plus_stage1_all_samples,all_samples,early_mean_mlp,multimodal,NextBiopsyProgression_LGD3plus,binary,windows_armdiff_plus_arms_plus_cx,none,-1,,,,5,5,0,,5,True,903,0.8262376520048329,0.0813983183733589,0.5550463870199343,0.10977675883414434,0.7469069813676894,0.05443710166758409,0.6780384740406428,0.2821120249202187,0.7710426971402582,0.11428338172257067,0.7245405855904504,0.09827120830544679,0.18324591117777106,0.03357444951460084,0.2129068702193301,0.058557541536269284,0.48679156354623965,0.20488899851113912,0.2817826109916107,0.1551261478989994,0.6058552504406163,0.1921845153064159,0.4544397066348286,0.2539479019059128,,,,,,,,,,,,
virchow2/runs/multimodal/all_samples/NextBiopsyProgression_LGD3plus_stage1_all_samples,all_samples,early_mean_mlp,multimodal,NextBiopsyProgression_LGD3plus,binary,windows_armdiff_plus_arms_plus_cx,none,-1,,,,5,5,0,,5,True,903,0.8067166527131148,0.10242645188443765,0.5505422096856172,0.14249566455713958,0.7270792714517483,0.14411999066491013,0.6725486440910674,0.19469631373923557,0.7450376940133038,0.19711210807440574,0.7087931690521857,0.10164692029765152,0.1925475261530225,0.07769368335048862,0.20729647462924822,0.11902474770941547,0.4666828655215752,0.25699124812837365,0.28011676694138066,0.15924974472226505,0.5866847461481608,0.21773408152572601,0.34917277844107114,0.2592599604639851,,,,,,,,,,,,
virchow2/runs/multimodal/all_samples/NextBiopsyProgression_LGD3plus_stage1_all_samples,all_samples,early_mean_mlp_timev1,multimodal,NextBiopsyProgression_LGD3plus,binary,windows_armdiff_plus_arms_plus_cx,none,-1,,,,5,5,0,,5,True,903,0.8392150680346635,0.07560266759969841,0.5800360523401439,0.138250578714037,0.7369187779498094,0.08553067276881808,0.7834569182511715,0.2050989412068389,0.726852009778839,0.1274067175154756,0.7551544640150052,0.08528962542391899,0.17207329466514326,0.034653968253083686,0.1817694116628346,0.07704782533505038,0.5912560402460104,0.17735690346579797,0.3080299990964127,0.2476668118970212,0.624158053328785,0.18395128258779303,0.5096658138609358,0.1306733321457072,,,,,,,,,,,,
routing/routing_moe_20260304_200011,all_samples,ensemble_all3_mean,multimodal,NextBiopsyProgression_LGD3plus,binary,windows_armdiff_plus_arms_plus_cx,none,-1,,,,5,5,0,,5,True,903,0.8584796798539831,0.09956332421482024,0.6193095947989797,0.1785861454849128,0.8181798864816056,0.06834317241531096,0.5962383076397715,0.3117654789563846,0.8869205753595997,0.034100330949377866,0.7415794414996855,0.149110806606495,,,,,,,,,,,,,,,,,,,,,,,,
routing/routing_moe_20260304_200011,all_samples,ensemble_all3_stack_logit,multimodal,NextBiopsyProgression_LGD3plus,binary,windows_armdiff_plus_arms_plus_cx,none,-1,,,,5,5,0,,5,True,903,0.8525453151220551,0.0839616455203498,0.6053639445363828,0.15000462770335668,0.8211623469002767,0.06587779076036192,0.3724447339052923,0.25111638540567394,0.9496743419182444,0.026264972202879672,0.6610595379117683,0.1227316087420254,,,,,,,,,,,,,,,,,,,,,,,,
routing/routing_moe_20260304_200011,all_samples,ensemble_available_mean,multimodal,NextBiopsyProgression_LGD3plus,binary,windows_armdiff_plus_arms_plus_cx,none,-1,,,,5,5,0,,5,True,903,0.8584796798539831,0.09956332421482024,0.6193095947989797,0.1785861454849128,0.8181798864816056,0.06834317241531096,0.5962383076397715,0.3117654789563846,0.8869205753595997,0.034100330949377866,0.7415794414996855,0.149110806606495,,,,,,,,,,,,,,,,,,,,,,,,
routing/routing_moe_20260304_200011,all_samples,ensemble_available_stack_logit,multimodal,NextBiopsyProgression_LGD3plus,binary,windows_armdiff_plus_arms_plus_cx,none,-1,,,,5,5,0,,5,True,903,0.8525453151220551,0.0839616455203498,0.6053639445363828,0.15000462770335668,0.8211623469002767,0.06587779076036192,0.3724447339052923,0.25111638540567394,0.9496743419182444,0.026264972202879672,0.6610595379117683,0.1227316087420254,,,,,,,,,,,,,,,,,,,,,,,,
routing/routing_moe_20260304_200011,all_samples,ensemble_img_cnv_mean,multimodal,NextBiopsyProgression_LGD3plus,binary,windows_armdiff_plus_arms_plus_cx,none,-1,,,,5,5,0,,5,True,903,0.8121353222722716,0.12410333628637664,0.5616313713797024,0.17344276815934007,0.8015749520734301,0.08393662251617152,0.5677547406059198,0.3499035256243477,0.8738234123599977,0.09474843256266861,0.7207890764829588,0.15663575218823614,,,,,,,,,,,,,,,,,,,,,,,,
routing/routing_moe_20260304_200011,all_samples,ensemble_img_cnv_stack_logit,multimodal,NextBiopsyProgression_LGD3plus,binary,windows_armdiff_plus_arms_plus_cx,none,-1,,,,5,5,0,,5,True,903,0.7905552557182386,0.10763043947098211,0.5349681135100667,0.15108138610323654,0.7936678225462162,0.03303918833818251,0.14918565197339934,0.15250698059167975,0.9711782363977486,0.03182384860649835,0.560181944185574,0.062339111595829624,,,,,,,,,,,,,,,,,,,,,,,,
routing/routing_moe_20260304_200011,all_samples,ensemble_mm_cnv_mean,multimodal,NextBiopsyProgression_LGD3plus,binary,windows_armdiff_plus_arms_plus_cx,none,-1,,,,5,5,0,,5,True,903,0.8493387971339093,0.07333758096685677,0.6041987141449353,0.13501530730558517,0.8231377008720615,0.05368900298215162,0.5521176353239243,0.19886702971930562,0.9019439422366252,0.02416274538684504,0.7270307887802747,0.09965364853848907,,,,,,,,,,,,,,,,,,,,,,,,
routing/routing_moe_20260304_200011,all_samples,ensemble_mm_cnv_stack_logit,multimodal,NextBiopsyProgression_LGD3plus,binary,windows_armdiff_plus_arms_plus_cx,none,-1,,,,5,5,0,,5,True,903,0.8494598385558705,0.0750767908556085,0.6005017544265431,0.14053482938857106,0.8147863683386394,0.05426705755159699,0.3379686466962152,0.20256657761030322,0.9496976519415543,0.023939569752250422,0.6438331493188848,0.09823148618124579,,,,,,,,,,,,,,,,,,,,,,,,
routing/routing_moe_20260304_200011,all_samples,ensemble_mm_img_mean,multimodal,NextBiopsyProgression_LGD3plus,binary,windows_armdiff_plus_arms_plus_cx,none,-1,,,,5,5,0,,5,True,903,0.8462426953824449,0.10567166732160323,0.5968066055436074,0.17793609419852668,0.7753226306718812,0.02793052281298756,0.7031964504276784,0.28446032605831456,0.8028603104212861,0.05733855235296468,0.7530283804244823,0.11572967242983377,,,,,,,,,,,,,,,,,,,,,,,,
routing/routing_moe_20260304_200011,all_samples,ensemble_mm_img_stack_logit,multimodal,NextBiopsyProgression_LGD3plus,binary,windows_armdiff_plus_arms_plus_cx,none,-1,,,,5,5,0,,5,True,903,0.843260853933302,0.08893111448740616,0.5897114791472698,0.15882090944263347,0.8184861116108163,0.062049581059178995,0.3571676553319275,0.2718092250060657,0.9508025470464494,0.031029211962956205,0.6539851011891884,0.12776562162725094,,,,,,,,,,,,,,,,,,,,,,,,
routing/routing_moe_20260304_200011,all_samples,expert_cnv_only,multimodal,NextBiopsyProgression_LGD3plus,binary,windows_armdiff_plus_arms_plus_cx,none,-1,,,,5,5,0,,5,True,903,0.7420622563269632,0.07992056835417617,0.4729850622028547,0.05408469173893837,0.7933890752652479,0.023886991703917268,0.14217601175367509,0.0957383330717717,0.9722392404343625,0.02607952055666113,0.5572076260940187,0.03701670110143495,,,,,,,,,,,,,,,,,,,,,,,,
routing/routing_moe_20260304_200011,all_samples,expert_img_only,multimodal,NextBiopsyProgression_LGD3plus,binary,windows_armdiff_plus_arms_plus_cx,none,-1,,,,5,5,0,,5,True,903,0.7820603977625085,0.137465127014277,0.5243002354103101,0.17106324030183992,0.6460841405376248,0.20677219339479072,0.6682077922077923,0.3878535106946152,0.6517226675763261,0.32091301045370363,0.6599652298920592,0.15005902878272745,,,,,,,,,,,,,,,,,,,,,,,,
routing/routing_moe_20260304_200011,all_samples,expert_mm_only,multimodal,NextBiopsyProgression_LGD3plus,binary,windows_armdiff_plus_arms_plus_cx,none,-1,,,,5,5,0,,5,True,903,0.8392150680346635,0.07560266759969839,0.5800360523401439,0.138250578714037,0.7369187779498094,0.08553067276881808,0.7834569182511715,0.20509894120683891,0.726852009778839,0.1274067175154756,0.7551544640150052,0.08528962542391899,,,,,,,,,,,,,,,,,,,,,,,,
fusion/foundation_combo_20260304_200011,all_samples,image_combo_gigapath_uni2_mean,multimodal,NextBiopsyProgression_LGD3plus,binary,windows_armdiff_plus_arms_plus_cx,none,-1,,,,5,5,0,,5,True,903,0.7910722108559125,0.13485302382704603,0.5251383139701897,0.15414218952292355,0.6956280288116654,0.04130561124239801,0.6428356069700607,0.3801915474743555,0.7219760077321052,0.133984501996819,0.682405807351083,0.12912211518748865,0.2040656091006851,0.02138434747534604,0.236869446398904,0.12232211494883415,0.4974546628035378,0.34054710364200313,0.26909656531234194,0.2009791515997102,0.5321308772528284,0.28769621782685767,0.40614850190459945,0.3334223084520077,,,,,,,,,,,,
fusion/foundation_combo_20260304_200011,all_samples,image_combo_gigapath_uni2_virchow2_mean,multimodal,NextBiopsyProgression_LGD3plus,binary,windows_armdiff_plus_arms_plus_cx,none,-1,,,,5,5,0,,5,True,903,0.7848286454023098,0.13728750984111573,0.5274547526339892,0.1628253310358258,0.6823392781237918,0.03477169094732002,0.6654280621339446,0.3281369044743095,0.6971916538745806,0.12316075143594153,0.6813098580042626,0.10601629252451518,0.20942070725692874,0.0220681035757109,0.23993071855065362,0.12317235411260019,0.4974546628035378,0.34054710364200313,0.2815427918968173,0.2024047098419493,0.5076588777076582,0.28021176426587524,0.37891693672181476,0.33642711473798564,,,,,,,,,,,,
fusion/foundation_combo_20260304_200011,all_samples,image_combo_gigapath_virchow2_mean,multimodal,NextBiopsyProgression_LGD3plus,binary,windows_armdiff_plus_arms_plus_cx,none,-1,,,,5,5,0,,5,True,903,0.7749636233227066,0.13614820868624966,0.5235354669645107,0.15835303136425158,0.6526284679163084,0.09931536914619336,0.723247990105133,0.3159281094297671,0.6422362840411622,0.1796747230896222,0.6827421370731475,0.10624762822174198,0.2229735252824038,0.05177269341210017,0.2576771587482379,0.1238741252290247,0.49531997667102035,0.3203139580058516,0.2908177042077828,0.18590955706251397,0.5140026152709078,0.2908585038781457,0.37385445448860083,0.2994871907710824,,,,,,,,,,,,
fusion/foundation_combo_20260304_200011,all_samples,image_combo_uni2_virchow2_mean,multimodal,NextBiopsyProgression_LGD3plus,binary,windows_armdiff_plus_arms_plus_cx,none,-1,,,,5,5,0,,5,True,903,0.7811560035575942,0.13881747608973247,0.5151975873264389,0.17127543617989568,0.6486111409644253,0.053937114730430905,0.6760504929244424,0.3034029506224238,0.6501345158906136,0.121142522630274,0.663092504407528,0.10444969981174825,0.2162603474199772,0.02290242002343776,0.24589464872381478,0.11190011606000025,0.4891477623307387,0.2927170650626156,0.3098390370811081,0.30352519408348433,0.5090738529762919,0.27465828326501,0.3554445392006368,0.34327302895307776,,,,,,,,,,,,
gigapath/runs/multimodal/all_samples/NextBiopsyProgression_LGD3plus_stage1_all_samples,all_samples,intermediate_abmil_cnv,multimodal,NextBiopsyProgression_LGD3plus,binary,windows_armdiff_plus_arms_plus_cx,none,-1,,,,5,5,0,,5,True,903,0.8088992311418046,0.10451710494064115,0.5391998052459821,0.1438680526053472,0.6779435048635947,0.17065750597451124,0.738488399465358,0.32899361124059656,0.6703200864176474,0.25115725730099864,0.7044042429415028,0.144598734259949,0.21645303849913672,0.08678365012462524,0.25520624643019296,0.13032447511126527,0.4625866675115794,0.19411124825027903,0.31505365078582753,0.14254971969329389,0.5736893512991074,0.2378626469011483,0.5017789527545625,0.248118678379371,,,,,,,,,,,,
uni2/runs/multimodal/all_samples/NextBiopsyProgression_LGD3plus_stage1_all_samples,all_samples,intermediate_abmil_cnv,multimodal,NextBiopsyProgression_LGD3plus,binary,windows_armdiff_plus_arms_plus_cx,none,-1,,,,5,5,0,,5,True,903,0.8031511219528638,0.10587663462453718,0.5523108960957825,0.14415336057305955,0.752012693036813,0.08430440988522138,0.6607330650735367,0.32123765699830076,0.7859366649610552,0.12812754363044992,0.7233348650172959,0.13430172791970502,0.180241995253693,0.039960136438384586,0.20116781146791038,0.07700537362083068,0.4669302371975183,0.20822154096620568,0.2936589251536391,0.17058199077273803,0.5963474899084655,0.22205145032236936,0.3813769969867531,0.27324336810742444,,,,,,,,,,,,
virchow2/runs/multimodal/all_samples/NextBiopsyProgression_LGD3plus_stage1_all_samples,all_samples,intermediate_abmil_cnv,multimodal,NextBiopsyProgression_LGD3plus,binary,windows_armdiff_plus_arms_plus_cx,none,-1,,,,5,5,0,,5,True,903,0.7993868470257952,0.10534281979605162,0.5340812442737825,0.1470376097234946,0.7423188309425962,0.0681274229176843,0.563628055327703,0.2658741106067881,0.7934698959577007,0.12800723691672836,0.6785489756427019,0.08963148460301174,0.1802036692324687,0.046237300982821535,0.16853017064685244,0.10035157325273707,0.48671566221796636,0.27223696009549836,0.2890326241933724,0.1754458084279508,0.552466882710785,0.2260949785174083,0.42768412075729156,0.25501967009775045,,,,,,,,,,,,
virchow2/runs/late_fusion/all_samples_20260304_200011,all_samples,latefusion_abmil_mean,multimodal,NextBiopsyProgression_LGD3plus,binary,windows_armdiff_plus_arms_plus_cx,none,-1,,,,5,5,0,,5,True,903,0.799295111810656,0.12226950030574013,0.5564218756350939,0.18334913247875595,0.7924086779763269,0.07991247174869799,0.5908160800977282,0.2672987567383179,0.8533833646028768,0.07585013976122697,0.7220997223503025,0.13176661169806597,,,,,,,,,,,,,,,,,,,,,,,,
virchow2/runs/late_fusion/all_samples_20260304_200011,all_samples,latefusion_abmil_stack_logit,multimodal,NextBiopsyProgression_LGD3plus,binary,windows_armdiff_plus_arms_plus_cx,none,-1,,,,5,5,0,,5,True,903,0.7986193529742824,0.11699749318236975,0.5550965564456695,0.17796147829130446,0.7862000047090777,0.05026006343991895,0.16792747362874766,0.11645922181606151,0.9576973108192621,0.04306642561811426,0.5628123922240048,0.05214791353412504,,,,,,,,,,,,,,,,,,,,,,,,
virchow2/runs/late_fusion/all_samples_20260304_200011,all_samples,latefusion_pool_mean_mean,multimodal,NextBiopsyProgression_LGD3plus,binary,windows_armdiff_plus_arms_plus_cx,none,-1,,,,5,5,0,,5,True,903,0.8040128680948712,0.11407506827742611,0.5643289610398228,0.15734289281172165,0.8203718088441425,0.06968945988846045,0.4621294382855782,0.26677142687203687,0.9242066064017284,0.04231474894494588,0.6931680223436534,0.12854919255046157,,,,,,,,,,,,,,,,,,,,,,,,
virchow2/runs/late_fusion/all_samples_20260304_200011,all_samples,latefusion_pool_mean_stack_logit,multimodal,NextBiopsyProgression_LGD3plus,binary,windows_armdiff_plus_arms_plus_cx,none,-1,,,,5,5,0,,5,True,903,0.804763671661578,0.1129764803478718,0.5700829677649312,0.15843798142009408,0.7978758080831391,0.05223503763968156,0.22328576239880116,0.2046310460821481,0.9585065666041276,0.03554509299479237,0.5908961645014644,0.09299629530958994,,,,,,,,,,,,,,,,,,,,,,,,
routing/routing_moe_20260304_200011,all_samples,routing_k2_hard,multimodal,NextBiopsyProgression_LGD3plus,binary,windows_armdiff_plus_arms_plus_cx,none,-1,,,,5,5,0,,5,True,903,0.800204484971928,0.13623732463389576,0.5399018306835371,0.19086065964549792,0.7028388467444706,0.08497849965505246,0.7266458583433374,0.27692176349281517,0.7035111717550742,0.12787977007712975,0.7150785150492057,0.11371466823466779,,,,,,,,,,,,,,,,,,,,,,,,
routing/routing_moe_20260304_200011,all_samples,routing_k2_soft,multimodal,NextBiopsyProgression_LGD3plus,binary,windows_armdiff_plus_arms_plus_cx,none,-1,,,,5,5,0,,5,True,903,0.8415761676795626,0.12257602651452537,0.5956148497699081,0.19230179736729427,0.7781341450130725,0.05125444916255936,0.6776064326023665,0.26128464215474007,0.8123846722383308,0.03910911850721942,0.7449955524203487,0.1219348106712085,,,,,,,,,,,,,,,,,,,,,,,,
routing/routing_moe_20260304_200011,all_samples,routing_k3_hard,multimodal,NextBiopsyProgression_LGD3plus,binary,windows_armdiff_plus_arms_plus_cx,none,-1,,,,5,5,0,,5,True,903,0.8191700497560882,0.10552492965361021,0.5523792194122195,0.13109856851828786,0.6793225277949346,0.09849675084838495,0.8222424969987996,0.18036758825553942,0.6430250724884872,0.14012056449893906,0.7326337847436435,0.0818216174988968,,,,,,,,,,,,,,,,,,,,,,,,
routing/routing_moe_20260304_200011,all_samples,routing_k3_soft,multimodal,NextBiopsyProgression_LGD3plus,binary,windows_armdiff_plus_arms_plus_cx,none,-1,,,,5,5,0,,5,True,903,0.8361590469398965,0.11310994581386347,0.5740212876427286,0.15833636027696057,0.7196441660499673,0.05583687598522996,0.808940594419586,0.2004896476251368,0.7003841037011769,0.07128764057968803,0.7546623490603814,0.09251763810993406,,,,,,,,,,,,,,,,,,,,,,,,
routing/routing_moe_20260304_200011,all_samples,routing_k4_hard,multimodal,NextBiopsyProgression_LGD3plus,binary,windows_armdiff_plus_arms_plus_cx,none,-1,,,,5,5,0,,5,True,903,0.7767234448477083,0.1190177166274109,0.494386892943994,0.16259270831915057,0.573925485369727,0.15262320710644536,0.8609747899159664,0.18045613024346824,0.5006435840582182,0.21455388191227986,0.6808091869870923,0.09654754553246787,,,,,,,,,,,,,,,,,,,,,,,,
routing/routing_moe_20260304_200011,all_samples,routing_k4_soft,multimodal,NextBiopsyProgression_LGD3plus,binary,windows_armdiff_plus_arms_plus_cx,none,-1,,,,5,5,0,,5,True,903,0.8201210443841409,0.09913101455574819,0.5364531224750613,0.14138923118023883,0.6168089852097636,0.14913179826817843,0.8567149041434756,0.18464569717552465,0.5567655921314458,0.21367160157224827,0.7067402481374606,0.0920640477164862,,,,,,,,,,,,,,,,,,,,,,,,
routing/routing_moe_20260304_200011,all_samples,routing_k5_hard,multimodal,NextBiopsyProgression_LGD3plus,binary,windows_armdiff_plus_arms_plus_cx,none,-1,,,,5,5,0,,5,True,903,0.7981608219656658,0.0992682511536178,0.511840348163794,0.13434854355781886,0.5741677955440793,0.14305279452434003,0.8505726654298084,0.17906192625140424,0.5039454204332252,0.20751748455956828,0.6772590429315167,0.08409548363898545,,,,,,,,,,,,,,,,,,,,,,,,
routing/routing_moe_20260304_200011,all_samples,routing_k5_soft,multimodal,NextBiopsyProgression_LGD3plus,binary,windows_armdiff_plus_arms_plus_cx,none,-1,,,,5,5,0,,5,True,903,0.8251675836595742,0.09771064258655367,0.5459643782652942,0.13587077589704502,0.6257886720532273,0.14654162734832282,0.8708571428571428,0.17877588295553348,0.5641156404571039,0.20869878760018135,0.7174863916571235,0.09117114824322968,,,,,,,,,,,,,,,,,,,,,,,,
routing/routing_moe_20260304_200011,all_samples,routing_k6_hard,multimodal,NextBiopsyProgression_LGD3plus,binary,windows_armdiff_plus_arms_plus_cx,none,-1,,,,5,5,0,,5,True,903,0.810146293927699,0.08838348036638094,0.5357463118790475,0.11971459906225243,0.5717662769495594,0.14641995925479817,0.8607149041434756,0.17834484697910616,0.4980666325544374,0.2105642712981497,0.6793907683489564,0.08689473797088337,,,,,,,,,,,,,,,,,,,,,,,,
routing/routing_moe_20260304_200011,all_samples,routing_k6_soft,multimodal,NextBiopsyProgression_LGD3plus,binary,windows_armdiff_plus_arms_plus_cx,none,-1,,,,5,5,0,,5,True,903,0.829012474463158,0.09470333084441701,0.5464019008606261,0.14064623614061456,0.62596370882473,0.13421614347371216,0.858344923893311,0.167973737902044,0.5672022286656433,0.192135855813803,0.7127735762794771,0.08352877903560854,,,,,,,,,,,,,,,,,,,,,,,,
cnv_anchor/runs/cnv/exclude_hgd_imc/NextBiopsyProgression_LGD3plus_stage2_exclusions,exclude_hgd_imc,cnv_elasticnet_logreg,cnv,NextBiopsyProgression_LGD3plus,binary,windows_armdiff_plus_arms_plus_cx,none,-1,,,,5,5,0,,5,True,785,0.5958081692749652,0.0843861950047538,0.2838918485254872,0.09007005624690281,0.7089341218558788,0.04645485590945437,0.40306678108909344,0.23015513370863067,0.7494999931599351,0.07316029336992041,0.5762833871245142,0.08748666536764985,0.21400388143294208,0.03270338345529584,0.2555508331686274,0.04356717036385496,0.23031180111301816,0.05335529315860396,0.11783533572580225,0.03621530056644095,0.12416053884069647,0.07143118331630018,0.07839704205021016,0.07211855235116896,,,,,,,,,,,,
cnv_anchor/runs/cnv/exclude_hgd_imc/NextBiopsyProgression_LGD3plus_stage2_exclusions,exclude_hgd_imc,cnv_linear_svm_calibrated,cnv,NextBiopsyProgression_LGD3plus,binary,windows_armdiff_plus_arms_plus_cx,none,-1,,,,5,5,0,,5,True,785,0.5586759142951004,0.09632026740347867,0.25777089448686447,0.09783090934587005,0.836816307735502,0.0775029653253275,0.011764705882352941,0.026306682088232818,0.9967159705479898,0.004620020556918041,0.5042403382151713,0.01237518504880021,0.1375305266408422,0.05125775415800909,0.0821577199493258,0.042933338528635144,0.24407551880168513,0.07787533827800565,0.14598013210589275,0.13208102368516902,0.1105788138479645,0.11320734973052987,0.017372249154075918,0.022567332862485603,,,,,,,,,,,,
cnv_anchor/runs/cnv/exclude_hgd_imc/NextBiopsyProgression_LGD3plus_stage2_exclusions,exclude_hgd_imc,cnv_mlp,cnv,NextBiopsyProgression_LGD3plus,binary,windows_armdiff_plus_arms_plus_cx,none,-1,,,,5,5,0,,5,True,785,0.541369883512905,0.03481826631736753,0.25162324157174376,0.09262974527875492,0.7170273589918272,0.0456152027514335,0.3236141883809227,0.14433941396920238,0.7872359545180017,0.0364110344316712,0.5554250714494622,0.05930270342677353,0.21235108953602602,0.027577939004567942,0.25744968353879977,0.05628297163273536,0.22175222343579343,0.07077947678453785,0.11973188744994019,0.052986718203805475,0.08316792517418557,0.07176193910720241,0.03000348260661646,0.02918649728976546,,,,,,,,,,,,
cnv_anchor/runs/cnv/exclude_hgd_imc/NextBiopsyProgression_LGD3plus_stage2_exclusions,exclude_hgd_imc,cnv_pca_logreg,cnv,NextBiopsyProgression_LGD3plus,binary,windows_armdiff_plus_arms_plus_cx,none,-1,,,,5,5,0,,5,True,785,0.5802805394774944,0.1008136763676141,0.27591393390618935,0.11163639891821368,0.6839406190746202,0.06577780045091301,0.39513730691215476,0.14246165670416777,0.7284075136422408,0.07691881263563322,0.5617724102771977,0.05250179256248016,0.21524523918631036,0.04759624456984549,0.2648466470752294,0.04711388011232665,0.2371818276382171,0.09831952013416473,0.13975841264887917,0.09235465801689342,0.12811549050334906,0.12557539456218403,0.0775349817269174,0.09674908597305,,,,,,,,,,,,
cnv_anchor/runs/cnv/exclude_hgd_imc/NextBiopsyProgression_LGD3plus_stage2_exclusions,exclude_hgd_imc,cnv_random_forest,cnv,NextBiopsyProgression_LGD3plus,binary,windows_armdiff_plus_arms_plus_cx,none,-1,,,,5,5,0,,5,True,785,0.6484466386125858,0.16547734055266242,0.31094012085954265,0.11987662708507656,0.8382247584397271,0.07482881847091867,0.005128205128205128,0.011467015269229691,0.9980582524271846,0.004341879567960755,0.5015932287776949,0.0035625678506344474,0.12642429622087187,0.03631507918520241,0.07529596558359167,0.03863952886955474,0.22622848078223332,0.0677117947681795,0.1284610183595985,0.10806703005087691,0.2866944176921634,0.2538308056071832,0.21752706394966612,0.21458676845692393,,,,,,,,,,,,
cnv_anchor/runs/cnv/exclude_hgd_imc/NextBiopsyProgression_LGD3plus_stage2_exclusions,exclude_hgd_imc,cnv_temporal_delta_logreg,cnv,NextBiopsyProgression_LGD3plus,binary,windows_armdiff_plus_arms_plus_cx,none,-1,,,,5,5,0,,5,True,785,0.5554054574597477,0.09276624679550607,0.2437790161185061,0.07461892242915487,0.687366178120891,0.09569609231929779,0.370605138607167,0.08681908372345563,0.7410465162595175,0.09600062661354204,0.5558258274333422,0.038364983948167355,0.22191916482647214,0.06471586874375301,0.25362933406722477,0.04319303975842628,0.2363072762261403,0.09233376423013466,0.16695636344723566,0.055437850335667976,0.10988991453431367,0.08161644243681111,0.07962474723620916,0.09258788928419867,,,,,,,,,,,,
cnv_anchor/runs/cnv/exclude_hgd_imc/NextBiopsyProgression_LGD3plus_stage2_exclusions,exclude_hgd_imc,cnv_xgboost,cnv,NextBiopsyProgression_LGD3plus,binary,windows_armdiff_plus_arms_plus_cx,none,-1,,,,5,5,0,,5,True,785,0.6377343652981089,0.128182976713258,0.308447462072636,0.11573915250923711,0.8373390945515373,0.06966621300339193,0.11177952878764237,0.07362562715389835,0.9737338774790881,0.018517446679867502,0.5427567031333652,0.03225795189086752,0.13947723794856676,0.06434654212976325,0.11717465606743249,0.07758382903587356,0.23642455921360583,0.12694975832685568,0.17535028865657667,0.13708745133108197,0.22344836489332726,0.15133838296799534,0.13778553855725365,0.14044637853621295,,,,,,,,,,,,
cnv_anchor/runs/late_fusion/exclude_hgd_imc_20260304_200011,exclude_hgd_imc,latefusion_cnv_only,cnv,NextBiopsyProgression_LGD3plus,binary,windows_armdiff_plus_arms_plus_cx,none,-1,,,,5,5,0,,5,True,785,0.6484466386125858,0.16547734055266242,0.3109401208595427,0.11987662708507658,0.8382247584397271,0.07482881847091867,0.005128205128205128,0.011467015269229691,0.9980582524271846,0.004341879567960705,0.5015932287776949,0.0035625678506344474,,,,,,,,,,,,,,,,,,,,,,,,
gigapath/runs/image/exclude_hgd_imc/NextBiopsyProgression_LGD3plus_stage2_exclusions,exclude_hgd_imc,abmil,image,NextBiopsyProgression_LGD3plus,binary,NA,none,-1,,,,5,5,0,,5,True,785,0.7433697333247518,0.08191970100008965,0.4654090103905836,0.13763068109705923,0.7885201855786771,0.08315758886610088,0.603606386851823,0.21589186986564132,0.811705880978138,0.11718329516477366,0.7076561339149805,0.09018570774507204,0.16080034458385686,0.04724407181475607,0.18512941101297015,0.0680872603767581,0.49715842305091795,0.16821735278689498,0.2933239714984137,0.11619103167289671,0.2591028830092067,0.19328859175748417,0.13569751254478682,0.15814198537264174,,,,,,,,,,,,
uni2/runs/image/exclude_hgd_imc/NextBiopsyProgression_LGD3plus_stage2_exclusions,exclude_hgd_imc,abmil,image,NextBiopsyProgression_LGD3plus,binary,NA,none,-1,,,,5,5,0,,5,True,785,0.7381796699925091,0.08269461935963308,0.41085964009716314,0.14985099677118688,0.742566668878305,0.035106754938156466,0.5946135642585947,0.176038586608233,0.763484253682081,0.06655271848562645,0.6790489089703378,0.06907001506707415,0.19230431171347828,0.029168374746968925,0.25315919773496465,0.048384824292813225,0.380658189005045,0.09238544896195085,0.27076793051438086,0.05548737510595573,0.2665902421940423,0.16838887493355056,0.18282755244327037,0.17705705992979912,,,,,,,,,,,,
virchow2/runs/image/exclude_hgd_imc/NextBiopsyProgression_LGD3plus_stage2_exclusions,exclude_hgd_imc,abmil,image,NextBiopsyProgression_LGD3plus,binary,NA,none,-1,,,,5,5,0,,5,True,785,0.7297958601228072,0.05424055794337567,0.384169511170506,0.12451492971612495,0.6829173801901322,0.12245616618145007,0.6471659645290477,0.16908957627823526,0.686704587750179,0.15999276472962107,0.6669352761396133,0.06350977589289605,0.2140314476014456,0.05575587337370843,0.29276646387788163,0.10429953934098701,0.3749110625682634,0.13559067249760928,0.2270728662817912,0.08844773675655807,0.29793381322105367,0.09178927608199798,0.15670695658866193,0.15848918207273616,,,,,,,,,,,,
gigapath/runs/image/exclude_hgd_imc/NextBiopsyProgression_LGD3plus_stage2_exclusions,exclude_hgd_imc,abmil_nogate,image,NextBiopsyProgression_LGD3plus,binary,NA,none,-1,,,,5,5,0,,5,True,785,0.7386888335554725,0.09054682596856034,0.4173943832814658,0.13072613661717647,0.6960433670656982,0.18711143908463357,0.5926551204035991,0.2700113571966704,0.7063326893063265,0.26859148368927566,0.6494939048549627,0.09285636417415473,0.17928361730400674,0.05540092128577131,0.20386074520852732,0.11396294658858175,0.44644588339314506,0.14503452189377883,0.2382082488167681,0.06120682139472131,0.24688473502232777,0.2442195555982541,0.1999227694962548,0.23481107051853012,,,,,,,,,,,,
uni2/runs/image/exclude_hgd_imc/NextBiopsyProgression_LGD3plus_stage2_exclusions,exclude_hgd_imc,abmil_nogate,image,NextBiopsyProgression_LGD3plus,binary,NA,none,-1,,,,5,5,0,,5,True,785,0.7428928072417391,0.09548227179632508,0.4095927579627583,0.13951585490826673,0.7380285545630997,0.06923174979327601,0.5855676912674884,0.21652058160565416,0.7671869644902135,0.11612884937523013,0.676377327878851,0.07617926888650614,0.18951769791573408,0.04669139091006915,0.23596361391726112,0.11025514671865612,0.4159145992614553,0.1334769746514032,0.3043275081916056,0.0663977588536548,0.355796432188917,0.22100842653345004,0.25255900190673075,0.2116251734772468,,,,,,,,,,,,
virchow2/runs/image/exclude_hgd_imc/NextBiopsyProgression_LGD3plus_stage2_exclusions,exclude_hgd_imc,abmil_nogate,image,NextBiopsyProgression_LGD3plus,binary,NA,none,-1,,,,5,5,0,,5,True,785,0.7429741020339946,0.06444391794032689,0.3978730476355303,0.10546444787250872,0.7283909196550898,0.07088837761049721,0.6217059343631351,0.21436999935373477,0.7385014268051128,0.11244025009521152,0.680103680584124,0.05576343237295813,0.18632214717425544,0.0422304304895288,0.24700284648031018,0.07198216969063212,0.42314271597233055,0.1352660015054952,0.23861132782025277,0.05350756945233316,0.30091077097996877,0.12832892781764454,0.18072202234590135,0.16403434272127682,,,,,,,,,,,,
virchow2/runs/late_fusion/exclude_hgd_imc_20260304_200011,exclude_hgd_imc,latefusion_abmil_img_only,image,NextBiopsyProgression_LGD3plus,binary,windows_armdiff_plus_arms_plus_cx,none,-1,,,,5,5,0,,5,True,785,0.7297958601228072,0.05424055794337567,0.384169511170506,0.12451492971612493,0.6829173801901322,0.12245616618145007,0.6471659645290477,0.16908957627823526,0.686704587750179,0.15999276472962104,0.6669352761396135,0.06350977589289611,,,,,,,,,,,,,,,,,,,,,,,,
virchow2/runs/late_fusion/exclude_hgd_imc_20260304_200011,exclude_hgd_imc,latefusion_pool_mean_img_only,image,NextBiopsyProgression_LGD3plus,binary,windows_armdiff_plus_arms_plus_cx,none,-1,,,,5,5,0,,5,True,785,0.7034800818728885,0.09196460668808229,0.3609818588805781,0.16850023768146516,0.7299338774275459,0.14724453916262864,0.5243189265095959,0.19440767914189624,0.7724861120501467,0.1853010605448282,0.6484025192798712,0.07977049578063274,,,,,,,,,,,,,,,,,,,,,,,,
gigapath/runs/image/exclude_hgd_imc/NextBiopsyProgression_LGD3plus_stage2_exclusions,exclude_hgd_imc,pool_mean,image,NextBiopsyProgression_LGD3plus,binary,NA,none,-1,,,,5,5,0,,5,True,785,0.7071819786135514,0.0914220719431317,0.4146503191387332,0.15971562782014545,0.7619408291582743,0.0688257180073284,0.57000104020388,0.1659304747724506,0.7941018693084365,0.10254719560313319,0.6820514547561582,0.04267228036395269,0.1817528430668096,0.02828870883011324,0.23503959628737264,0.06778672318249443,0.42137801008997766,0.11731677753185926,0.2713631871846882,0.14434501029314026,0.18835326469798216,0.23035717043431592,0.10738563519316331,0.11447449283612762,,,,,,,,,,,,
uni2/runs/image/exclude_hgd_imc/NextBiopsyProgression_LGD3plus_stage2_exclusions,exclude_hgd_imc,pool_mean,image,NextBiopsyProgression_LGD3plus,binary,NA,none,-1,,,,5,5,0,,5,True,785,0.7179558133503992,0.10109214107618979,0.39305962473282136,0.13268060460604575,0.7651540395240648,0.05970333430535269,0.5577162323815468,0.14226039333988016,0.805039285296879,0.08361974587756013,0.6813777588392129,0.053079628312958566,0.17579502192186883,0.02321400260689578,0.2229997401517753,0.0591063481232583,0.4243230873251157,0.08958758947696632,0.27569641649763355,0.060631833305836075,0.23403782841903958,0.2035265179943571,0.16548273916192233,0.1517426086483525,,,,,,,,,,,,
virchow2/runs/image/exclude_hgd_imc/NextBiopsyProgression_LGD3plus_stage2_exclusions,exclude_hgd_imc,pool_mean,image,NextBiopsyProgression_LGD3plus,binary,NA,none,-1,,,,5,5,0,,5,True,785,0.7034800818728885,0.09196460668808229,0.3609818588805781,0.16850023768146516,0.7299338774275459,0.14724453916262864,0.5243189265095959,0.19440767914189624,0.7724861120501467,0.18530106054482823,0.6484025192798712,0.07977049578063268,0.20342843250331927,0.05729051381716386,0.2725829888459608,0.12148551301480207,0.35958677900868563,0.15228100144120016,0.20541712175586416,0.1054025368881731,0.2423491657618711,0.19885322911690792,0.18488937135020284,0.16573843466701574,,,,,,,,,,,,
gigapath/runs/image/exclude_hgd_imc/NextBiopsyProgression_LGD3plus_stage2_exclusions,exclude_hgd_imc,set_transformer_lite,image,NextBiopsyProgression_LGD3plus,binary,NA,none,-1,,,,5,5,0,,5,True,785,0.7421828696560665,0.09272330476469284,0.45096469830860225,0.1704478682721676,0.7520009083926229,0.16479000337124422,0.5886513756696312,0.1430500179324446,0.7820587491676961,0.1943985370415919,0.6853550624186637,0.08925915635685419,0.17259180610112182,0.07453683351499293,0.20145859228705842,0.14349103637851213,0.40412700889374314,0.1595200045772675,0.31531180111301815,0.11958830588672768,0.28305935030817786,0.18580783454043284,0.22245789294616297,0.187281442431643,,,,,,,,,,,,
uni2/runs/image/exclude_hgd_imc/NextBiopsyProgression_LGD3plus_stage2_exclusions,exclude_hgd_imc,set_transformer_lite,image,NextBiopsyProgression_LGD3plus,binary,NA,none,-1,,,,5,5,0,,5,True,785,0.7145648760054547,0.09258596830783433,0.37465815515003265,0.1392074167040887,0.7211703582683365,0.13051870588521683,0.5557291829198523,0.2526844474950142,0.7593611301833951,0.18825671947494135,0.6575451565516237,0.05723801058510449,0.19438138420000073,0.049186191552624034,0.2574465344310804,0.10638121279011023,0.4077167524834868,0.13409176155971841,0.21651869766474227,0.0322222948927685,0.21618988588669455,0.1950008939845953,0.1559422136505669,0.17394103100424615,,,,,,,,,,,,
virchow2/runs/image/exclude_hgd_imc/NextBiopsyProgression_LGD3plus_stage2_exclusions,exclude_hgd_imc,set_transformer_lite,image,NextBiopsyProgression_LGD3plus,binary,NA,none,-1,,,,5,5,0,,5,True,785,0.7404154789618641,0.07970296487652115,0.3930388850498209,0.16055384076949153,0.7740843402170874,0.12373128717909944,0.5174148333073283,0.3223573618642216,0.8165427722317787,0.178675046537813,0.6669788027695536,0.09059714967197385,0.17810676914884377,0.07142885162204682,0.21005255458890013,0.11624097631205701,0.39118583242315486,0.1160586848385898,0.26685702397669947,0.17429818012736964,0.2988898646696801,0.23790303784999206,0.23487018954535327,0.23803605007131648,,,,,,,,,,,,
fusion/foundation_combo_20260304_200011,exclude_hgd_imc,cnv_plus_image_combo_gigapath_mean,multimodal,NextBiopsyProgression_LGD3plus,binary,windows_armdiff_plus_arms_plus_cx,none,-1,,,,5,5,0,,5,True,785,0.7517004236427758,0.10492814650774841,0.4489678555968502,0.11654709816827573,0.8496915569357439,0.04443051583015411,0.4166279190721382,0.19801256474779272,0.9306485132082841,0.03274442379002263,0.6736382161402112,0.08573541369030833,0.12160579906181171,0.03361517235913418,0.1161112814229123,0.04716081859375854,0.48984709002964577,0.17890177946851346,0.2791160867530036,0.10541084506632922,0.2871611226612957,0.2511265645431303,0.2566363814836286,0.2362020457841317,,,,,,,,,,,,
fusion/foundation_combo_20260304_200011,exclude_hgd_imc,cnv_plus_image_combo_gigapath_uni2_mean,multimodal,NextBiopsyProgression_LGD3plus,binary,windows_armdiff_plus_arms_plus_cx,none,-1,,,,5,5,0,,5,True,785,0.7585516432202305,0.11504731129529504,0.4423016103687364,0.12626089477522143,0.8489440377576534,0.0627503006148529,0.3533328132313934,0.2406962661414222,0.944179723222922,0.04233412485562423,0.6487562682271577,0.10283413229527547,0.12517246019296663,0.02617952754956632,0.1383788125318594,0.04562923390908187,0.46285249908982157,0.16361859788199531,0.2601232641597753,0.050806737364802367,0.3257638903950386,0.2819477166522207,0.29596116951107415,0.27889366802883053,,,,,,,,,,,,
fusion/foundation_combo_20260304_200011,exclude_hgd_imc,cnv_plus_image_combo_gigapath_uni2_virchow2_mean,multimodal,NextBiopsyProgression_LGD3plus,binary,windows_armdiff_plus_arms_plus_cx,none,-1,,,,5,5,0,,5,True,785,0.7595600269938053,0.11260909223191358,0.4360744964699597,0.1285474858045925,0.8461764914859735,0.0722756729260283,0.3384344931606595,0.19802096505463213,0.9428165454256214,0.04714699998749246,0.6406255192931405,0.08376714257078627,0.1263734580646785,0.02672521893595073,0.15039807664000324,0.03768236926170872,0.45936443542934413,0.14623435075777338,0.2536864825505799,0.06771769520688059,0.3444009148163003,0.2833925130039537,0.30000200612447864,0.274382406903835,,,,,,,,,,,,
fusion/foundation_combo_20260304_200011,exclude_hgd_imc,cnv_plus_image_combo_gigapath_virchow2_mean,multimodal,NextBiopsyProgression_LGD3plus,binary,windows_armdiff_plus_arms_plus_cx,none,-1,,,,5,5,0,,5,True,785,0.7606135709071644,0.10475633070911258,0.43867807427964084,0.12308036480314268,0.8597627137362434,0.05987211935010363,0.3796369688458938,0.18671243046232766,0.9472910823053089,0.04768991669278002,0.6634640255756012,0.07371822664586554,0.12429984321229255,0.030470292653406873,0.14250267146887702,0.030441161180564533,0.45615930722421594,0.12663118796519252,0.28976075310760907,0.09473144700945717,0.33338240810237735,0.24706763277228552,0.27568714616538037,0.2413157406566038,,,,,,,,,,,,
fusion/foundation_combo_20260304_200011,exclude_hgd_imc,cnv_plus_image_combo_uni2_mean,multimodal,NextBiopsyProgression_LGD3plus,binary,windows_armdiff_plus_arms_plus_cx,none,-1,,,,5,5,0,,5,True,785,0.7545230192951317,0.11537037547161036,0.4125898887405338,0.13997882007510246,0.8378484730475355,0.06358773092583697,0.3380764029749831,0.26910819819469767,0.9353514126185454,0.06883519565630837,0.6367139077967642,0.10233009281434144,0.13466139041705352,0.020644559353162787,0.1512281526652312,0.0647901182461192,0.4225016903313049,0.17680002099107558,0.2275370572632236,0.060521145619542194,0.3693216803974066,0.30117941196240244,0.27844784438886017,0.2760128196732126,,,,,,,,,,,,
fusion/foundation_combo_20260304_200011,exclude_hgd_imc,cnv_plus_image_combo_uni2_virchow2_mean,multimodal,NextBiopsyProgression_LGD3plus,binary,windows_armdiff_plus_arms_plus_cx,none,-1,,,,5,5,0,,5,True,785,0.7558169881693393,0.11230707336546479,0.42046966223563587,0.1296410227988197,0.8453329810154415,0.0731321859695955,0.34997295469912104,0.23315095559030172,0.9412193837709892,0.05412901746488355,0.6455961692350551,0.09593425877380236,0.13225731715832773,0.024801939413401388,0.16045367818793452,0.04477197574395877,0.3910311020960108,0.1328567263159596,0.2889428928069902,0.07390993822240143,0.35657968185759725,0.2816427585959005,0.31037778200702265,0.26990280527963656,,,,,,,,,,,,
fusion/foundation_combo_20260304_200011,exclude_hgd_imc,cnv_plus_image_combo_virchow2_mean,multimodal,NextBiopsyProgression_LGD3plus,binary,windows_armdiff_plus_arms_plus_cx,none,-1,,,,5,5,0,,5,True,785,0.7501738208839575,0.10170837164499347,0.4059556562490876,0.12219100514656003,0.8431550767719498,0.07236194018865683,0.32209939148073025,0.13279962415380608,0.9415586837904012,0.048858462730932924,0.6318290376355657,0.05048520121860735,0.13329017019337594,0.028720529946005494,0.16011209711775934,0.04032748710399566,0.41959432048681544,0.1275871779151855,0.277735996255266,0.08336357502391403,0.36671688918007217,0.24206070299229368,0.3044551820721618,0.24094043742432183,,,,,,,,,,,,
gigapath/runs/multimodal/exclude_hgd_imc/NextBiopsyProgression_LGD3plus_stage2_exclusions,exclude_hgd_imc,coattn_abmil_cnv,multimodal,NextBiopsyProgression_LGD3plus,binary,windows_armdiff_plus_arms_plus_cx,none,-1,,,,5,5,0,,5,True,785,0.7233051625616862,0.08675985393632336,0.39271777228698757,0.1305631798087891,0.7857531018198882,0.06033283209285859,0.530182295729963,0.183276282711311,0.8212244926027609,0.07857623093501499,0.6757033941663619,0.06497519277459171,0.17033874225276716,0.03650519954631669,0.21309811573855914,0.043672255070649174,0.40070317782285336,0.08557297314667327,0.2386599573516409,0.11040982496862563,0.2656047681523498,0.20309889148798216,0.15096637820562178,0.15071717756402156,,,,,,,,,,,,
uni2/runs/multimodal/exclude_hgd_imc/NextBiopsyProgression_LGD3plus_stage2_exclusions,exclude_hgd_imc,coattn_abmil_cnv,multimodal,NextBiopsyProgression_LGD3plus,binary,windows_armdiff_plus_arms_plus_cx,none,-1,,,,5,5,0,,5,True,785,0.7245142430392152,0.09461089805934983,0.40173250398431043,0.12704853391719562,0.7830491259969179,0.03777879596645367,0.5014164976335362,0.1399430914296424,0.8363466300380781,0.06395110920347803,0.6688815638358071,0.0744131858712322,0.17705121324067563,0.012025339824838756,0.22983345029998978,0.05960979442464457,0.38709497061424036,0.070186308451312,0.240025224944089,0.050858203002734956,0.3019560361069115,0.2771481454480229,0.14124645131305782,0.11684904319585036,,,,,,,,,,,,
virchow2/runs/multimodal/exclude_hgd_imc/NextBiopsyProgression_LGD3plus_stage2_exclusions,exclude_hgd_imc,coattn_abmil_cnv,multimodal,NextBiopsyProgression_LGD3plus,binary,windows_armdiff_plus_arms_plus_cx,none,-1,,,,5,5,0,,5,True,785,0.7175579592722434,0.09731204028634587,0.385811713651562,0.14502269648997276,0.7099285765942667,0.026914010375186297,0.6275165132365943,0.22382565316426944,0.7126503014057052,0.05577896602692576,0.6700834073211498,0.09225189289879802,0.2108638215789894,0.014083826171217815,0.30327177095741764,0.041638015190897285,0.3968341394913403,0.15306208575823,0.24247958599885577,0.11356586441593566,0.29143118784158983,0.2629456389833676,0.13263263894927063,0.12318269591257053,,,,,,,,,,,,
gigapath/runs/multimodal/exclude_hgd_imc/NextBiopsyProgression_LGD3plus_stage2_exclusions,exclude_hgd_imc,early_max_mlp,multimodal,NextBiopsyProgression_LGD3plus,binary,windows_armdiff_plus_arms_plus_cx,none,-1,,,,5,5,0,,5,True,785,0.6995044448810848,0.11188546760107232,0.34389654071303777,0.13697349080617838,0.5360865992051215,0.3562475756798563,0.6292063244395901,0.2924256683165238,0.5467522476536677,0.4458082609875187,0.5879792860466289,0.10008319555578996,0.20622782301371162,0.07155464711287887,0.2587344051895032,0.16407334407632596,0.3558997763561658,0.13661136083616773,0.19100951786550163,0.07556946432701518,0.2635456153743142,0.16170270176207,0.1809952143043247,0.1338347609686042,,,,,,,,,,,,
uni2/runs/multimodal/exclude_hgd_imc/NextBiopsyProgression_LGD3plus_stage2_exclusions,exclude_hgd_imc,early_max_mlp,multimodal,NextBiopsyProgression_LGD3plus,binary,windows_armdiff_plus_arms_plus_cx,none,-1,,,,5,5,0,,5,True,785,0.7113797346140116,0.11432887754541758,0.361479217686959,0.11981746117368713,0.8197116922920802,0.07298585232424337,0.35247568523430595,0.3392887442628307,0.8912918133212882,0.10434514458629993,0.6218837492777972,0.11898063454521408,0.19505244683481757,0.03268778736423728,0.25200060786839795,0.1185391006596634,0.31927081708014776,0.14125044618879956,0.18694908202007593,0.0812455484635008,0.3272500701738611,0.20296828535632155,0.2602422540517379,0.18746454649834293,,,,,,,,,,,,
virchow2/runs/multimodal/exclude_hgd_imc/NextBiopsyProgression_LGD3plus_stage2_exclusions,exclude_hgd_imc,early_max_mlp,multimodal,NextBiopsyProgression_LGD3plus,binary,windows_armdiff_plus_arms_plus_cx,none,-1,,,,5,5,0,,5,True,785,0.6899223497663315,0.10415278572242932,0.3616013040538656,0.1043661213443152,0.7934366227042439,0.13209940239772067,0.297053622510012,0.3379107532985303,0.8523877779892288,0.2242904341044382,0.5747207002496203,0.07315878328301705,0.1880895868941801,0.0562466741521533,0.24008258367246932,0.10427892523313535,0.2640482134498362,0.0938960211818367,0.19297758360638687,0.09687766949828616,0.250100262659528,0.09523547260528963,0.12188217466181486,0.08688528701794766,,,,,,,,,,,,
gigapath/runs/multimodal/exclude_hgd_imc/NextBiopsyProgression_LGD3plus_stage2_exclusions,exclude_hgd_imc,early_mean_mlp,multimodal,NextBiopsyProgression_LGD3plus,binary,windows_armdiff_plus_arms_plus_cx,none,-1,,,,5,5,0,,5,True,785,0.7251681997240537,0.10198000468376558,0.3713750827044925,0.1336988072829249,0.737721368662033,0.07001205769484106,0.4927913871118739,0.2948250434546922,0.7981619010459455,0.11756535264708377,0.6454766440789098,0.1070242510792808,0.200393626015165,0.02263249798306973,0.2661824896291415,0.09017701813328469,0.34647240859208406,0.12970661038057804,0.21536407135798616,0.1385693289626351,0.36255526490339657,0.11378835768481532,0.29514262302545474,0.11023636888387166,,,,,,,,,,,,
uni2/runs/multimodal/exclude_hgd_imc/NextBiopsyProgression_LGD3plus_stage2_exclusions,exclude_hgd_imc,early_mean_mlp,multimodal,NextBiopsyProgression_LGD3plus,binary,windows_armdiff_plus_arms_plus_cx,none,-1,,,,5,5,0,,5,True,785,0.7203390658226646,0.11374502548872963,0.37723783482961687,0.11802133426197788,0.7440629861902297,0.04595587317540719,0.5488744994018828,0.14283466406251594,0.7803125277851605,0.0565253559297045,0.6645935135935217,0.08489457272955074,0.2009387529772551,0.02096266391200431,0.23812804377603825,0.06543823483233606,0.3546855983772819,0.0916438510561545,0.20018801685130289,0.07484607335217396,0.35803190309351896,0.19078554449550725,0.2820861385548527,0.17315297206706048,,,,,,,,,,,,
virchow2/runs/multimodal/exclude_hgd_imc/NextBiopsyProgression_LGD3plus_stage2_exclusions,exclude_hgd_imc,early_mean_mlp,multimodal,NextBiopsyProgression_LGD3plus,binary,windows_armdiff_plus_arms_plus_cx,none,-1,,,,5,5,0,,5,True,785,0.6988357307888333,0.10389431661039203,0.3611040956492224,0.14718205085240793,0.8145600954182438,0.05912928470177903,0.4287306912154783,0.17568255527029839,0.8784468631088231,0.05503465159505182,0.6535887771621507,0.07443309048363142,0.14973957246859715,0.03505221085835124,0.16454211419123105,0.06411882822132274,0.4009101783949654,0.15408870282205817,0.2224868674260155,0.14896079884920688,0.2934668069617236,0.19570788348013893,0.18950489232364168,0.16843743265361366,,,,,,,,,,,,
virchow2/runs/multimodal/exclude_hgd_imc/NextBiopsyProgression_LGD3plus_stage2_exclusions,exclude_hgd_imc,early_mean_mlp_timev1,multimodal,NextBiopsyProgression_LGD3plus,binary,windows_armdiff_plus_arms_plus_cx,none,-1,,,,5,5,0,,5,True,785,0.8331978682283421,0.04903523132546494,0.48155618086088514,0.15231462343514426,0.6944938464232246,0.15907856326995282,0.8130319342591147,0.17853429414404434,0.6794235718889939,0.1907359086108944,0.7462277530740543,0.07567888413073402,0.19942946014694737,0.09152632166055884,0.22948004531703875,0.13101881819958724,0.5400384875435585,0.21114663858873584,0.3536781609195402,0.2129896222933187,0.6015654725525048,0.16174682789928244,0.40405098811093787,0.11488346439559252,,,,,,,,,,,,
routing/routing_moe_20260304_200011,exclude_hgd_imc,ensemble_all3_mean,multimodal,NextBiopsyProgression_LGD3plus,binary,windows_armdiff_plus_arms_plus_cx,none,-1,,,,5,5,0,,5,True,785,0.8622717703968131,0.03729723461896185,0.5255155228000696,0.1418944194873367,0.8558618901871728,0.04994837124604695,0.4835312321214958,0.1677170207971984,0.9248991486831798,0.03987788394097694,0.7042151904023377,0.07944268090338814,,,,,,,,,,,,,,,,,,,,,,,,
routing/routing_moe_20260304_200011,exclude_hgd_imc,ensemble_all3_stack_logit,multimodal,NextBiopsyProgression_LGD3plus,binary,windows_armdiff_plus_arms_plus_cx,none,-1,,,,5,5,0,,5,True,785,0.8624901772532427,0.03629695515131332,0.5273461491299336,0.14898350903207194,0.8374597919175827,0.06155455148588827,0.2645391896811775,0.19512089030402763,0.9572221145401402,0.03769981600147563,0.6108806521106588,0.08176557845626718,,,,,,,,,,,,,,,,,,,,,,,,
routing/routing_moe_20260304_200011,exclude_hgd_imc,ensemble_available_mean,multimodal,NextBiopsyProgression_LGD3plus,binary,windows_armdiff_plus_arms_plus_cx,none,-1,,,,5,5,0,,5,True,785,0.8622717703968131,0.03729723461896185,0.5255155228000696,0.1418944194873367,0.8558618901871728,0.04994837124604695,0.4835312321214958,0.1677170207971984,0.9248991486831798,0.03987788394097694,0.7042151904023377,0.07944268090338814,,,,,,,,,,,,,,,,,,,,,,,,
routing/routing_moe_20260304_200011,exclude_hgd_imc,ensemble_available_stack_logit,multimodal,NextBiopsyProgression_LGD3plus,binary,windows_armdiff_plus_arms_plus_cx,none,-1,,,,5,5,0,,5,True,785,0.8624901772532427,0.03629695515131332,0.5273461491299336,0.14898350903207194,0.8374597919175827,0.06155455148588827,0.2645391896811775,0.19512089030402763,0.9572221145401402,0.03769981600147563,0.6108806521106588,0.08176557845626718,,,,,,,,,,,,,,,,,,,,,,,,
routing/routing_moe_20260304_200011,exclude_hgd_imc,ensemble_img_cnv_mean,multimodal,NextBiopsyProgression_LGD3plus,binary,windows_armdiff_plus_arms_plus_cx,none,-1,,,,5,5,0,,5,True,785,0.7517004236427758,0.10492814650774841,0.4489678555968502,0.11654709816827573,0.8496915569357439,0.04443051583015411,0.4166279190721382,0.19801256474779272,0.9306485132082841,0.03274442379002263,0.6736382161402112,0.08573541369030833,,,,,,,,,,,,,,,,,,,,,,,,
routing/routing_moe_20260304_200011,exclude_hgd_imc,ensemble_img_cnv_stack_logit,multimodal,NextBiopsyProgression_LGD3plus,binary,windows_armdiff_plus_arms_plus_cx,none,-1,,,,5,5,0,,5,True,785,0.7423250033380966,0.10345132596785009,0.45712925315320696,0.1271328570316624,0.8337412506380284,0.07225389029167911,0.12558823529411764,0.15293190645611845,0.9790485964504437,0.025492834064836992,0.5523184158722807,0.06487635583197211,,,,,,,,,,,,,,,,,,,,,,,,
routing/routing_moe_20260304_200011,exclude_hgd_imc,ensemble_mm_cnv_mean,multimodal,NextBiopsyProgression_LGD3plus,binary,windows_armdiff_plus_arms_plus_cx,none,-1,,,,5,5,0,,5,True,785,0.8433307674936209,0.05624723245109862,0.4772500518992612,0.14724832524182785,0.8219869219786838,0.05177848787108548,0.39494590939824203,0.10938771746081634,0.9103508564315513,0.06784437019618096,0.6526483829148966,0.03054384748265268,,,,,,,,,,,,,,,,,,,,,,,,
routing/routing_moe_20260304_200011,exclude_hgd_imc,ensemble_mm_cnv_stack_logit,multimodal,NextBiopsyProgression_LGD3plus,binary,windows_armdiff_plus_arms_plus_cx,none,-1,,,,5,5,0,,5,True,785,0.842052223275223,0.05735029438512775,0.4748740404025445,0.1526540230272141,0.8258733378104189,0.0739096043080396,0.10081447963800905,0.17595047820859716,0.972618421048355,0.03805763965301422,0.536716450343182,0.07020418647336524,,,,,,,,,,,,,,,,,,,,,,,,
routing/routing_moe_20260304_200011,exclude_hgd_imc,ensemble_mm_img_mean,multimodal,NextBiopsyProgression_LGD3plus,binary,windows_armdiff_plus_arms_plus_cx,none,-1,,,,5,5,0,,5,True,785,0.8602588849955671,0.040543345272683225,0.5167368441888497,0.16582628646545894,0.8092913372504045,0.09543979586383684,0.7095222863681282,0.04590715875365925,0.8224047086649078,0.12138099530752103,0.765963497516518,0.05845070745602439,,,,,,,,,,,,,,,,,,,,,,,,
routing/routing_moe_20260304_200011,exclude_hgd_imc,ensemble_mm_img_stack_logit,multimodal,NextBiopsyProgression_LGD3plus,binary,windows_armdiff_plus_arms_plus_cx,none,-1,,,,5,5,0,,5,True,785,0.8594430263764096,0.040777893734125034,0.5154756896033493,0.16359012241579735,0.8377091776219141,0.06190337541980867,0.24725802257242419,0.20809979028208436,0.9647714951896212,0.04389462257509268,0.6060147588810226,0.08331164799554179,,,,,,,,,,,,,,,,,,,,,,,,
routing/routing_moe_20260304_200011,exclude_hgd_imc,expert_cnv_only,multimodal,NextBiopsyProgression_LGD3plus,binary,windows_armdiff_plus_arms_plus_cx,none,-1,,,,5,5,0,,5,True,785,0.6484466386125858,0.16547734055266242,0.3109401208595427,0.11987662708507658,0.8382247584397271,0.07482881847091867,0.005128205128205128,0.011467015269229691,0.9980582524271846,0.004341879567960705,0.5015932287776949,0.0035625678506344474,,,,,,,,,,,,,,,,,,,,,,,,
routing/routing_moe_20260304_200011,exclude_hgd_imc,expert_img_only,multimodal,NextBiopsyProgression_LGD3plus,binary,windows_armdiff_plus_arms_plus_cx,none,-1,,,,5,5,0,,5,True,785,0.7433697333247518,0.08191970100008965,0.4654090103905836,0.13763068109705923,0.7885201855786771,0.08315758886610088,0.603606386851823,0.21589186986564132,0.811705880978138,0.11718329516477366,0.7076561339149805,0.09018570774507204,,,,,,,,,,,,,,,,,,,,,,,,
routing/routing_moe_20260304_200011,exclude_hgd_imc,expert_mm_only,multimodal,NextBiopsyProgression_LGD3plus,binary,windows_armdiff_plus_arms_plus_cx,none,-1,,,,5,5,0,,5,True,785,0.8331978682283421,0.04903523132546494,0.48155618086088514,0.15231462343514426,0.6944938464232246,0.15907856326995282,0.8130319342591148,0.17853429414404434,0.6794235718889939,0.19073590861089443,0.7462277530740543,0.07567888413073402,,,,,,,,,,,,,,,,,,,,,,,,
fusion/foundation_combo_20260304_200011,exclude_hgd_imc,image_combo_gigapath_uni2_mean,multimodal,NextBiopsyProgression_LGD3plus,binary,windows_armdiff_plus_arms_plus_cx,none,-1,,,,5,5,0,,5,True,785,0.7473434161599293,0.091557187722592,0.4597664806420994,0.13202873366916756,0.7871473506718399,0.052851293915904846,0.6031466167368804,0.195647298497981,0.8147913595456565,0.0824934022828601,0.7089689881412685,0.07218843228558988,0.1633144830639316,0.029493058510567674,0.2092840919490376,0.060745709288795746,0.46121599833567384,0.13607650705849675,0.2934787018255578,0.11689195750910514,0.31968895682140663,0.23177686886398935,0.1924486937532231,0.23824103317327802,,,,,,,,,,,,
fusion/foundation_combo_20260304_200011,exclude_hgd_imc,image_combo_gigapath_uni2_virchow2_mean,multimodal,NextBiopsyProgression_LGD3plus,binary,windows_armdiff_plus_arms_plus_cx,none,-1,,,,5,5,0,,5,True,785,0.7513454797708373,0.08592604220055287,0.45346059030789754,0.12265295142391197,0.7783637535336961,0.045954705917655804,0.59684168096947,0.18274867335740774,0.8045248107718821,0.07801903103498962,0.7006832458706761,0.07014349276162252,0.16496408258700795,0.028316743802710726,0.2181501411129192,0.05519076282561766,0.4632443959015967,0.1602568207460769,0.29668383003068605,0.10113531643127265,0.2927939289613647,0.2449866983953384,0.18953709748099307,0.21232610139941405,,,,,,,,,,,,
fusion/foundation_combo_20260304_200011,exclude_hgd_imc,image_combo_gigapath_virchow2_mean,multimodal,NextBiopsyProgression_LGD3plus,binary,windows_armdiff_plus_arms_plus_cx,none,-1,,,,5,5,0,,5,True,785,0.7517358149233159,0.07731673749216277,0.4558250692792189,0.11098411925432526,0.7865020354817334,0.06360407249237543,0.6169397201851563,0.19043861046752053,0.8084829555862137,0.09552047738990192,0.7127113378856851,0.0777727506648374,0.1609686802178511,0.03375702479357253,0.20915663596003936,0.03440108608791185,0.47856867946117443,0.1554204787053242,0.2934787018255578,0.11689195750910514,0.2647573283110491,0.20370246177259901,0.16519901267456075,0.23001559370951016,,,,,,,,,,,,
fusion/foundation_combo_20260304_200011,exclude_hgd_imc,image_combo_uni2_virchow2_mean,multimodal,NextBiopsyProgression_LGD3plus,binary,windows_armdiff_plus_arms_plus_cx,none,-1,,,,5,5,0,,5,True,785,0.7465044048808258,0.08351117201506746,0.4208075163432291,0.11598220263539318,0.7549575549323025,0.0787887741787596,0.6130860248608727,0.19643919941254448,0.7777611542049616,0.11816434641743567,0.6954235895329173,0.06772921228517985,0.18104606995744682,0.039955155304298585,0.23985583282798456,0.07849292893662743,0.40824439590159667,0.1303969057612556,0.283841212877724,0.021890105238285783,0.2935482985725273,0.17337256041092008,0.20738528479024235,0.2207632141687164,,,,,,,,,,,,
gigapath/runs/multimodal/exclude_hgd_imc/NextBiopsyProgression_LGD3plus_stage2_exclusions,exclude_hgd_imc,intermediate_abmil_cnv,multimodal,NextBiopsyProgression_LGD3plus,binary,windows_armdiff_plus_arms_plus_cx,none,-1,,,,5,5,0,,5,True,785,0.7376259852550211,0.09859422908635646,0.42535683057481305,0.12915782371194226,0.7162166859665537,0.14529732529072212,0.5791634160295418,0.1943658367989216,0.7370404613147604,0.21243219586210127,0.6581019386721512,0.050790961311838946,0.18856458096007506,0.056146034034444306,0.214174765271896,0.10766657943435232,0.4009101783949654,0.15408870282205817,0.24303063400426486,0.06661280469032582,0.30065051835622836,0.2588820059718399,0.26883482878417847,0.2366104405637804,,,,,,,,,,,,
uni2/runs/multimodal/exclude_hgd_imc/NextBiopsyProgression_LGD3plus_stage2_exclusions,exclude_hgd_imc,intermediate_abmil_cnv,multimodal,NextBiopsyProgression_LGD3plus,binary,windows_armdiff_plus_arms_plus_cx,none,-1,,,,5,5,0,,5,True,785,0.7344222360968191,0.10120367458563193,0.3898371725492078,0.14215138817226053,0.7253305608552145,0.06130144644281341,0.4700408280022884,0.2551665636823759,0.7951903225787735,0.14249503257570104,0.6326155752905309,0.07969509713776117,0.20567086227957065,0.024203128155773742,0.28416498058374656,0.08854706864749531,0.39030009881936856,0.07981309470932209,0.22272923493004632,0.06715736468907404,0.3473239564836765,0.2571334669483733,0.26067210582313577,0.1988139961742095,,,,,,,,,,,,
virchow2/runs/multimodal/exclude_hgd_imc/NextBiopsyProgression_LGD3plus_stage2_exclusions,exclude_hgd_imc,intermediate_abmil_cnv,multimodal,NextBiopsyProgression_LGD3plus,binary,windows_armdiff_plus_arms_plus_cx,none,-1,,,,5,5,0,,5,True,785,0.7263705379650347,0.08530892275308262,0.38224131441151576,0.12781836530143126,0.7974497551663856,0.03310590710944722,0.5187226296354085,0.233371839367179,0.8382921915790638,0.04867775537847466,0.6785074106072362,0.09433571335710485,0.16344953127229914,0.02984749452798584,0.1943319487896819,0.057956096693552485,0.39073334373537216,0.15797268231247613,0.23540619961512457,0.07194199577775656,0.2742659883640596,0.12927464716882978,0.17430257454394832,0.14013223520490845,,,,,,,,,,,,
virchow2/runs/late_fusion/exclude_hgd_imc_20260304_200011,exclude_hgd_imc,latefusion_abmil_mean,multimodal,NextBiopsyProgression_LGD3plus,binary,windows_armdiff_plus_arms_plus_cx,none,-1,,,,5,5,0,,5,True,785,0.7509855362396132,0.09781733885613943,0.3998615767321752,0.11798277208049529,0.8437951114126984,0.058808634615737446,0.2574840068653456,0.10340450972857532,0.9493048781897923,0.03221165710254796,0.6033944425275688,0.040959851332831525,,,,,,,,,,,,,,,,,,,,,,,,
virchow2/runs/late_fusion/exclude_hgd_imc_20260304_200011,exclude_hgd_imc,latefusion_abmil_stack_logit,multimodal,NextBiopsyProgression_LGD3plus,binary,windows_armdiff_plus_arms_plus_cx,none,-1,,,,5,5,0,,5,True,785,0.7484452680362679,0.09535464413306739,0.4001946418642796,0.11918473630873475,0.8370199391626187,0.07367359068186513,0.0,0.0,0.9986577181208054,0.0030014335268453507,0.4993288590604027,0.0015007167634226754,,,,,,,,,,,,,,,,,,,,,,,,
virchow2/runs/late_fusion/exclude_hgd_imc_20260304_200011,exclude_hgd_imc,latefusion_pool_mean_mean,multimodal,NextBiopsyProgression_LGD3plus,binary,windows_armdiff_plus_arms_plus_cx,none,-1,,,,5,5,0,,5,True,785,0.7304335402702543,0.12418937006570678,0.38867722754327133,0.14567645814512686,0.8397151100083435,0.06581105791503535,0.15446377489988036,0.0956253061069104,0.9677450801714638,0.022981113468410027,0.5611044275356721,0.04235243110114271,,,,,,,,,,,,,,,,,,,,,,,,
virchow2/runs/late_fusion/exclude_hgd_imc_20260304_200011,exclude_hgd_imc,latefusion_pool_mean_stack_logit,multimodal,NextBiopsyProgression_LGD3plus,binary,windows_armdiff_plus_arms_plus_cx,none,-1,,,,5,5,0,,5,True,785,0.7259176385102706,0.1358192863237522,0.3764848592004356,0.1518816727179339,0.8356114884583935,0.07636041646708032,0.0,0.0,0.9967159705479899,0.004620020556918002,0.49835798527399494,0.002310010278459001,,,,,,,,,,,,,,,,,,,,,,,,
routing/routing_moe_20260304_200011,exclude_hgd_imc,routing_k2_hard,multimodal,NextBiopsyProgression_LGD3plus,binary,windows_armdiff_plus_arms_plus_cx,none,-1,,,,5,5,0,,5,True,785,0.810977046800416,0.05771926698506846,0.45701490041313714,0.1804925278592196,0.6442991353397647,0.15406560764353153,0.8532883445155249,0.15368339108022852,0.6111253921542247,0.18036019880336493,0.7322068683348749,0.0758081489015075,,,,,,,,,,,,,,,,,,,,,,,,
routing/routing_moe_20260304_200011,exclude_hgd_imc,routing_k2_soft,multimodal,NextBiopsyProgression_LGD3plus,binary,windows_armdiff_plus_arms_plus_cx,none,-1,,,,5,5,0,,5,True,785,0.8287546756991591,0.05193206352755267,0.46689272282800676,0.16194442248180094,0.7528929137616582,0.1090272169834691,0.8173274561814114,0.04303702841070334,0.7368520221809514,0.14072031158582304,0.7770897391811815,0.06467633768239299,,,,,,,,,,,,,,,,,,,,,,,,
routing/routing_moe_20260304_200011,exclude_hgd_imc,routing_k3_hard,multimodal,NextBiopsyProgression_LGD3plus,binary,windows_armdiff_plus_arms_plus_cx,none,-1,,,,5,5,0,,5,True,785,0.8580867031461894,0.04707854695342653,0.5648050434600118,0.2025660237230309,0.6445866311586281,0.16805763648453448,0.9271610235606179,0.04789658315297859,0.5944047340256974,0.19205087807580704,0.7607828787931576,0.07829397380933259,,,,,,,,,,,,,,,,,,,,,,,,
routing/routing_moe_20260304_200011,exclude_hgd_imc,routing_k3_soft,multimodal,NextBiopsyProgression_LGD3plus,binary,windows_armdiff_plus_arms_plus_cx,none,-1,,,,5,5,0,,5,True,785,0.8436770438330725,0.03941864350126503,0.5223554484035112,0.2001476600227801,0.6433358578338622,0.1608139026904801,0.9154678316950122,0.06461877719553535,0.5955998355312649,0.1833015993735684,0.7555338336131385,0.0780268784667958,,,,,,,,,,,,,,,,,,,,,,,,
routing/routing_moe_20260304_200011,exclude_hgd_imc,routing_k4_hard,multimodal,NextBiopsyProgression_LGD3plus,binary,windows_armdiff_plus_arms_plus_cx,none,-1,,,,5,5,0,,5,True,785,0.866363185741626,0.04834727742684954,0.5678248108982963,0.19849363144544338,0.6415952386824584,0.16498541533687244,0.9271610235606179,0.04789658315297859,0.5901393828282264,0.19015282900159944,0.7586502031944222,0.07748058425330369,,,,,,,,,,,,,,,,,,,,,,,,
routing/routing_moe_20260304_200011,exclude_hgd_imc,routing_k4_soft,multimodal,NextBiopsyProgression_LGD3plus,binary,windows_armdiff_plus_arms_plus_cx,none,-1,,,,5,5,0,,5,True,785,0.8591727571253418,0.03569181209932935,0.5370001415251971,0.2098687987648722,0.6378890725262611,0.16551159107453578,0.9340575752847557,0.04476771453154913,0.5838733538099617,0.18905505751861104,0.7589654645473587,0.08175729699721607,,,,,,,,,,,,,,,,,,,,,,,,
routing/routing_moe_20260304_200011,exclude_hgd_imc,routing_k5_hard,multimodal,NextBiopsyProgression_LGD3plus,binary,windows_armdiff_plus_arms_plus_cx,none,-1,,,,5,5,0,,5,True,785,0.8674980231367087,0.049768076975819545,0.5703654331084441,0.2013533188517425,0.6471337323149312,0.16500878984958003,0.9257242419514226,0.059847611801693824,0.5967732769225105,0.18871438181984743,0.7612487594369666,0.07633923637602667,,,,,,,,,,,,,,,,,,,,,,,,
routing/routing_moe_20260304_200011,exclude_hgd_imc,routing_k5_soft,multimodal,NextBiopsyProgression_LGD3plus,binary,windows_armdiff_plus_arms_plus_cx,none,-1,,,,5,5,0,,5,True,785,0.8555759690280034,0.032637475224086665,0.5317992538486888,0.20974929219328184,0.6499266183160088,0.16520987060544223,0.9119311385031466,0.06595357003277448,0.6031392732039024,0.19445809058397343,0.7575352058535245,0.07122682051279879,,,,,,,,,,,,,,,,,,,,,,,,
routing/routing_moe_20260304_200011,exclude_hgd_imc,routing_k6_hard,multimodal,NextBiopsyProgression_LGD3plus,binary,windows_armdiff_plus_arms_plus_cx,none,-1,,,,5,5,0,,5,True,785,0.8691710777303296,0.05408007724210756,0.5734066227549786,0.20429791627519492,0.6498923530045864,0.1684273232460207,0.9257242419514226,0.059847611801693824,0.6002215527845796,0.19291562879837984,0.7629728973680009,0.0789933793252948,,,,,,,,,,,,,,,,,,,,,,,,
routing/routing_moe_20260304_200011,exclude_hgd_imc,routing_k6_soft,multimodal,NextBiopsyProgression_LGD3plus,binary,windows_armdiff_plus_arms_plus_cx,none,-1,,,,5,5,0,,5,True,785,0.858147740953164,0.032146053137036605,0.5177952982972421,0.19822274695946832,0.6673715591499105,0.16545351789271723,0.9257242419514226,0.059847611801693824,0.6221146247062102,0.1874953902226314,0.7739194333288163,0.07683125189991338,,,,,,,,,,,,,,,,,,,,,,,,
cnv_anchor/runs/cnv/exclude_lgd_hgd_imc/NextBiopsyProgression_LGD3plus_stage2_exclusions,exclude_lgd_hgd_imc,cnv_elasticnet_logreg,cnv,NextBiopsyProgression_LGD3plus,binary,windows_armdiff_plus_arms_plus_cx,none,-1,,,,5,5,0,,5,True,638,0.6107540338403841,0.14299018109515918,0.26863745596612015,0.16427492298908447,0.75398337761451,0.03877584643596694,0.4651526251526251,0.2819117256718682,0.7838596354182564,0.04457514891061836,0.6245061302854408,0.13301752592276958,0.18654615122241833,0.02486490321843819,0.2566186701393429,0.031031000103351334,0.3467521367521368,0.2638797361643296,0.28692307692307695,0.2266447663164083,0.10887187630415127,0.11282566848501613,0.07690871068290477,0.09346042291761401,,,,,,,,,,,,
cnv_anchor/runs/cnv/exclude_lgd_hgd_imc/NextBiopsyProgression_LGD3plus_stage2_exclusions,exclude_lgd_hgd_imc,cnv_linear_svm_calibrated,cnv,NextBiopsyProgression_LGD3plus,binary,windows_armdiff_plus_arms_plus_cx,none,-1,,,,5,5,0,,5,True,638,0.516528580595276,0.10843241307079769,0.20625605432297753,0.11250608279798745,0.8941641855421363,0.032983118062143685,0.0,0.0,0.9961705989110708,0.0052867298666344365,0.4980852994555354,0.0026433649333172183,0.09284855462601506,0.025092322432199943,0.047455050060726846,0.013891289848523204,0.23264957264957267,0.1613760319355056,0.18170940170940172,0.1421961267972821,0.07291187913358202,0.06813687150755009,0.018786959783153933,0.033123589698663844,,,,,,,,,,,,
cnv_anchor/runs/cnv/exclude_lgd_hgd_imc/NextBiopsyProgression_LGD3plus_stage2_exclusions,exclude_lgd_hgd_imc,cnv_mlp,cnv,NextBiopsyProgression_LGD3plus,binary,windows_armdiff_plus_arms_plus_cx,none,-1,,,,5,5,0,,5,True,638,0.5125402974856728,0.11074476633210291,0.146191665032405,0.05618555112694783,0.8016107690945897,0.037351780654213004,0.21711843711843715,0.13708104089514622,0.868337854541147,0.05287244761317503,0.5427281458297921,0.052442455852656854,0.1676899406008922,0.014889603463343235,0.23814432140179478,0.043113590017990325,0.1539316239316239,0.11303414764189089,0.07094017094017094,0.0722462408854843,0.05438852368849465,0.02110784218435222,0.026564873736963934,0.027751960285775312,,,,,,,,,,,,
cnv_anchor/runs/cnv/exclude_lgd_hgd_imc/NextBiopsyProgression_LGD3plus_stage2_exclusions,exclude_lgd_hgd_imc,cnv_pca_logreg,cnv,NextBiopsyProgression_LGD3plus,binary,windows_armdiff_plus_arms_plus_cx,none,-1,,,,5,5,0,,5,True,638,0.5729538438045219,0.10249027609626518,0.23901307689595183,0.13680033247025425,0.7279374186637586,0.03602305970428331,0.37626373626373627,0.1887306251856999,0.7661914504467953,0.047061718504489924,0.5712275933552659,0.07533305887917184,0.2008802866367178,0.03455035365943037,0.254615508785033,0.02514470606336688,0.28769230769230764,0.24579567959552057,0.2082051282051282,0.20009366642941914,0.07033303906433892,0.06740980786417755,0.021156457460720143,0.01769008673989113,,,,,,,,,,,,
cnv_anchor/runs/cnv/exclude_lgd_hgd_imc/NextBiopsyProgression_LGD3plus_stage2_exclusions,exclude_lgd_hgd_imc,cnv_random_forest,cnv,NextBiopsyProgression_LGD3plus,binary,windows_armdiff_plus_arms_plus_cx,none,-1,,,,5,5,0,,5,True,638,0.7069779063599074,0.11434259070493494,0.2888569288620587,0.188298861843531,0.8976083836204808,0.03310577779522393,0.0,0.0,1.0,0.0,0.5,0.0,0.08599645967196926,0.02514173136352101,0.05473783072407048,0.025958179985478197,0.3039560439560439,0.26296442818554344,0.2595115995115995,0.19678834670692794,0.3127559207896936,0.16857035325808828,0.11808655686874754,0.14729369629157119,,,,,,,,,,,,
cnv_anchor/runs/cnv/exclude_lgd_hgd_imc/NextBiopsyProgression_LGD3plus_stage2_exclusions,exclude_lgd_hgd_imc,cnv_temporal_delta_logreg,cnv,NextBiopsyProgression_LGD3plus,binary,windows_armdiff_plus_arms_plus_cx,none,-1,,,,5,5,0,,5,True,638,0.5952426763023453,0.09361171658843946,0.23466130953795136,0.10382752638201348,0.7546086791010049,0.020729012582779306,0.4051526251526251,0.1558337315256921,0.7920895256760043,0.025683003054454857,0.5986210754143146,0.07636926747819756,0.18724533561300927,0.028617055133593163,0.2155808007728377,0.03807922683295841,0.25438339438339436,0.11272974693277273,0.19361416361416364,0.08708518480010385,0.13926875416657408,0.1393632285937878,0.08730053119355366,0.08501618958638461,,,,,,,,,,,,
cnv_anchor/runs/cnv/exclude_lgd_hgd_imc/NextBiopsyProgression_LGD3plus_stage2_exclusions,exclude_lgd_hgd_imc,cnv_xgboost,cnv,NextBiopsyProgression_LGD3plus,binary,windows_armdiff_plus_arms_plus_cx,none,-1,,,,5,5,0,,5,True,638,0.66233784388917,0.09568336705935641,0.27328217192655596,0.16227767118846967,0.8949636627044943,0.042575991757557025,0.06888888888888889,0.0721794745284965,0.9881746304047819,0.017453696981992367,0.5285317596468355,0.037672207750087824,0.09448918205523138,0.03464927030562026,0.09267710943882841,0.0439600096365765,0.31822954822954824,0.19742440821256613,0.18982905982905982,0.19687046721269538,0.2531082984653444,0.23835584677503616,0.08904976406115399,0.10727240806981699,,,,,,,,,,,,
cnv_anchor/runs/late_fusion/exclude_lgd_hgd_imc_20260304_200011,exclude_lgd_hgd_imc,latefusion_cnv_only,cnv,NextBiopsyProgression_LGD3plus,binary,windows_armdiff_plus_arms_plus_cx,none,-1,,,,5,5,0,,5,True,638,0.7069779063599074,0.11434259070493494,0.2888569288620587,0.188298861843531,0.8976083836204808,0.033105777795224,0.0,0.0,1.0,0.0,0.5,0.0,,,,,,,,,,,,,,,,,,,,,,,,
gigapath/runs/image/exclude_lgd_hgd_imc/NextBiopsyProgression_LGD3plus_stage2_exclusions,exclude_lgd_hgd_imc,abmil,image,NextBiopsyProgression_LGD3plus,binary,NA,none,-1,,,,5,5,0,,5,True,638,0.8307852910893556,0.13508135326515316,0.5054714648804968,0.2071050057739487,0.8463937525923116,0.09095102259296647,0.6454456654456655,0.32970078998247054,0.8747607105259607,0.10953061800304813,0.760103187985813,0.1528373308304552,0.1484116180165401,0.05549097171650853,0.2360595736681667,0.12895260387481627,0.6708302808302808,0.287262116101936,0.5083028083028083,0.31856598102774103,0.4960722796708906,0.3840089920960397,0.3923720235794203,0.28941841836714294,,,,,,,,,,,,
uni2/runs/image/exclude_lgd_hgd_imc/NextBiopsyProgression_LGD3plus_stage2_exclusions,exclude_lgd_hgd_imc,abmil,image,NextBiopsyProgression_LGD3plus,binary,NA,none,-1,,,,5,5,0,,5,True,638,0.8123882211255422,0.1455569857279262,0.47786907198098055,0.20879200128390002,0.8167326596829708,0.09440837969134429,0.4702686202686202,0.34072057668182315,0.8610857984543673,0.11994707171675303,0.6656772093614938,0.13503795295045973,0.1380315761132318,0.06023880609907241,0.1949955436797873,0.10579005749881912,0.507020757020757,0.3134195321467227,0.38693528693528695,0.2589833968737815,0.5303114443569237,0.3070923086397849,0.44468723092851403,0.3100337226583082,,,,,,,,,,,,
virchow2/runs/image/exclude_lgd_hgd_imc/NextBiopsyProgression_LGD3plus_stage2_exclusions,exclude_lgd_hgd_imc,abmil,image,NextBiopsyProgression_LGD3plus,binary,NA,none,-1,,,,5,5,0,,5,True,638,0.7675114860965139,0.16396230457180946,0.4407564144542522,0.17895165502078306,0.5847232327210239,0.31260136031861185,0.6922588522588523,0.2961193749635589,0.5769309410785872,0.3671393575303723,0.6345948966687198,0.14021109942142393,0.2215083829428846,0.10124809795772367,0.3175352820684204,0.17191064362248124,0.5713186813186815,0.22911178731269521,0.42086691086691086,0.2037416910678196,0.33916800501849875,0.34186478133620773,0.2781917404118984,0.2782351764122101,,,,,,,,,,,,
gigapath/runs/image/exclude_lgd_hgd_imc/NextBiopsyProgression_LGD3plus_stage2_exclusions,exclude_lgd_hgd_imc,abmil_nogate,image,NextBiopsyProgression_LGD3plus,binary,NA,none,-1,,,,5,5,0,,5,True,638,0.8117857524607313,0.14239642894401663,0.4742123355955539,0.22367657793541917,0.8715327280469772,0.037044723035223465,0.603052503052503,0.3574684134458672,0.9108848904061689,0.03057954225813449,0.756968696729336,0.16816393630314738,0.14487273170546036,0.03459447270174576,0.25195971622945024,0.0771316077706795,0.633052503052503,0.34496256800849007,0.4753357753357753,0.3241866313511228,0.4529141253756581,0.35852529139241457,0.31647840090071105,0.2830297036890289,,,,,,,,,,,,
uni2/runs/image/exclude_lgd_hgd_imc/NextBiopsyProgression_LGD3plus_stage2_exclusions,exclude_lgd_hgd_imc,abmil_nogate,image,NextBiopsyProgression_LGD3plus,binary,NA,none,-1,,,,5,5,0,,5,True,638,0.807397774093414,0.16305859865797603,0.46712834252065905,0.18170828407627046,0.8170302225978144,0.07455474288828608,0.5811477411477411,0.22712496148127945,0.8477030728444618,0.06444353218207209,0.7144254069961015,0.12567520995146095,0.142648532619611,0.05233791432902145,0.21448576581595477,0.02773613922170866,0.5322588522588523,0.288028810195647,0.37155067155067156,0.2670274118941838,0.5468423260057896,0.3455732571072994,0.46855116098441324,0.29104882367673124,,,,,,,,,,,,
virchow2/runs/image/exclude_lgd_hgd_imc/NextBiopsyProgression_LGD3plus_stage2_exclusions,exclude_lgd_hgd_imc,abmil_nogate,image,NextBiopsyProgression_LGD3plus,binary,NA,none,-1,,,,5,5,0,,5,True,638,0.752061717091339,0.1558393607609472,0.4545305284287595,0.1711958838729801,0.6807249380437659,0.14836045990559504,0.6374725274725275,0.2979686197240297,0.6906205317588767,0.20143217275417097,0.6640465296157021,0.09541220478522712,0.22123160415720267,0.06011811612516854,0.3531059945135574,0.10864523657035362,0.5092673992673993,0.22371379162748126,0.4251404151404151,0.22855264479605386,0.37093832844409,0.3670628247680273,0.13885587559966286,0.17242720864644992,,,,,,,,,,,,
virchow2/runs/late_fusion/exclude_lgd_hgd_imc_20260304_200011,exclude_lgd_hgd_imc,latefusion_abmil_img_only,image,NextBiopsyProgression_LGD3plus,binary,windows_armdiff_plus_arms_plus_cx,none,-1,,,,5,5,0,,5,True,638,0.7675114860965139,0.16396230457180944,0.4407564144542522,0.17895165502078306,0.5847232327210239,0.31260136031861185,0.6922588522588523,0.2961193749635589,0.5769309410785872,0.3671393575303723,0.6345948966687198,0.14021109942142393,,,,,,,,,,,,,,,,,,,,,,,,
virchow2/runs/late_fusion/exclude_lgd_hgd_imc_20260304_200011,exclude_lgd_hgd_imc,latefusion_pool_mean_img_only,image,NextBiopsyProgression_LGD3plus,binary,windows_armdiff_plus_arms_plus_cx,none,-1,,,,5,5,0,,5,True,638,0.7501941553961611,0.16302967293460208,0.49522302917134126,0.197915317086119,0.8339865092605511,0.10346973208932989,0.574945054945055,0.25612315166507116,0.8642434591166583,0.095325046070798,0.7195942570308567,0.13833988814817658,,,,,,,,,,,,,,,,,,,,,,,,
gigapath/runs/image/exclude_lgd_hgd_imc/NextBiopsyProgression_LGD3plus_stage2_exclusions,exclude_lgd_hgd_imc,pool_mean,image,NextBiopsyProgression_LGD3plus,binary,NA,none,-1,,,,5,5,0,,5,True,638,0.8099332995653727,0.17649222309489926,0.5195941893356185,0.23388678662054405,0.7856912573301413,0.1506421948517592,0.6411477411477412,0.37688621172091336,0.8097605229578642,0.1943415025005652,0.7254541320528026,0.13937502947926672,0.1521962883415366,0.07730998987687836,0.23717219786280674,0.15259098147955036,0.6003540903540904,0.29480237669955905,0.504029304029304,0.3079957730797983,0.46557989313974024,0.39926723868373004,0.3628742099406843,0.3380348211851941,,,,,,,,,,,,
uni2/runs/image/exclude_lgd_hgd_imc/NextBiopsyProgression_LGD3plus_stage2_exclusions,exclude_lgd_hgd_imc,pool_mean,image,NextBiopsyProgression_LGD3plus,binary,NA,none,-1,,,,5,5,0,,5,True,638,0.7898346399943534,0.17990368696848416,0.46206503852687086,0.20692588203455226,0.741453381745848,0.2886799634422577,0.5947985347985348,0.3229155777295428,0.7659731874071138,0.34150527921485097,0.6803858611028243,0.12213273195269148,0.14474631396210894,0.07640718566700425,0.2150383806688198,0.1450785516504609,0.5316361416361416,0.21946895099421976,0.32582417582417583,0.2541917368129588,0.5083670245527229,0.33692882957078746,0.40768296729586434,0.2794947622783075,,,,,,,,,,,,
virchow2/runs/image/exclude_lgd_hgd_imc/NextBiopsyProgression_LGD3plus_stage2_exclusions,exclude_lgd_hgd_imc,pool_mean,image,NextBiopsyProgression_LGD3plus,binary,NA,none,-1,,,,5,5,0,,5,True,638,0.7501941553961611,0.16302967293460208,0.49522302917134126,0.197915317086119,0.8339865092605511,0.10346973208932984,0.574945054945055,0.25612315166507116,0.8642434591166583,0.095325046070798,0.7195942570308567,0.13833988814817658,0.1653357221038093,0.054317082055805564,0.27214658418639204,0.07841116283951323,0.5601831501831501,0.2755716388881635,0.4383028083028083,0.2584359254689842,0.3252956361061421,0.27629592906690126,0.21025275337720856,0.20816815090779395,,,,,,,,,,,,
gigapath/runs/image/exclude_lgd_hgd_imc/NextBiopsyProgression_LGD3plus_stage2_exclusions,exclude_lgd_hgd_imc,set_transformer_lite,image,NextBiopsyProgression_LGD3plus,binary,NA,none,-1,,,,5,5,0,,5,True,638,0.8315075448866761,0.1502952450606435,0.4817196402177557,0.23418365920613698,0.6777987445602507,0.17029381863936022,0.7686080586080586,0.17686019556144977,0.6711689253308206,0.18777724913591945,0.7198884919694397,0.11910441865419456,0.2180309814784885,0.08561816722768843,0.30974807716398917,0.1442508432144379,0.5678144078144078,0.2971997810729921,0.43608058608058614,0.33364162774942396,0.5678038367942799,0.2908972673846764,0.44800105670365226,0.251441582582636,,,,,,,,,,,,
uni2/runs/image/exclude_lgd_hgd_imc/NextBiopsyProgression_LGD3plus_stage2_exclusions,exclude_lgd_hgd_imc,set_transformer_lite,image,NextBiopsyProgression_LGD3plus,binary,NA,none,-1,,,,5,5,0,,5,True,638,0.8142335529542288,0.17548404890127225,0.5062567623490164,0.2290390002519865,0.6370061829558336,0.1892165971090881,0.7943101343101343,0.21289114124032665,0.618204249043721,0.22305106526900673,0.7062571916769277,0.13241279903519956,0.24532712796855377,0.13025599100794932,0.3500702842550881,0.1636827793630345,0.6087545787545787,0.3420496855145824,0.44975579975579977,0.28231392609938855,0.5339858199843818,0.3722738826059157,0.41362042631871476,0.4130780887261851,,,,,,,,,,,,
virchow2/runs/image/exclude_lgd_hgd_imc/NextBiopsyProgression_LGD3plus_stage2_exclusions,exclude_lgd_hgd_imc,set_transformer_lite,image,NextBiopsyProgression_LGD3plus,binary,NA,none,-1,,,,5,5,0,,5,True,638,0.7707545854873754,0.16373870780481664,0.4418132268488516,0.20962276035765118,0.6798238320381008,0.2089637098474051,0.6567032967032966,0.319314179406954,0.6899619030677928,0.2572364674983446,0.6733325998855447,0.10904645584048181,0.2124917445619287,0.10493410486575483,0.28823581794591757,0.1558574872137099,0.5225763125763125,0.2666125099868682,0.45719169719169717,0.26091389932302506,0.48573367645553106,0.2621394777180646,0.24982117296374304,0.22069714995442608,,,,,,,,,,,,
fusion/foundation_combo_20260304_200011,exclude_lgd_hgd_imc,cnv_plus_image_combo_gigapath_mean,multimodal,NextBiopsyProgression_LGD3plus,binary,windows_armdiff_plus_arms_plus_cx,none,-1,,,,5,5,0,,5,True,638,0.8450099059936536,0.1558964905924092,0.5520117778711278,0.2206333088322095,0.8735045288206834,0.09073677874932996,0.46417582417582415,0.21285146641800756,0.9181178402172419,0.07526747019970374,0.6911468321965331,0.12004236146807094,0.10727574066935205,0.03599689999421488,0.17004351167429949,0.08341889687952725,0.6422588522588523,0.2707270116468605,0.5416605616605616,0.29184540168571066,0.6078612127374953,0.2973463658610863,0.4585305908267109,0.26632410517246197,,,,,,,,,,,,
fusion/foundation_combo_20260304_200011,exclude_lgd_hgd_imc,cnv_plus_image_combo_gigapath_uni2_mean,multimodal,NextBiopsyProgression_LGD3plus,binary,windows_armdiff_plus_arms_plus_cx,none,-1,,,,5,5,0,,5,True,638,0.8512369801509921,0.16727987323733756,0.5630812346160925,0.22928337480438601,0.8863916242471304,0.07722994283858634,0.5141758241758241,0.20359380000624983,0.9279337577963858,0.06447501452798779,0.721054790986105,0.10782446862568987,0.10857161288937263,0.036741059515243785,0.19004211337869353,0.08304697726005576,0.6596947496947497,0.32318787854541087,0.5296092796092796,0.3426775601629986,0.6188905620033499,0.35658250303087086,0.5655587871796564,0.35225299615329236,,,,,,,,,,,,
fusion/foundation_combo_20260304_200011,exclude_lgd_hgd_imc,cnv_plus_image_combo_gigapath_uni2_virchow2_mean,multimodal,NextBiopsyProgression_LGD3plus,binary,windows_armdiff_plus_arms_plus_cx,none,-1,,,,5,5,0,,5,True,638,0.8387507763023482,0.16129534978238616,0.5384722306141125,0.21264932033437756,0.8968288293184818,0.06994154222839469,0.4971916971916972,0.2841254362269353,0.9461950289699189,0.05231183140472645,0.721693363080808,0.14367391875730368,0.1058568703705511,0.032879069208254695,0.17848971746333492,0.08907365172549098,0.6067032967032967,0.30394537435463925,0.5083028083028083,0.31856598102774103,0.6138695734117692,0.3360548012910641,0.5322213041829512,0.32887155123497064,,,,,,,,,,,,
fusion/foundation_combo_20260304_200011,exclude_lgd_hgd_imc,cnv_plus_image_combo_gigapath_virchow2_mean,multimodal,NextBiopsyProgression_LGD3plus,binary,windows_armdiff_plus_arms_plus_cx,none,-1,,,,5,5,0,,5,True,638,0.8290550529579995,0.14512587198250265,0.5196675757093363,0.2003404353684454,0.8984237098086277,0.06056194693288483,0.48608058608058613,0.2823531993335273,0.9499514982500894,0.04021348664127554,0.7180160421653377,0.1408209626279381,0.10408065639433248,0.03127797314282888,0.1674481153404445,0.08880380711563246,0.5900366300366301,0.2843528425483563,0.5173626373626374,0.28097919553400164,0.6063447383492953,0.3134323932341889,0.38854552686151833,0.2478115498928503,,,,,,,,,,,,
fusion/foundation_combo_20260304_200011,exclude_lgd_hgd_imc,cnv_plus_image_combo_uni2_mean,multimodal,NextBiopsyProgression_LGD3plus,binary,windows_armdiff_plus_arms_plus_cx,none,-1,,,,5,5,0,,5,True,638,0.8341239102131819,0.17294276007478238,0.5534177234842435,0.21791938061164043,0.8539029364643248,0.12243978462804206,0.5222954822954822,0.22306622318728156,0.8890708190535591,0.13811567252630474,0.7056831506745207,0.1010259394273285,0.11706137818674614,0.04953596348321432,0.19818218974612511,0.09331521005979698,0.6841391941391942,0.29443383169436615,0.4864468864468864,0.30160781568745526,0.5992575153586557,0.3469902671300757,0.4716717578554313,0.3799390357697117,,,,,,,,,,,,
fusion/foundation_combo_20260304_200011,exclude_lgd_hgd_imc,cnv_plus_image_combo_uni2_virchow2_mean,multimodal,NextBiopsyProgression_LGD3plus,binary,windows_armdiff_plus_arms_plus_cx,none,-1,,,,5,5,0,,5,True,638,0.8153974267198436,0.1710690056061725,0.5164315733080652,0.19548401908250732,0.8854073223447108,0.07941517082899774,0.48608058608058613,0.2823531993335273,0.934966707848013,0.06990507924064474,0.7105236469642995,0.14236034096858555,0.10930200773323295,0.037013600691759595,0.17907523666475741,0.08997523640374425,0.5657387057387058,0.2966305000210988,0.42676434676434677,0.2292598531514839,0.581684681619205,0.34089112418737705,0.48443281319367965,0.33127065856884397,,,,,,,,,,,,
fusion/foundation_combo_20260304_200011,exclude_lgd_hgd_imc,cnv_plus_image_combo_virchow2_mean,multimodal,NextBiopsyProgression_LGD3plus,binary,windows_armdiff_plus_arms_plus_cx,none,-1,,,,5,5,0,,5,True,638,0.794548267628485,0.15981563996085843,0.482374577538433,0.18103071004817214,0.8890880867358165,0.05762026052024083,0.4908424908424909,0.31732321872906594,0.9384492684379475,0.05984116108066535,0.7146458796402191,0.1459834513667949,0.11076815587669453,0.03554947494620075,0.1705520831562927,0.08245416858944357,0.5614652014652014,0.2757956437820786,0.5016361416361417,0.2276947224438226,0.5421382440074974,0.2801624730011102,0.3551054992757073,0.22913118073792496,,,,,,,,,,,,
gigapath/runs/multimodal/exclude_lgd_hgd_imc/NextBiopsyProgression_LGD3plus_stage2_exclusions,exclude_lgd_hgd_imc,coattn_abmil_cnv,multimodal,NextBiopsyProgression_LGD3plus,binary,windows_armdiff_plus_arms_plus_cx,none,-1,,,,5,5,0,,5,True,638,0.836487415060286,0.12650563051787808,0.5282425736168769,0.2134875955776902,0.884569651299057,0.060493912016232144,0.5396092796092796,0.26841905550862943,0.928962374075805,0.028481764781231943,0.7342858268425423,0.14229875485267976,0.10871540602787307,0.04995406786306696,0.15764693644899214,0.07333266163572863,0.6011477411477412,0.2810210054692177,0.47072039072039074,0.3128029669888882,0.539757147021948,0.2829350635509094,0.45031459458179085,0.2329214331319044,,,,,,,,,,,,
uni2/runs/multimodal/exclude_lgd_hgd_imc/NextBiopsyProgression_LGD3plus_stage2_exclusions,exclude_lgd_hgd_imc,coattn_abmil_cnv,multimodal,NextBiopsyProgression_LGD3plus,binary,windows_armdiff_plus_arms_plus_cx,none,-1,,,,5,5,0,,5,True,638,0.8072057368058992,0.1577260129698687,0.48109078663247545,0.18553613389385207,0.8401787813561292,0.09301676674630843,0.6514652014652014,0.21911491180948559,0.8620026259906165,0.09164867310105773,0.756733913727909,0.11780631516340652,0.1277199736552646,0.07446582382846527,0.15453572025887277,0.0629049644751071,0.54003663003663,0.2894439228703476,0.38183150183150183,0.2629009206809974,0.47073952205702996,0.3740283742853037,0.44558921082637715,0.3570567266602673,,,,,,,,,,,,
virchow2/runs/multimodal/exclude_lgd_hgd_imc/NextBiopsyProgression_LGD3plus_stage2_exclusions,exclude_lgd_hgd_imc,coattn_abmil_cnv,multimodal,NextBiopsyProgression_LGD3plus,binary,windows_armdiff_plus_arms_plus_cx,none,-1,,,,5,5,0,,5,True,638,0.794727388737434,0.0893983447192923,0.4540656045296916,0.1700378612729866,0.8033456717685116,0.06884064904895704,0.6222344322344322,0.26910389225909154,0.82598145650932,0.08706722951260179,0.7241079443718762,0.1120247967994888,0.16494122327396585,0.055589112034085175,0.25014196812000355,0.0933101199328988,0.5127472527472527,0.2255515735348831,0.4173626373626373,0.2788089168373897,0.5106917292588371,0.3176893728275154,0.20669651020928667,0.19799020654446525,,,,,,,,,,,,
gigapath/runs/multimodal/exclude_lgd_hgd_imc/NextBiopsyProgression_LGD3plus_stage2_exclusions,exclude_lgd_hgd_imc,early_max_mlp,multimodal,NextBiopsyProgression_LGD3plus,binary,windows_armdiff_plus_arms_plus_cx,none,-1,,,,5,5,0,,5,True,638,0.8052778414365435,0.13850638047762356,0.522002562719244,0.17711845883781924,0.7142801425803603,0.3728454642334279,0.3728205128205128,0.3956186742776589,0.77355790040415,0.4350753185795204,0.5731892066123314,0.10745501621198549,0.18073848088872638,0.08277265039049392,0.2809886701743812,0.1519484615543406,0.5208669108669108,0.2311354118089151,0.4302686202686202,0.23825516059343674,0.4712246183883547,0.28719461160448123,0.32354509455747565,0.2642882135549401,,,,,,,,,,,,
uni2/runs/multimodal/exclude_lgd_hgd_imc/NextBiopsyProgression_LGD3plus_stage2_exclusions,exclude_lgd_hgd_imc,early_max_mlp,multimodal,NextBiopsyProgression_LGD3plus,binary,windows_armdiff_plus_arms_plus_cx,none,-1,,,,5,5,0,,5,True,638,0.7626998502736407,0.19069608575709052,0.41597204228610957,0.18768399251313259,0.7220389403680073,0.33672654272092856,0.4837606837606838,0.40018806302976034,0.7281505911740447,0.4213355115886648,0.6059556374673642,0.0956538334239364,0.197690497555512,0.0878050143962805,0.3237561961732188,0.12675238330566854,0.5460805860805861,0.26316475012097496,0.4058241758241758,0.2625806617006541,0.399692605461966,0.32112392616225033,0.2892896328629789,0.30935872603575915,,,,,,,,,,,,
virchow2/runs/multimodal/exclude_lgd_hgd_imc/NextBiopsyProgression_LGD3plus_stage2_exclusions,exclude_lgd_hgd_imc,early_max_mlp,multimodal,NextBiopsyProgression_LGD3plus,binary,windows_armdiff_plus_arms_plus_cx,none,-1,,,,5,5,0,,5,True,638,0.767118423821142,0.2158641261106956,0.463811460753303,0.2130217691021712,0.5891053174055352,0.4396941316662842,0.6153846153846154,0.39128826825722707,0.5894867490359423,0.5246696539489699,0.6024356822102789,0.11693670876238611,0.17418942050173308,0.1208873508670677,0.27768482043769716,0.17378284284431242,0.5314652014652015,0.28412793385131435,0.4199023199023199,0.26289775355104983,0.5007896393498685,0.3477749129419228,0.3988617497178058,0.2968091850086736,,,,,,,,,,,,
gigapath/runs/multimodal/exclude_lgd_hgd_imc/NextBiopsyProgression_LGD3plus_stage2_exclusions,exclude_lgd_hgd_imc,early_mean_mlp,multimodal,NextBiopsyProgression_LGD3plus,binary,windows_armdiff_plus_arms_plus_cx,none,-1,,,,5,5,0,,5,True,638,0.8345324891732144,0.157786350289791,0.5250491770106632,0.21937379715725172,0.8418365197278422,0.09920583392672977,0.534969474969475,0.24878449846726677,0.8769794039299322,0.08219759695752839,0.7059744394497036,0.1463158953757808,0.11785035305075546,0.06536085020311955,0.149912225782419,0.04170302995695467,0.5627472527472527,0.2874255365551024,0.4986446886446886,0.29257711793052915,0.6134485870919972,0.2904239885767464,0.4279072148146539,0.26948836603047377,,,,,,,,,,,,
uni2/runs/multimodal/exclude_lgd_hgd_imc/NextBiopsyProgression_LGD3plus_stage2_exclusions,exclude_lgd_hgd_imc,early_mean_mlp,multimodal,NextBiopsyProgression_LGD3plus,binary,windows_armdiff_plus_arms_plus_cx,none,-1,,,,5,5,0,,5,True,638,0.8129929017400231,0.1445527050273956,0.48121112997009463,0.15588739394696222,0.844041705484425,0.06531316960951673,0.6470207570207569,0.2785154115486284,0.8680374537540512,0.0656219994283036,0.7575291053874043,0.13456497936091255,0.13506574342442854,0.04461515549839219,0.2195313279365771,0.0693450634185518,0.6089255189255189,0.2853845046361838,0.4465689865689866,0.21137004609039592,0.50802748766828,0.3528557316331348,0.3873896501880563,0.31602516320144247,,,,,,,,,,,,
virchow2/runs/multimodal/exclude_lgd_hgd_imc/NextBiopsyProgression_LGD3plus_stage2_exclusions,exclude_lgd_hgd_imc,early_mean_mlp,multimodal,NextBiopsyProgression_LGD3plus,binary,windows_armdiff_plus_arms_plus_cx,none,-1,,,,5,5,0,,5,True,638,0.8046572205722906,0.14039491199434687,0.4768168811607131,0.21152741844869996,0.8382401793747952,0.06988673885190162,0.5167155067155067,0.3133071776837031,0.875422887660543,0.06623188841607054,0.6960691971880248,0.14345497623103592,0.1277932374033049,0.06348453849135528,0.1719343048538651,0.10550370553716103,0.4960805860805861,0.2582294050509645,0.4063980463980464,0.27916592327412654,0.581620620277438,0.25531376007111795,0.42049458625642133,0.12804785175560193,,,,,,,,,,,,
virchow2/runs/multimodal/exclude_lgd_hgd_imc/NextBiopsyProgression_LGD3plus_stage2_exclusions,exclude_lgd_hgd_imc,early_mean_mlp_timev1,multimodal,NextBiopsyProgression_LGD3plus,binary,windows_armdiff_plus_arms_plus_cx,none,-1,,,,5,5,0,,5,True,638,0.8539007805968863,0.10992696238966523,0.5469882638241534,0.24339289220982005,0.797448718754727,0.1442630252227798,0.5235164835164835,0.36550705303069875,0.83109901189756,0.18736584126870945,0.6773077477070217,0.14446759219116678,0.1379372705732371,0.07532986909362888,0.19224381703960355,0.10482649183803094,0.6262271062271062,0.17250503419877608,0.5578266178266178,0.21300802167795754,0.5614119046308775,0.30123900340961546,0.5044017612906156,0.27952564364976223,,,,,,,,,,,,
routing/routing_moe_20260304_200011,exclude_lgd_hgd_imc,ensemble_all3_mean,multimodal,NextBiopsyProgression_LGD3plus,binary,windows_armdiff_plus_arms_plus_cx,none,-1,,,,5,5,0,,5,True,638,0.8728679974922182,0.09977787639969697,0.5848044625995101,0.2642725547780597,0.8954252615806242,0.06475625607701747,0.526080586080586,0.12997326010990798,0.9367714318690972,0.07145191549453518,0.7314260089748416,0.06001826668352771,,,,,,,,,,,,,,,,,,,,,,,,
routing/routing_moe_20260304_200011,exclude_lgd_hgd_imc,ensemble_all3_stack_logit,multimodal,NextBiopsyProgression_LGD3plus,binary,windows_armdiff_plus_arms_plus_cx,none,-1,,,,5,5,0,,5,True,638,0.859374497261004,0.11988540217230943,0.5721337665630266,0.27593497531199823,0.892853138865236,0.05487730733259347,0.16278388278388278,0.20408447179659117,0.9783960786138645,0.030352867926806106,0.5705899806988736,0.10307730839368368,,,,,,,,,,,,,,,,,,,,,,,,
routing/routing_moe_20260304_200011,exclude_lgd_hgd_imc,ensemble_available_mean,multimodal,NextBiopsyProgression_LGD3plus,binary,windows_armdiff_plus_arms_plus_cx,none,-1,,,,5,5,0,,5,True,638,0.8728679974922182,0.09977787639969697,0.5848044625995101,0.2642725547780597,0.8954252615806242,0.06475625607701747,0.526080586080586,0.12997326010990798,0.9367714318690972,0.07145191549453518,0.7314260089748416,0.06001826668352771,,,,,,,,,,,,,,,,,,,,,,,,
routing/routing_moe_20260304_200011,exclude_lgd_hgd_imc,ensemble_available_stack_logit,multimodal,NextBiopsyProgression_LGD3plus,binary,windows_armdiff_plus_arms_plus_cx,none,-1,,,,5,5,0,,5,True,638,0.859374497261004,0.11988540217230943,0.5721337665630266,0.27593497531199823,0.892853138865236,0.05487730733259347,0.16278388278388278,0.20408447179659117,0.9783960786138645,0.030352867926806106,0.5705899806988736,0.10307730839368368,,,,,,,,,,,,,,,,,,,,,,,,
routing/routing_moe_20260304_200011,exclude_lgd_hgd_imc,ensemble_img_cnv_mean,multimodal,NextBiopsyProgression_LGD3plus,binary,windows_armdiff_plus_arms_plus_cx,none,-1,,,,5,5,0,,5,True,638,0.8450099059936536,0.1558964905924092,0.5520117778711278,0.2206333088322095,0.8735045288206834,0.09073677874932996,0.46417582417582415,0.21285146641800756,0.9181178402172419,0.07526747019970374,0.6911468321965331,0.12004236146807094,,,,,,,,,,,,,,,,,,,,,,,,
routing/routing_moe_20260304_200011,exclude_lgd_hgd_imc,ensemble_img_cnv_stack_logit,multimodal,NextBiopsyProgression_LGD3plus,binary,windows_armdiff_plus_arms_plus_cx,none,-1,,,,5,5,0,,5,True,638,0.8413039661567219,0.15543422923924222,0.5534479956384,0.2232689291235062,0.8976083836204808,0.033105777795224,0.0,0.0,1.0,0.0,0.5,0.0,,,,,,,,,,,,,,,,,,,,,,,,
routing/routing_moe_20260304_200011,exclude_lgd_hgd_imc,ensemble_mm_cnv_mean,multimodal,NextBiopsyProgression_LGD3plus,binary,windows_armdiff_plus_arms_plus_cx,none,-1,,,,5,5,0,,5,True,638,0.8803526838252361,0.1067621148211341,0.573897895825541,0.22358439754954704,0.9006027501944226,0.027866555073557092,0.30355311355311354,0.2697208293139581,0.968095459692556,0.03171772198068313,0.6358242866228346,0.12146104707579544,,,,,,,,,,,,,,,,,,,,,,,,
routing/routing_moe_20260304_200011,exclude_lgd_hgd_imc,ensemble_mm_cnv_stack_logit,multimodal,NextBiopsyProgression_LGD3plus,binary,windows_armdiff_plus_arms_plus_cx,none,-1,,,,5,5,0,,5,True,638,0.8771029417033336,0.10889459677128752,0.5636400254867683,0.23990565015043502,0.8959823673603182,0.030402793651688274,0.0,0.0,0.9982758620689655,0.0038552896163789306,0.49913793103448273,0.0019276448081894653,,,,,,,,,,,,,,,,,,,,,,,,
routing/routing_moe_20260304_200011,exclude_lgd_hgd_imc,ensemble_mm_img_mean,multimodal,NextBiopsyProgression_LGD3plus,binary,windows_armdiff_plus_arms_plus_cx,none,-1,,,,5,5,0,,5,True,638,0.8602395538076382,0.09892563763100831,0.5330480775252779,0.2362597703275519,0.8099966984905521,0.11690440056622393,0.7414652014652015,0.12185376856821044,0.8157722032593266,0.12737355630343236,0.778618702362264,0.10158199068365581,,,,,,,,,,,,,,,,,,,,,,,,
routing/routing_moe_20260304_200011,exclude_lgd_hgd_imc,ensemble_mm_img_stack_logit,multimodal,NextBiopsyProgression_LGD3plus,binary,windows_armdiff_plus_arms_plus_cx,none,-1,,,,5,5,0,,5,True,638,0.8482094803728097,0.12014789580073992,0.5319510656458275,0.2520996034981896,0.892853138865236,0.05487730733259347,0.18945054945054945,0.19697261935668817,0.9741855522980749,0.03947344449827694,0.5818180508743123,0.09578786102080325,,,,,,,,,,,,,,,,,,,,,,,,
routing/routing_moe_20260304_200011,exclude_lgd_hgd_imc,expert_cnv_only,multimodal,NextBiopsyProgression_LGD3plus,binary,windows_armdiff_plus_arms_plus_cx,none,-1,,,,5,5,0,,5,True,638,0.7069779063599074,0.11434259070493494,0.2888569288620587,0.188298861843531,0.8976083836204808,0.033105777795224,0.0,0.0,1.0,0.0,0.5,0.0,,,,,,,,,,,,,,,,,,,,,,,,
routing/routing_moe_20260304_200011,exclude_lgd_hgd_imc,expert_img_only,multimodal,NextBiopsyProgression_LGD3plus,binary,windows_armdiff_plus_arms_plus_cx,none,-1,,,,5,5,0,,5,True,638,0.8315075448866761,0.1502952450606435,0.4817196402177557,0.23418365920613696,0.6777987445602507,0.1702938186393602,0.7686080586080586,0.17686019556144977,0.6711689253308207,0.18777724913591948,0.7198884919694397,0.11910441865419456,,,,,,,,,,,,,,,,,,,,,,,,
routing/routing_moe_20260304_200011,exclude_lgd_hgd_imc,expert_mm_only,multimodal,NextBiopsyProgression_LGD3plus,binary,windows_armdiff_plus_arms_plus_cx,none,-1,,,,5,5,0,,5,True,638,0.8539007805968863,0.10992696238966519,0.5469882638241534,0.24339289220982005,0.797448718754727,0.1442630252227798,0.5235164835164835,0.36550705303069875,0.83109901189756,0.18736584126870945,0.6773077477070217,0.14446759219116678,,,,,,,,,,,,,,,,,,,,,,,,
fusion/foundation_combo_20260304_200011,exclude_lgd_hgd_imc,image_combo_gigapath_uni2_mean,multimodal,NextBiopsyProgression_LGD3plus,binary,windows_armdiff_plus_arms_plus_cx,none,-1,,,,5,5,0,,5,True,638,0.8316255360102606,0.16743952108177027,0.5157450703760785,0.25366542495935956,0.6807718511408529,0.13605457704114732,0.8186080586080585,0.21999537697977062,0.666768886383399,0.15811733794381547,0.7426884724957288,0.11041658128883207,0.21729126856881523,0.08517166519883912,0.3226015276657225,0.14201052372085987,0.6241391941391942,0.3568082963821125,0.46593406593406594,0.36250922737141944,0.5650537274792702,0.37427309500046435,0.4827480529492741,0.32780080488466107,,,,,,,,,,,,
fusion/foundation_combo_20260304_200011,exclude_lgd_hgd_imc,image_combo_gigapath_uni2_virchow2_mean,multimodal,NextBiopsyProgression_LGD3plus,binary,windows_armdiff_plus_arms_plus_cx,none,-1,,,,5,5,0,,5,True,638,0.8192067817817665,0.16430928691721197,0.5036690521165237,0.24289296039133976,0.692717004291842,0.1641736062957982,0.7565323565323566,0.25773481938459114,0.6879658003811194,0.19136856734600827,0.7222490784567379,0.12144764313566771,0.20190373317480437,0.0787527151843089,0.3027287630675645,0.1409530277178999,0.5920879120879121,0.32489568467408625,0.4827472527472527,0.2822461507504382,0.523144476325742,0.34700552812406865,0.4444422153641091,0.3046487255232727,,,,,,,,,,,,
fusion/foundation_combo_20260304_200011,exclude_lgd_hgd_imc,image_combo_gigapath_virchow2_mean,multimodal,NextBiopsyProgression_LGD3plus,binary,windows_armdiff_plus_arms_plus_cx,none,-1,,,,5,5,0,,5,True,638,0.8101121088177449,0.13643510334770356,0.46470386892327636,0.2341535269004452,0.7091741289273364,0.18815064581920665,0.7278144078144078,0.280439639117789,0.7114277173842871,0.2252521590056594,0.7196210625993474,0.11114509411765185,0.19549619550544542,0.08085706008065197,0.2846844178742209,0.14526481462786234,0.5481318681318681,0.3020317670198325,0.4827472527472527,0.2822461507504382,0.5490892195242123,0.26641909359014515,0.2901942268728014,0.16735491739009242,,,,,,,,,,,,
fusion/foundation_combo_20260304_200011,exclude_lgd_hgd_imc,image_combo_uni2_virchow2_mean,multimodal,NextBiopsyProgression_LGD3plus,binary,windows_armdiff_plus_arms_plus_cx,none,-1,,,,5,5,0,,5,True,638,0.8004710545373435,0.1720292870288817,0.4910713643549479,0.23533522726695805,0.6865942923441144,0.17572596733240603,0.7144810744810745,0.3080695886467796,0.6868646713168194,0.22072868710258414,0.700672872898947,0.1127751532184987,0.21045839907129177,0.0965789273685532,0.312472238092491,0.1449860785302999,0.5614652014652014,0.2757956437820786,0.4562515262515262,0.2777168068979343,0.5020563485325225,0.33753643741438405,0.4097204841819355,0.34452788383728755,,,,,,,,,,,,
gigapath/runs/multimodal/exclude_lgd_hgd_imc/NextBiopsyProgression_LGD3plus_stage2_exclusions,exclude_lgd_hgd_imc,intermediate_abmil_cnv,multimodal,NextBiopsyProgression_LGD3plus,binary,windows_armdiff_plus_arms_plus_cx,none,-1,,,,5,5,0,,5,True,638,0.8442799176514011,0.12257834944804492,0.5325742743716185,0.21741848431198904,0.826210234669665,0.06291046659239852,0.6155921855921855,0.32608678886872805,0.8565576530535743,0.07932019750800202,0.73607491932288,0.14241570355035532,0.15297631812553453,0.03869051751530469,0.24248583817676037,0.09214589236120886,0.5822588522588522,0.3350545810814961,0.5053357753357753,0.32540933182846815,0.5709543928478261,0.3009991263275378,0.4375544842571781,0.2455501834745116,,,,,,,,,,,,
uni2/runs/multimodal/exclude_lgd_hgd_imc/NextBiopsyProgression_LGD3plus_stage2_exclusions,exclude_lgd_hgd_imc,intermediate_abmil_cnv,multimodal,NextBiopsyProgression_LGD3plus,binary,windows_armdiff_plus_arms_plus_cx,none,-1,,,,5,5,0,,5,True,638,0.8155054124233082,0.1467649246250353,0.5032484377414957,0.19651702872361293,0.8413926389764773,0.07106900075177458,0.6226007326007326,0.2624243545919955,0.8702436718767,0.06801706915110649,0.7464222022387161,0.12905338166471972,0.14100127520189995,0.05140253141337834,0.22542474246447983,0.09066029489452138,0.5524297924297924,0.2859446776757676,0.41180708180708175,0.2507032170895754,0.5052446195919125,0.33123274045048445,0.4363639098768801,0.29699693506740277,,,,,,,,,,,,
virchow2/runs/multimodal/exclude_lgd_hgd_imc/NextBiopsyProgression_LGD3plus_stage2_exclusions,exclude_lgd_hgd_imc,intermediate_abmil_cnv,multimodal,NextBiopsyProgression_LGD3plus,binary,windows_armdiff_plus_arms_plus_cx,none,-1,,,,5,5,0,,5,True,638,0.7762950632933072,0.11674303307773228,0.4946583158720502,0.1496253156637681,0.8180568000375914,0.14528449021255058,0.5041758241758242,0.26708165190285577,0.8534560280418786,0.17086067025194704,0.6788159261088514,0.1233094785551617,0.12830228935077645,0.07460428156316903,0.20445675844908356,0.10087791463746215,0.5394139194139195,0.17068921051242822,0.4067399267399267,0.22717144284004817,0.39191967766665314,0.331647424818011,0.17849906539209295,0.15590307394002142,,,,,,,,,,,,
virchow2/runs/late_fusion/exclude_lgd_hgd_imc_20260304_200011,exclude_lgd_hgd_imc,latefusion_abmil_mean,multimodal,NextBiopsyProgression_LGD3plus,binary,windows_armdiff_plus_arms_plus_cx,none,-1,,,,5,5,0,,5,True,638,0.8145853601112749,0.15915186770363224,0.5067320889817426,0.16340645343508875,0.8964609920354996,0.04769955803377794,0.3763980463980464,0.23401990951455567,0.9574565434654694,0.029382259204179098,0.6669272949317578,0.11192116962110668,,,,,,,,,,,,,,,,,,,,,,,,
virchow2/runs/late_fusion/exclude_lgd_hgd_imc_20260304_200011,exclude_lgd_hgd_imc,latefusion_abmil_stack_logit,multimodal,NextBiopsyProgression_LGD3plus,binary,windows_armdiff_plus_arms_plus_cx,none,-1,,,,5,5,0,,5,True,638,0.8005353994345004,0.16178927467408522,0.49309811149600014,0.16431839878308283,0.8976083836204808,0.033105777795224,0.0,0.0,1.0,0.0,0.5,0.0,,,,,,,,,,,,,,,,,,,,,,,,
virchow2/runs/late_fusion/exclude_lgd_hgd_imc_20260304_200011,exclude_lgd_hgd_imc,latefusion_pool_mean_mean,multimodal,NextBiopsyProgression_LGD3plus,binary,windows_armdiff_plus_arms_plus_cx,none,-1,,,,5,5,0,,5,True,638,0.811477161970329,0.17438473732608845,0.5513462554304358,0.2130826616387148,0.9051499406669045,0.04689677496455569,0.27623931623931625,0.26268838315809145,0.975537207646615,0.03036703610274241,0.6258882619429655,0.1260426163512272,,,,,,,,,,,,,,,,,,,,,,,,
virchow2/runs/late_fusion/exclude_lgd_hgd_imc_20260304_200011,exclude_lgd_hgd_imc,latefusion_pool_mean_stack_logit,multimodal,NextBiopsyProgression_LGD3plus,binary,windows_armdiff_plus_arms_plus_cx,none,-1,,,,5,5,0,,5,True,638,0.8032150702329547,0.16973493913545343,0.5399307181586136,0.21210387607254133,0.8976083836204808,0.033105777795224,0.0,0.0,1.0,0.0,0.5,0.0,,,,,,,,,,,,,,,,,,,,,,,,
routing/routing_moe_20260304_200011,exclude_lgd_hgd_imc,routing_k2_hard,multimodal,NextBiopsyProgression_LGD3plus,binary,windows_armdiff_plus_arms_plus_cx,none,-1,,,,5,5,0,,5,True,638,0.8337482543624202,0.16267259194440148,0.47259291023091404,0.23733243587999037,0.7023009135306958,0.15890870210701413,0.6152747252747253,0.3736031110333399,0.7216887716822733,0.19987555783620303,0.6684817484784993,0.15906682239830855,,,,,,,,,,,,,,,,,,,,,,,,
routing/routing_moe_20260304_200011,exclude_lgd_hgd_imc,routing_k2_soft,multimodal,NextBiopsyProgression_LGD3plus,binary,windows_armdiff_plus_arms_plus_cx,none,-1,,,,5,5,0,,5,True,638,0.8532698104520968,0.12310790313898838,0.5330947884465782,0.23862184396581265,0.7692463072814115,0.1330692411901541,0.7467032967032966,0.10399237723605385,0.7719808776349024,0.1400732396838425,0.7593420871690996,0.11428397879729862,,,,,,,,,,,,,,,,,,,,,,,,
routing/routing_moe_20260304_200011,exclude_lgd_hgd_imc,routing_k3_hard,multimodal,NextBiopsyProgression_LGD3plus,binary,windows_armdiff_plus_arms_plus_cx,none,-1,,,,5,5,0,,5,True,638,0.7936239648244691,0.15690102089902172,0.3770199604263948,0.2506964045344944,0.6150960025390008,0.17677510217389902,0.7506593406593407,0.18420299964739098,0.6070831139854811,0.19450518702747188,0.6788712273224109,0.11569444560244965,,,,,,,,,,,,,,,,,,,,,,,,
routing/routing_moe_20260304_200011,exclude_lgd_hgd_imc,routing_k3_soft,multimodal,NextBiopsyProgression_LGD3plus,binary,windows_armdiff_plus_arms_plus_cx,none,-1,,,,5,5,0,,5,True,638,0.8408945685863187,0.1011774467742725,0.43288405752164244,0.22931130628437768,0.6397010698772101,0.17027113834352423,0.863992673992674,0.03196419356187979,0.6166509548963348,0.18654912620554198,0.7403218144445044,0.08171513006332094,,,,,,,,,,,,,,,,,,,,,,,,
routing/routing_moe_20260304_200011,exclude_lgd_hgd_imc,routing_k4_hard,multimodal,NextBiopsyProgression_LGD3plus,binary,windows_armdiff_plus_arms_plus_cx,none,-1,,,,5,5,0,,5,True,638,0.8519705878669939,0.04481949837369223,0.4748648081537897,0.087258794902919,0.6087908418938114,0.1844506921830179,0.863992673992674,0.03196419356187979,0.5822010813176046,0.20236373654794246,0.7230968776551394,0.09089241907856514,,,,,,,,,,,,,,,,,,,,,,,,
routing/routing_moe_20260304_200011,exclude_lgd_hgd_imc,routing_k4_soft,multimodal,NextBiopsyProgression_LGD3plus,binary,windows_armdiff_plus_arms_plus_cx,none,-1,,,,5,5,0,,5,True,638,0.8686298386566321,0.05151220670318834,0.5066142296948201,0.19975811576615196,0.6087908418938114,0.1844506921830179,0.863992673992674,0.03196419356187979,0.5822010813176046,0.20236373654794246,0.7230968776551394,0.09089241907856514,,,,,,,,,,,,,,,,,,,,,,,,
routing/routing_moe_20260304_200011,exclude_lgd_hgd_imc,routing_k5_hard,multimodal,NextBiopsyProgression_LGD3plus,binary,windows_armdiff_plus_arms_plus_cx,none,-1,,,,5,5,0,,5,True,638,0.8390654510387661,0.08395861540978337,0.4339421645016529,0.18982417362618353,0.6985275174027586,0.15005396029600843,0.8354212454212455,0.07478378805096941,0.6818418955027982,0.16434484696784193,0.7586315704620218,0.10494739500476213,,,,,,,,,,,,,,,,,,,,,,,,
routing/routing_moe_20260304_200011,exclude_lgd_hgd_imc,routing_k5_soft,multimodal,NextBiopsyProgression_LGD3plus,binary,windows_armdiff_plus_arms_plus_cx,none,-1,,,,5,5,0,,5,True,638,0.8688985347446625,0.06492592014403105,0.49773718310055404,0.18039960030143315,0.6985275174027586,0.15005396029600843,0.8354212454212455,0.07478378805096941,0.6818418955027982,0.16434484696784193,0.7586315704620218,0.10494739500476213,,,,,,,,,,,,,,,,,,,,,,,,
routing/routing_moe_20260304_200011,exclude_lgd_hgd_imc,routing_k6_hard,multimodal,NextBiopsyProgression_LGD3plus,binary,windows_armdiff_plus_arms_plus_cx,none,-1,,,,5,5,0,,5,True,638,0.834648963572184,0.07368868708889192,0.43188247125269286,0.18378279105334436,0.6294627692013198,0.1741725169122944,0.8354212454212455,0.07478378805096941,0.6062513443216958,0.19266188774163068,0.7208362948714707,0.09850346656872287,,,,,,,,,,,,,,,,,,,,,,,,
routing/routing_moe_20260304_200011,exclude_lgd_hgd_imc,routing_k6_soft,multimodal,NextBiopsyProgression_LGD3plus,binary,windows_armdiff_plus_arms_plus_cx,none,-1,,,,5,5,0,,5,True,638,0.8632393283523581,0.05616530640772953,0.4957586810593909,0.17654537296002037,0.6312809510195017,0.1731205909494823,0.8354212454212455,0.07478378805096941,0.6083566074795905,0.1911905991942872,0.721888926450418,0.09799416248153014,,,,,,,,,,,,,,,,,,,,,,,,
cnv_anchor/runs/cnv/all_samples/NextBiopsyTier3_stage1_all_samples,all_samples,cnv_elasticnet_logreg,cnv,NextBiopsyTier3,multiclass,windows_armdiff_plus_arms_plus_cx,none,-1,,,,5,5,0,,5,True,903,,,,,0.5157301162565011,0.08275042162045115,,,,,,,,,,,,,,,,,,,0.3528849808686303,0.057993932036695534,0.5587345716710419,0.061891246084286096,,,,,,,,
cnv_anchor/runs/cnv/all_samples/NextBiopsyTier3_stage1_all_samples,all_samples,cnv_linear_svm_calibrated,cnv,NextBiopsyTier3,multiclass,windows_armdiff_plus_arms_plus_cx,none,-1,,,,5,5,0,,5,True,903,,,,,0.6647217840398603,0.03969971652677584,,,,,,,,,,,,,,,,,,,0.2879147097595937,0.027785302124926657,0.5927430615165191,0.05176287092112773,,,,,,,,
cnv_anchor/runs/cnv/all_samples/NextBiopsyTier3_stage1_all_samples,all_samples,cnv_mlp,cnv,NextBiopsyTier3,multiclass,windows_armdiff_plus_arms_plus_cx,none,-1,,,,5,5,0,,5,True,903,,,,,0.6643787029798021,0.03676481947913779,,,,,,,,,,,,,,,,,,,0.36038289149831315,0.0543222194343523,0.5516238423568628,0.019769775102724166,,,,,,,,
cnv_anchor/runs/cnv/all_samples/NextBiopsyTier3_stage1_all_samples,all_samples,cnv_random_forest,cnv,NextBiopsyTier3,multiclass,windows_armdiff_plus_arms_plus_cx,none,-1,,,,5,5,0,,5,True,903,,,,,0.6597253573297369,0.04213248467385722,,,,,,,,,,,,,,,,,,,0.3297555140256999,0.0371399690402306,0.679313542653464,0.03968335824103348,,,,,,,,
cnv_anchor/runs/cnv/all_samples/NextBiopsyTier3_stage1_all_samples,all_samples,cnv_temporal_delta_logreg,cnv,NextBiopsyTier3,multiclass,windows_armdiff_plus_arms_plus_cx,none,-1,,,,5,5,0,,5,True,903,,,,,0.49765799061677074,0.033677960830555305,,,,,,,,,,,,,,,,,,,0.4033328910389341,0.04730528085453859,0.6011187577098968,0.056926754674734834,,,,,,,,
cnv_anchor/runs/cnv/all_samples/NextBiopsyTier3_stage1_all_samples,all_samples,cnv_xgboost,cnv,NextBiopsyTier3,multiclass,windows_armdiff_plus_arms_plus_cx,none,-1,,,,5,5,0,,5,True,903,,,,,0.6643920690510973,0.03891494964607813,,,,,,,,,,,,,,,,,,,0.4074539843630025,0.04324535880693062,0.6772400114288979,0.06661896472321253,,,,,,,,
cnv_anchor/runs/late_fusion/all_samples_20260304_200011,all_samples,latefusion_cnv_only,cnv,NextBiopsyTier3,multiclass,windows_armdiff_plus_arms_plus_cx,none,-1,,,,5,5,0,,5,True,903,,,,,0.6597253573297369,0.04213248467385722,,,,,,,,,,,,,,,,,,,0.3297555140256999,0.0371399690402306,0.679313542653464,0.03968335824103348,,,,,,,,
gigapath/runs/image/all_samples/NextBiopsyTier3_stage1_all_samples,all_samples,abmil,image,NextBiopsyTier3,multiclass,NA,none,-1,,,,5,5,0,,5,True,903,,,,,0.6547178670553566,0.08447884796080891,,,,,,,,,,,,,,,,,,,0.4842804281121812,0.06259011548290307,0.7388497777679903,0.04304399695161514,,,,,,,,
uni2/runs/image/all_samples/NextBiopsyTier3_stage1_all_samples,all_samples,abmil,image,NextBiopsyTier3,multiclass,NA,none,-1,,,,5,5,0,,5,True,903,,,,,0.6885724356606213,0.07897295017049397,,,,,,,,,,,,,,,,,,,0.5080737454455008,0.06613282023487091,0.7513838168364894,0.037295343385035165,,,,,,,,
gigapath/runs/image/all_samples/NextBiopsyTier3_stage1_all_samples,all_samples,abmil_nogate,image,NextBiopsyTier3,multiclass,NA,none,-1,,,,5,5,0,,5,True,903,,,,,0.6847797157482948,0.05778486243643908,,,,,,,,,,,,,,,,,,,0.5048418497158802,0.08687940706507483,0.7416129848558015,0.03965054581395746,,,,,,,,
uni2/runs/image/all_samples/NextBiopsyTier3_stage1_all_samples,all_samples,abmil_nogate,image,NextBiopsyTier3,multiclass,NA,none,-1,,,,5,5,0,,5,True,903,,,,,0.6636520441457461,0.07909355605872355,,,,,,,,,,,,,,,,,,,0.5122706751796668,0.05160202416836773,0.745507208782607,0.030767490259951194,,,,,,,,
virchow2/runs/image/all_samples/NextBiopsyTier3_stage1_all_samples,all_samples,abmil_nogate,image,NextBiopsyTier3,multiclass,NA,none,-1,,,,5,5,0,,5,True,903,,,,,0.6117140231850711,0.05027684564469399,,,,,,,,,,,,,,,,,,,0.4645784064995791,0.04983106606557879,0.7180682465743751,0.047377258052855815,,,,,,,,
virchow2/runs/late_fusion/all_samples_20260304_200011,all_samples,latefusion_pool_mean_img_only,image,NextBiopsyTier3,multiclass,windows_armdiff_plus_arms_plus_cx,none,-1,,,,5,5,0,,5,True,903,,,,,0.6527963137751777,0.08407203601069639,,,,,,,,,,,,,,,,,,,0.4685099908710063,0.06625874628218201,0.703460435677809,0.03927009843475895,,,,,,,,
gigapath/runs/image/all_samples/NextBiopsyTier3_stage1_all_samples,all_samples,pool_mean,image,NextBiopsyTier3,multiclass,NA,none,-1,,,,5,5,0,,5,True,903,,,,,0.6025297267879108,0.07170287833741644,,,,,,,,,,,,,,,,,,,0.44601517174653027,0.09356373589867245,0.7163673475325087,0.039034581160082016,,,,,,,,
uni2/runs/image/all_samples/NextBiopsyTier3_stage1_all_samples,all_samples,pool_mean,image,NextBiopsyTier3,multiclass,NA,none,-1,,,,5,5,0,,5,True,903,,,,,0.649527511417415,0.0745308615826007,,,,,,,,,,,,,,,,,,,0.49192235402577217,0.06500724113638023,0.7298666789015835,0.04215715275828181,,,,,,,,
virchow2/runs/image/all_samples/NextBiopsyTier3_stage1_all_samples,all_samples,pool_mean,image,NextBiopsyTier3,multiclass,NA,none,-1,,,,5,5,0,,5,True,903,,,,,0.6527963137751777,0.08407203601069639,,,,,,,,,,,,,,,,,,,0.4685099908710062,0.06625874628218202,0.703460435677809,0.03927009843475894,,,,,,,,
gigapath/runs/image/all_samples/NextBiopsyTier3_stage1_all_samples,all_samples,set_transformer_lite,image,NextBiopsyTier3,multiclass,NA,none,-1,,,,5,5,0,,5,True,903,,,,,0.6343111292892234,0.07709998133582929,,,,,,,,,,,,,,,,,,,0.48221447716285937,0.06894952088520201,0.7335382901019827,0.04971300964275675,,,,,,,,
uni2/runs/image/all_samples/NextBiopsyTier3_stage1_all_samples,all_samples,set_transformer_lite,image,NextBiopsyTier3,multiclass,NA,none,-1,,,,5,5,0,,5,True,903,,,,,0.6729594569293864,0.06275715830059723,,,,,,,,,,,,,,,,,,,0.5289468147584799,0.07905333203712936,0.7428845131758235,0.05116289173731738,,,,,,,,
virchow2/runs/image/all_samples/NextBiopsyTier3_stage1_all_samples,all_samples,set_transformer_lite,image,NextBiopsyTier3,multiclass,NA,none,-1,,,,5,5,0,,5,True,903,,,,,0.6648458639027414,0.07411678473334868,,,,,,,,,,,,,,,,,,,0.463192108657595,0.02871394318590344,0.7237747825118828,0.04453304823285819,,,,,,,,
fusion/foundation_combo_20260304_200011,all_samples,cnv_plus_image_combo_gigapath_mean,multimodal,NextBiopsyTier3,multiclass,windows_armdiff_plus_arms_plus_cx,none,-1,,,,5,5,0,,5,True,903,,,,,0.689650908864827,0.044230779203853036,,,,,,,,,,,,,,,,,,,0.43055699762927446,0.08311621506362264,0.760504053562556,0.04635370574585442,,,,,,,,
fusion/foundation_combo_20260304_200011,all_samples,cnv_plus_image_combo_gigapath_uni2_mean,multimodal,NextBiopsyTier3,multiclass,windows_armdiff_plus_arms_plus_cx,none,-1,,,,5,5,0,,5,True,903,,,,,0.7104791791673051,0.06213512271164097,,,,,,,,,,,,,,,,,,,0.46104213985800946,0.08786027917639799,0.7760508915600994,0.04752603868477659,,,,,,,,
fusion/foundation_combo_20260304_200011,all_samples,cnv_plus_image_combo_gigapath_uni2_virchow2_mean,multimodal,NextBiopsyTier3,multiclass,windows_armdiff_plus_arms_plus_cx,none,-1,,,,5,5,0,,5,True,903,,,,,0.699925459988975,0.06360465935258887,,,,,,,,,,,,,,,,,,,0.4444985147669717,0.07411291240204484,0.774834878529819,0.05099902230278833,,,,,,,,
fusion/foundation_combo_20260304_200011,all_samples,cnv_plus_image_combo_gigapath_virchow2_mean,multimodal,NextBiopsyTier3,multiclass,windows_armdiff_plus_arms_plus_cx,none,-1,,,,5,5,0,,5,True,903,,,,,0.6941809701860703,0.0472452941415679,,,,,,,,,,,,,,,,,,,0.43026602381809675,0.06982223829705603,0.7650263714523875,0.049579298515210576,,,,,,,,
fusion/foundation_combo_20260304_200011,all_samples,cnv_plus_image_combo_uni2_mean,multimodal,NextBiopsyTier3,multiclass,windows_armdiff_plus_arms_plus_cx,none,-1,,,,5,5,0,,5,True,903,,,,,0.7011362050902077,0.0742108414023107,,,,,,,,,,,,,,,,,,,0.459889619134673,0.08244446773966599,0.771736031443307,0.04052409371182149,,,,,,,,
fusion/foundation_combo_20260304_200011,all_samples,cnv_plus_image_combo_uni2_virchow2_mean,multimodal,NextBiopsyTier3,multiclass,windows_armdiff_plus_arms_plus_cx,none,-1,,,,5,5,0,,5,True,903,,,,,0.6922413986935229,0.06477747956022332,,,,,,,,,,,,,,,,,,,0.4398051844456156,0.05226545101483342,0.7737793776730546,0.05159070883455796,,,,,,,,
fusion/foundation_combo_20260304_200011,all_samples,cnv_plus_image_combo_virchow2_mean,multimodal,NextBiopsyTier3,multiclass,windows_armdiff_plus_arms_plus_cx,none,-1,,,,5,5,0,,5,True,903,,,,,0.6850604250421879,0.06302678780939241,,,,,,,,,,,,,,,,,,,0.43405216935780394,0.04962075899741741,0.7484545978800632,0.05055672532295203,,,,,,,,
gigapath/runs/multimodal/all_samples/NextBiopsyTier3_stage1_all_samples,all_samples,coattn_abmil_cnv,multimodal,NextBiopsyTier3,multiclass,windows_armdiff_plus_arms_plus_cx,none,-1,,,,5,5,0,,5,True,903,,,,,0.6597687646461401,0.0705173954188026,,,,,,,,,,,,,,,,,,,0.5298187045424182,0.07152647386782003,0.75008619174335,0.04009801751296958,,,,,,,,
uni2/runs/multimodal/all_samples/NextBiopsyTier3_stage1_all_samples,all_samples,coattn_abmil_cnv,multimodal,NextBiopsyTier3,multiclass,windows_armdiff_plus_arms_plus_cx,none,-1,,,,5,5,0,,5,True,903,,,,,0.6253935943003136,0.051977207681478114,,,,,,,,,,,,,,,,,,,0.5104352853171965,0.04211240329552578,0.7407553764201438,0.03968630522671297,,,,,,,,
gigapath/runs/multimodal/all_samples/NextBiopsyTier3_stage1_all_samples,all_samples,early_max_mlp,multimodal,NextBiopsyTier3,multiclass,windows_armdiff_plus_arms_plus_cx,none,-1,,,,5,5,0,,5,True,903,,,,,0.481556330306075,0.18737853552983558,,,,,,,,,,,,,,,,,,,0.31211149088248613,0.09462444831920679,0.6777689900872749,0.03771704071512752,,,,,,,,
uni2/runs/multimodal/all_samples/NextBiopsyTier3_stage1_all_samples,all_samples,early_max_mlp,multimodal,NextBiopsyTier3,multiclass,windows_armdiff_plus_arms_plus_cx,none,-1,,,,5,5,0,,5,True,903,,,,,0.6555803860009066,0.06642508016488634,,,,,,,,,,,,,,,,,,,0.4105176226629873,0.08941154558274386,0.6946419496842466,0.02529900931876339,,,,,,,,
virchow2/runs/multimodal/all_samples/NextBiopsyTier3_stage1_all_samples,all_samples,early_max_mlp,multimodal,NextBiopsyTier3,multiclass,windows_armdiff_plus_arms_plus_cx,none,-1,,,,5,5,0,,5,True,903,,,,,0.6552109537876541,0.04926726750705644,,,,,,,,,,,,,,,,,,,0.4024203605301767,0.08313852655339582,0.6755684878959364,0.045278277892855344,,,,,,,,
gigapath/runs/multimodal/all_samples/NextBiopsyTier3_stage1_all_samples,all_samples,early_mean_mlp,multimodal,NextBiopsyTier3,multiclass,windows_armdiff_plus_arms_plus_cx,none,-1,,,,5,5,0,,5,True,903,,,,,0.6613797451845255,0.07892015240991777,,,,,,,,,,,,,,,,,,,0.48178728557596145,0.043498164284658525,0.7346063949632573,0.03835979653214918,,,,,,,,
uni2/runs/multimodal/all_samples/NextBiopsyTier3_stage1_all_samples,all_samples,early_mean_mlp,multimodal,NextBiopsyTier3,multiclass,windows_armdiff_plus_arms_plus_cx,none,-1,,,,5,5,0,,5,True,903,,,,,0.6575993401650437,0.07043324812115373,,,,,,,,,,,,,,,,,,,0.46810036558263024,0.03194797537907621,0.7405189663759425,0.03340203700903977,,,,,,,,
routing/routing_moe_20260304_200011,all_samples,ensemble_all3_mean,multimodal,NextBiopsyTier3,multiclass,windows_armdiff_plus_arms_plus_cx,none,-1,,,,5,5,0,,5,True,903,,,,,0.7035720571969252,0.0700925897096266,,,,,,,,,,,,,,,,,,,0.5110114518774778,0.07351601143190514,0.7824465463163659,0.04146028364497271,,,,,,,,
routing/routing_moe_20260304_200011,all_samples,ensemble_all3_stack_logit,multimodal,NextBiopsyTier3,multiclass,windows_armdiff_plus_arms_plus_cx,none,-1,,,,5,5,0,,5,True,903,,,,,0.6943741823928807,0.05719777636733148,,,,,,,,,,,,,,,,,,,0.45179546329654163,0.05909420637728086,0.7813744729935007,0.04858204896004304,,,,,,,,
routing/routing_moe_20260304_200011,all_samples,ensemble_available_mean,multimodal,NextBiopsyTier3,multiclass,windows_armdiff_plus_arms_plus_cx,none,-1,,,,5,5,0,,5,True,903,,,,,0.7035720571969252,0.0700925897096266,,,,,,,,,,,,,,,,,,,0.5110114518774778,0.07351601143190514,0.7824465463163659,0.04146028364497271,,,,,,,,
routing/routing_moe_20260304_200011,all_samples,ensemble_available_stack_logit,multimodal,NextBiopsyTier3,multiclass,windows_armdiff_plus_arms_plus_cx,none,-1,,,,5,5,0,,5,True,903,,,,,0.6943741823928807,0.05719777636733148,,,,,,,,,,,,,,,,,,,0.45179546329654163,0.05909420637728086,0.7813744729935007,0.04858204896004304,,,,,,,,
routing/routing_moe_20260304_200011,all_samples,ensemble_img_cnv_mean,multimodal,NextBiopsyTier3,multiclass,windows_armdiff_plus_arms_plus_cx,none,-1,,,,5,5,0,,5,True,903,,,,,0.7011362050902077,0.0742108414023107,,,,,,,,,,,,,,,,,,,0.459889619134673,0.08244446773966599,0.771736031443307,0.04052409371182149,,,,,,,,
routing/routing_moe_20260304_200011,all_samples,ensemble_img_cnv_stack_logit,multimodal,NextBiopsyTier3,multiclass,windows_armdiff_plus_arms_plus_cx,none,-1,,,,5,5,0,,5,True,903,,,,,0.7076617450833125,0.06227041955469921,,,,,,,,,,,,,,,,,,,0.44076728563072853,0.05971667100695624,0.7666849983638618,0.04620774701394787,,,,,,,,
routing/routing_moe_20260304_200011,all_samples,ensemble_mm_cnv_mean,multimodal,NextBiopsyTier3,multiclass,windows_armdiff_plus_arms_plus_cx,none,-1,,,,5,5,0,,5,True,903,,,,,0.6737843284977186,0.05156349474738476,,,,,,,,,,,,,,,,,,,0.47408861412594916,0.07306878708125274,0.7617558225493813,0.04914065823396447,,,,,,,,
routing/routing_moe_20260304_200011,all_samples,ensemble_mm_cnv_stack_logit,multimodal,NextBiopsyTier3,multiclass,windows_armdiff_plus_arms_plus_cx,none,-1,,,,5,5,0,,5,True,903,,,,,0.7005897740925278,0.04091132555175784,,,,,,,,,,,,,,,,,,,0.4509937835909036,0.05762332120063532,0.7402203145474096,0.0385625912242752,,,,,,,,
routing/routing_moe_20260304_200011,all_samples,ensemble_mm_img_mean,multimodal,NextBiopsyTier3,multiclass,windows_armdiff_plus_arms_plus_cx,none,-1,,,,5,5,0,,5,True,903,,,,,0.6907325246564501,0.0828967028000447,,,,,,,,,,,,,,,,,,,0.5407016367404649,0.07163979118580854,0.770732974777063,0.038488913501552646,,,,,,,,
routing/routing_moe_20260304_200011,all_samples,ensemble_mm_img_stack_logit,multimodal,NextBiopsyTier3,multiclass,windows_armdiff_plus_arms_plus_cx,none,-1,,,,5,5,0,,5,True,903,,,,,0.6893635137983031,0.06011856843232175,,,,,,,,,,,,,,,,,,,0.44840336931971425,0.059249111991193086,0.775374109667485,0.05615855497767546,,,,,,,,
routing/routing_moe_20260304_200011,all_samples,expert_cnv_only,multimodal,NextBiopsyTier3,multiclass,windows_armdiff_plus_arms_plus_cx,none,-1,,,,5,5,0,,5,True,903,,,,,0.6597253573297369,0.04213248467385722,,,,,,,,,,,,,,,,,,,0.3297555140256999,0.0371399690402306,0.679313542653464,0.03968335824103348,,,,,,,,
routing/routing_moe_20260304_200011,all_samples,expert_img_only,multimodal,NextBiopsyTier3,multiclass,windows_armdiff_plus_arms_plus_cx,none,-1,,,,5,5,0,,5,True,903,,,,,0.6885724356606213,0.07897295017049397,,,,,,,,,,,,,,,,,,,0.5080737454455008,0.06613282023487091,0.7513838168364894,0.037295343385035144,,,,,,,,
routing/routing_moe_20260304_200011,all_samples,expert_mm_only,multimodal,NextBiopsyTier3,multiclass,windows_armdiff_plus_arms_plus_cx,none,-1,,,,5,5,0,,5,True,903,,,,,0.6597687646461401,0.0705173954188026,,,,,,,,,,,,,,,,,,,0.5298187045424182,0.07152647386782005,0.75008619174335,0.04009801751296958,,,,,,,,
fusion/foundation_combo_20260304_200011,all_samples,image_combo_gigapath_uni2_mean,multimodal,NextBiopsyTier3,multiclass,windows_armdiff_plus_arms_plus_cx,none,-1,,,,5,5,0,,5,True,903,,,,,0.7095181858064163,0.06985416310167283,,,,,,,,,,,,,,,,,,,0.5167897401817664,0.07548033475071629,0.7579816141240833,0.03969014592237535,,,,,,,,
fusion/foundation_combo_20260304_200011,all_samples,image_combo_gigapath_uni2_virchow2_mean,multimodal,NextBiopsyTier3,multiclass,windows_armdiff_plus_arms_plus_cx,none,-1,,,,5,5,0,,5,True,903,,,,,0.6988151378563858,0.08433490340985073,,,,,,,,,,,,,,,,,,,0.49603106776650596,0.07535300787880353,0.7592103124794439,0.04468854307802794,,,,,,,,
fusion/foundation_combo_20260304_200011,all_samples,image_combo_gigapath_virchow2_mean,multimodal,NextBiopsyTier3,multiclass,windows_armdiff_plus_arms_plus_cx,none,-1,,,,5,5,0,,5,True,903,,,,,0.6934839421401482,0.06943933628436812,,,,,,,,,,,,,,,,,,,0.4752371186884544,0.06060103267493926,0.7457611483149436,0.041320819652282376,,,,,,,,
fusion/foundation_combo_20260304_200011,all_samples,image_combo_uni2_virchow2_mean,multimodal,NextBiopsyTier3,multiclass,windows_armdiff_plus_arms_plus_cx,none,-1,,,,5,5,0,,5,True,903,,,,,0.690905475344192,0.079081062697364,,,,,,,,,,,,,,,,,,,0.49520136035522355,0.04248279785639574,0.7559032990258514,0.04630874098955174,,,,,,,,
gigapath/runs/multimodal/all_samples/NextBiopsyTier3_stage1_all_samples,all_samples,intermediate_abmil_cnv,multimodal,NextBiopsyTier3,multiclass,windows_armdiff_plus_arms_plus_cx,none,-1,,,,5,5,0,,5,True,903,,,,,0.6579091293663502,0.05764201625995238,,,,,,,,,,,,,,,,,,,0.5168189266487374,0.05511742431523367,0.7402326801093166,0.023031698702650785,,,,,,,,
uni2/runs/multimodal/all_samples/NextBiopsyTier3_stage1_all_samples,all_samples,intermediate_abmil_cnv,multimodal,NextBiopsyTier3,multiclass,windows_armdiff_plus_arms_plus_cx,none,-1,,,,5,5,0,,5,True,903,,,,,0.6402013043038683,0.056709335512463876,,,,,,,,,,,,,,,,,,,0.4873497057187756,0.00763067203310985,0.738753433194367,0.02422771793073024,,,,,,,,
virchow2/runs/multimodal/all_samples/NextBiopsyTier3_stage1_all_samples,all_samples,intermediate_abmil_cnv,multimodal,NextBiopsyTier3,multiclass,windows_armdiff_plus_arms_plus_cx,none,-1,,,,5,5,0,,5,True,903,,,,,0.666516578531346,0.09161061201112604,,,,,,,,,,,,,,,,,,,0.5057866229523056,0.04570200265864561,0.7358789819619578,0.027168293303533812,,,,,,,,
virchow2/runs/late_fusion/all_samples_20260304_200011,all_samples,latefusion_pool_mean_mean,multimodal,NextBiopsyTier3,multiclass,windows_armdiff_plus_arms_plus_cx,none,-1,,,,5,5,0,,5,True,903,,,,,0.6748714420645309,0.06134792660295636,,,,,,,,,,,,,,,,,,,0.4199911144594196,0.049335568902203045,0.7363493971809146,0.049913091248931465,,,,,,,,
virchow2/runs/late_fusion/all_samples_20260304_200011,all_samples,latefusion_pool_mean_stack_logit,multimodal,NextBiopsyTier3,multiclass,windows_armdiff_plus_arms_plus_cx,none,-1,,,,5,5,0,,5,True,903,,,,,0.6807189769503494,0.060708755611977666,,,,,,,,,,,,,,,,,,,0.40256448606297957,0.03436363624073371,0.7299010298554712,0.03663223766049692,,,,,,,,
routing/routing_moe_20260304_200011,all_samples,routing_k2_hard,multimodal,NextBiopsyTier3,multiclass,windows_armdiff_plus_arms_plus_cx,none,-1,,,,5,5,0,,5,True,903,,,,,0.658986168453727,0.076136274788029,,,,,,,,,,,,,,,,,,,0.5185532661097083,0.08037900803275348,0.7277862876571988,0.04725712250141105,,,,,,,,
routing/routing_moe_20260304_200011,all_samples,routing_k2_soft,multimodal,NextBiopsyTier3,multiclass,windows_armdiff_plus_arms_plus_cx,none,-1,,,,5,5,0,,5,True,903,,,,,0.6959846451228785,0.0775249460520714,,,,,,,,,,,,,,,,,,,0.5138434732181711,0.07578437924074721,0.780414353309487,0.04049327699575462,,,,,,,,
routing/routing_moe_20260304_200011,all_samples,routing_k3_hard,multimodal,NextBiopsyTier3,multiclass,windows_armdiff_plus_arms_plus_cx,none,-1,,,,5,5,0,,5,True,903,,,,,0.674374086049768,0.0725618314767446,,,,,,,,,,,,,,,,,,,0.5235298845907039,0.06594100139013183,0.7248697612816181,0.0574345969981784,,,,,,,,
routing/routing_moe_20260304_200011,all_samples,routing_k3_soft,multimodal,NextBiopsyTier3,multiclass,windows_armdiff_plus_arms_plus_cx,none,-1,,,,5,5,0,,5,True,903,,,,,0.6962737965782224,0.073268890018158,,,,,,,,,,,,,,,,,,,0.5163776381081006,0.0673292727491174,0.7804271203340297,0.04062251529975488,,,,,,,,
routing/routing_moe_20260304_200011,all_samples,routing_k4_hard,multimodal,NextBiopsyTier3,multiclass,windows_armdiff_plus_arms_plus_cx,none,-1,,,,5,5,0,,5,True,903,,,,,0.6794723070769212,0.08647738509539896,,,,,,,,,,,,,,,,,,,0.5201421190383078,0.0635668759546697,0.7279872179186504,0.058511498773380896,,,,,,,,
routing/routing_moe_20260304_200011,all_samples,routing_k4_soft,multimodal,NextBiopsyTier3,multiclass,windows_armdiff_plus_arms_plus_cx,none,-1,,,,5,5,0,,5,True,903,,,,,0.7029960062102847,0.07680881674427154,,,,,,,,,,,,,,,,,,,0.5307743025711632,0.069461431429197,0.7813651395927164,0.04121906230391483,,,,,,,,
routing/routing_moe_20260304_200011,all_samples,routing_k5_hard,multimodal,NextBiopsyTier3,multiclass,windows_armdiff_plus_arms_plus_cx,none,-1,,,,5,5,0,,5,True,903,,,,,0.6733014578263499,0.07926498594616116,,,,,,,,,,,,,,,,,,,0.5238499352175244,0.0741445644500593,0.7032057883154386,0.03955112575894073,,,,,,,,
routing/routing_moe_20260304_200011,all_samples,routing_k5_soft,multimodal,NextBiopsyTier3,multiclass,windows_armdiff_plus_arms_plus_cx,none,-1,,,,5,5,0,,5,True,903,,,,,0.7021963207823296,0.07108417631534206,,,,,,,,,,,,,,,,,,,0.5323699128366409,0.07603871626359908,0.7816876409536502,0.040179464652986656,,,,,,,,
routing/routing_moe_20260304_200011,all_samples,routing_k6_hard,multimodal,NextBiopsyTier3,multiclass,windows_armdiff_plus_arms_plus_cx,none,-1,,,,5,5,0,,5,True,903,,,,,0.6772681863163532,0.0746880923956739,,,,,,,,,,,,,,,,,,,0.48911259867181267,0.07192847285380793,0.7151851527535962,0.03886397318239204,,,,,,,,
routing/routing_moe_20260304_200011,all_samples,routing_k6_soft,multimodal,NextBiopsyTier3,multiclass,windows_armdiff_plus_arms_plus_cx,none,-1,,,,5,5,0,,5,True,903,,,,,0.7058235370468726,0.06573104471778263,,,,,,,,,,,,,,,,,,,0.5268012302541611,0.07083593347821684,0.781662494245423,0.04066048856155015,,,,,,,,
cnv_anchor/runs/cnv/exclude_hgd_imc/NextBiopsyTier3_stage2_exclusions,exclude_hgd_imc,cnv_elasticnet_logreg,cnv,NextBiopsyTier3,multiclass,windows_armdiff_plus_arms_plus_cx,none,-1,,,,5,5,0,,5,True,785,,,,,0.45486045287842736,0.07110992880421602,,,,,,,,,,,,,,,,,,,0.3554113862956277,0.059371430122541945,0.5611517903629972,0.06407364166817098,,,,,,,,
cnv_anchor/runs/cnv/exclude_hgd_imc/NextBiopsyTier3_stage2_exclusions,exclude_hgd_imc,cnv_linear_svm_calibrated,cnv,NextBiopsyTier3,multiclass,windows_armdiff_plus_arms_plus_cx,none,-1,,,,5,5,0,,5,True,785,,,,,0.7218136932953535,0.08137773317094796,,,,,,,,,,,,,,,,,,,0.2788013024903774,0.01791077483424194,0.5198943265507301,0.0817893510474111,,,,,,,,
cnv_anchor/runs/cnv/exclude_hgd_imc/NextBiopsyTier3_stage2_exclusions,exclude_hgd_imc,cnv_mlp,cnv,NextBiopsyTier3,multiclass,windows_armdiff_plus_arms_plus_cx,none,-1,,,,5,5,0,,5,True,785,,,,,0.7124104742487681,0.07681579037319997,,,,,,,,,,,,,,,,,,,0.32813958194895415,0.0535032204439615,0.43320626702301873,0.07894092191054554,,,,,,,,
cnv_anchor/runs/cnv/exclude_hgd_imc/NextBiopsyTier3_stage2_exclusions,exclude_hgd_imc,cnv_random_forest,cnv,NextBiopsyTier3,multiclass,windows_armdiff_plus_arms_plus_cx,none,-1,,,,5,5,0,,5,True,785,,,,,0.7040446295333517,0.06717829061104548,,,,,,,,,,,,,,,,,,,0.3311528985656044,0.056074304524261084,0.6231464272108012,0.06803563689906582,,,,,,,,
cnv_anchor/runs/cnv/exclude_hgd_imc/NextBiopsyTier3_stage2_exclusions,exclude_hgd_imc,cnv_temporal_delta_logreg,cnv,NextBiopsyTier3,multiclass,windows_armdiff_plus_arms_plus_cx,none,-1,,,,5,5,0,,5,True,785,,,,,0.49201081686067927,0.04220548800699596,,,,,,,,,,,,,,,,,,,0.3642018738775461,0.033383318118452444,0.56285465395181,0.04242879870089765,,,,,,,,
cnv_anchor/runs/cnv/exclude_hgd_imc/NextBiopsyTier3_stage2_exclusions,exclude_hgd_imc,cnv_xgboost,cnv,NextBiopsyTier3,multiclass,windows_armdiff_plus_arms_plus_cx,none,-1,,,,5,5,0,,5,True,785,,,,,0.7144534792739407,0.07000127310696393,,,,,,,,,,,,,,,,,,,0.38790622647158757,0.03052379287516834,0.6409951761773376,0.04553441819307639,,,,,,,,
cnv_anchor/runs/late_fusion/exclude_hgd_imc_20260304_200011,exclude_hgd_imc,latefusion_cnv_only,cnv,NextBiopsyTier3,multiclass,windows_armdiff_plus_arms_plus_cx,none,-1,,,,5,5,0,,5,True,785,,,,,0.7144534792739407,0.07000127310696393,,,,,,,,,,,,,,,,,,,0.38790622647158757,0.03052379287516836,0.6409951761773376,0.04553441819307639,,,,,,,,
gigapath/runs/image/exclude_hgd_imc/NextBiopsyTier3_stage2_exclusions,exclude_hgd_imc,abmil,image,NextBiopsyTier3,multiclass,NA,none,-1,,,,5,5,0,,5,True,785,,,,,0.6705136832861656,0.0730199308018038,,,,,,,,,,,,,,,,,,,0.46365906041086385,0.04974601728711031,0.7306133337532371,0.07451534123005352,,,,,,,,
uni2/runs/image/exclude_hgd_imc/NextBiopsyTier3_stage2_exclusions,exclude_hgd_imc,abmil,image,NextBiopsyTier3,multiclass,NA,none,-1,,,,5,5,0,,5,True,785,,,,,0.6693126112853911,0.06101051621480598,,,,,,,,,,,,,,,,,,,0.4724264725289081,0.08623531436979914,0.7333612071153255,0.03946004184910387,,,,,,,,
gigapath/runs/image/exclude_hgd_imc/NextBiopsyTier3_stage2_exclusions,exclude_hgd_imc,abmil_nogate,image,NextBiopsyTier3,multiclass,NA,none,-1,,,,5,5,0,,5,True,785,,,,,0.6679792622760117,0.120836891077961,,,,,,,,,,,,,,,,,,,0.4850293019151602,0.05549356165148414,0.7209699631146965,0.06901637244478953,,,,,,,,
uni2/runs/image/exclude_hgd_imc/NextBiopsyTier3_stage2_exclusions,exclude_hgd_imc,abmil_nogate,image,NextBiopsyTier3,multiclass,NA,none,-1,,,,5,5,0,,5,True,785,,,,,0.6614410552406245,0.051695736420413335,,,,,,,,,,,,,,,,,,,0.4755886675101471,0.03153677871923189,0.7297352640372947,0.04854525999816863,,,,,,,,
virchow2/runs/image/exclude_hgd_imc/NextBiopsyTier3_stage2_exclusions,exclude_hgd_imc,abmil_nogate,image,NextBiopsyTier3,multiclass,NA,none,-1,,,,5,5,0,,5,True,785,,,,,0.6525009034590934,0.08180950956027844,,,,,,,,,,,,,,,,,,,0.4497842775854702,0.056578164471738766,0.6931498155762201,0.058648597769510515,,,,,,,,
virchow2/runs/late_fusion/exclude_hgd_imc_20260304_200011,exclude_hgd_imc,latefusion_pool_mean_img_only,image,NextBiopsyTier3,multiclass,windows_armdiff_plus_arms_plus_cx,none,-1,,,,5,5,0,,5,True,785,,,,,0.690389508755572,0.09135441640019147,,,,,,,,,,,,,,,,,,,0.44911110913667684,0.05017454010350765,0.6867311943450904,0.034107753238584074,,,,,,,,
gigapath/runs/image/exclude_hgd_imc/NextBiopsyTier3_stage2_exclusions,exclude_hgd_imc,pool_mean,image,NextBiopsyTier3,multiclass,NA,none,-1,,,,5,5,0,,5,True,785,,,,,0.6672183789509935,0.11569121997641571,,,,,,,,,,,,,,,,,,,0.49112071747278296,0.06103084796266403,0.7003916345308819,0.04329860177899865,,,,,,,,
uni2/runs/image/exclude_hgd_imc/NextBiopsyTier3_stage2_exclusions,exclude_hgd_imc,pool_mean,image,NextBiopsyTier3,multiclass,NA,none,-1,,,,5,5,0,,5,True,785,,,,,0.6047456214906441,0.0753353869648647,,,,,,,,,,,,,,,,,,,0.44269895637523654,0.056884697669504235,0.7187179425159604,0.04045466240838659,,,,,,,,
virchow2/runs/image/exclude_hgd_imc/NextBiopsyTier3_stage2_exclusions,exclude_hgd_imc,pool_mean,image,NextBiopsyTier3,multiclass,NA,none,-1,,,,5,5,0,,5,True,785,,,,,0.690389508755572,0.09135441640019147,,,,,,,,,,,,,,,,,,,0.44911110913667684,0.05017454010350765,0.6867311943450904,0.03410775323858409,,,,,,,,
gigapath/runs/image/exclude_hgd_imc/NextBiopsyTier3_stage2_exclusions,exclude_hgd_imc,set_transformer_lite,image,NextBiopsyTier3,multiclass,NA,none,-1,,,,5,5,0,,5,True,785,,,,,0.7055852205807946,0.09069686145949332,,,,,,,,,,,,,,,,,,,0.4418387357000436,0.08663581061889152,0.7139848662571622,0.0590874055048665,,,,,,,,
uni2/runs/image/exclude_hgd_imc/NextBiopsyTier3_stage2_exclusions,exclude_hgd_imc,set_transformer_lite,image,NextBiopsyTier3,multiclass,NA,none,-1,,,,5,5,0,,5,True,785,,,,,0.6717194224429656,0.0929275497661046,,,,,,,,,,,,,,,,,,,0.48042265957198643,0.10829753485317127,0.7172879102421015,0.04242276250256291,,,,,,,,
virchow2/runs/image/exclude_hgd_imc/NextBiopsyTier3_stage2_exclusions,exclude_hgd_imc,set_transformer_lite,image,NextBiopsyTier3,multiclass,NA,none,-1,,,,5,5,0,,5,True,785,,,,,0.6593683571814338,0.10647637005205855,,,,,,,,,,,,,,,,,,,0.4645393206960987,0.04727571635360578,0.7161214525856452,0.05158657100189473,,,,,,,,
fusion/foundation_combo_20260304_200011,exclude_hgd_imc,cnv_plus_image_combo_gigapath_mean,multimodal,NextBiopsyTier3,multiclass,windows_armdiff_plus_arms_plus_cx,none,-1,,,,5,5,0,,5,True,785,,,,,0.7231587383287588,0.06983684021185535,,,,,,,,,,,,,,,,,,,0.40990941383089396,0.04314039297072769,0.7389973567909105,0.05433651281814879,,,,,,,,
fusion/foundation_combo_20260304_200011,exclude_hgd_imc,cnv_plus_image_combo_gigapath_uni2_mean,multimodal,NextBiopsyTier3,multiclass,windows_armdiff_plus_arms_plus_cx,none,-1,,,,5,5,0,,5,True,785,,,,,0.725249221494057,0.07729656866852683,,,,,,,,,,,,,,,,,,,0.40614968261830875,0.03834197820302988,0.7500158222485777,0.04911808337715602,,,,,,,,
fusion/foundation_combo_20260304_200011,exclude_hgd_imc,cnv_plus_image_combo_gigapath_uni2_virchow2_mean,multimodal,NextBiopsyTier3,multiclass,windows_armdiff_plus_arms_plus_cx,none,-1,,,,5,5,0,,5,True,785,,,,,0.7253611445963021,0.07617688140149523,,,,,,,,,,,,,,,,,,,0.4025221800336796,0.04160361717164874,0.7469045190483922,0.052129451261068584,,,,,,,,
fusion/foundation_combo_20260304_200011,exclude_hgd_imc,cnv_plus_image_combo_gigapath_virchow2_mean,multimodal,NextBiopsyTier3,multiclass,windows_armdiff_plus_arms_plus_cx,none,-1,,,,5,5,0,,5,True,785,,,,,0.7253902849556997,0.07453577402757539,,,,,,,,,,,,,,,,,,,0.40534226771177045,0.04131829077947957,0.741698606317103,0.05356892544040831,,,,,,,,
fusion/foundation_combo_20260304_200011,exclude_hgd_imc,cnv_plus_image_combo_uni2_mean,multimodal,NextBiopsyTier3,multiclass,windows_armdiff_plus_arms_plus_cx,none,-1,,,,5,5,0,,5,True,785,,,,,0.7250993880477228,0.0746622449777456,,,,,,,,,,,,,,,,,,,0.4225038081733371,0.017946244817232213,0.737282908633856,0.041356522418173516,,,,,,,,
fusion/foundation_combo_20260304_200011,exclude_hgd_imc,cnv_plus_image_combo_uni2_virchow2_mean,multimodal,NextBiopsyTier3,multiclass,windows_armdiff_plus_arms_plus_cx,none,-1,,,,5,5,0,,5,True,785,,,,,0.7197847406197401,0.07470371881609712,,,,,,,,,,,,,,,,,,,0.40108567716307375,0.03553621377082575,0.7398449070481489,0.05143259358570533,,,,,,,,
fusion/foundation_combo_20260304_200011,exclude_hgd_imc,cnv_plus_image_combo_virchow2_mean,multimodal,NextBiopsyTier3,multiclass,windows_armdiff_plus_arms_plus_cx,none,-1,,,,5,5,0,,5,True,785,,,,,0.724895756620606,0.07600671428225607,,,,,,,,,,,,,,,,,,,0.40582760619779396,0.04263809877121795,0.7249352718863513,0.053036550844135,,,,,,,,
gigapath/runs/multimodal/exclude_hgd_imc/NextBiopsyTier3_stage2_exclusions,exclude_hgd_imc,coattn_abmil_cnv,multimodal,NextBiopsyTier3,multiclass,windows_armdiff_plus_arms_plus_cx,none,-1,,,,5,5,0,,5,True,785,,,,,0.6034316595965367,0.09854957547517669,,,,,,,,,,,,,,,,,,,0.4312792946709282,0.011499652008631797,0.709400232054703,0.04051577908707394,,,,,,,,
uni2/runs/multimodal/exclude_hgd_imc/NextBiopsyTier3_stage2_exclusions,exclude_hgd_imc,coattn_abmil_cnv,multimodal,NextBiopsyTier3,multiclass,windows_armdiff_plus_arms_plus_cx,none,-1,,,,5,5,0,,5,True,785,,,,,0.5962035938284697,0.04580411634326411,,,,,,,,,,,,,,,,,,,0.46490208647930836,0.03673098020514146,0.7084802942879177,0.04938180756041715,,,,,,,,
gigapath/runs/multimodal/exclude_hgd_imc/NextBiopsyTier3_stage2_exclusions,exclude_hgd_imc,early_max_mlp,multimodal,NextBiopsyTier3,multiclass,windows_armdiff_plus_arms_plus_cx,none,-1,,,,5,5,0,,5,True,785,,,,,0.5056990142674593,0.23172120003949492,,,,,,,,,,,,,,,,,,,0.29093335722744385,0.13662910063083514,0.6114059515168438,0.05510909499851991,,,,,,,,
uni2/runs/multimodal/exclude_hgd_imc/NextBiopsyTier3_stage2_exclusions,exclude_hgd_imc,early_max_mlp,multimodal,NextBiopsyTier3,multiclass,windows_armdiff_plus_arms_plus_cx,none,-1,,,,5,5,0,,5,True,785,,,,,0.5686198191483307,0.27839269325279126,,,,,,,,,,,,,,,,,,,0.28474143766559035,0.12786296143950213,0.6339316358466105,0.07653906546031909,,,,,,,,
virchow2/runs/multimodal/exclude_hgd_imc/NextBiopsyTier3_stage2_exclusions,exclude_hgd_imc,early_max_mlp,multimodal,NextBiopsyTier3,multiclass,windows_armdiff_plus_arms_plus_cx,none,-1,,,,5,5,0,,5,True,785,,,,,0.48984142088521576,0.2591013000226956,,,,,,,,,,,,,,,,,,,0.27120938880197054,0.1502888891349968,0.6195628834937179,0.07534440250472589,,,,,,,,
gigapath/runs/multimodal/exclude_hgd_imc/NextBiopsyTier3_stage2_exclusions,exclude_hgd_imc,early_mean_mlp,multimodal,NextBiopsyTier3,multiclass,windows_armdiff_plus_arms_plus_cx,none,-1,,,,5,5,0,,5,True,785,,,,,0.7103525410901991,0.08396166905771248,,,,,,,,,,,,,,,,,,,0.43731232443570517,0.06280333145501987,0.6941114894513974,0.051036875832307295,,,,,,,,
uni2/runs/multimodal/exclude_hgd_imc/NextBiopsyTier3_stage2_exclusions,exclude_hgd_imc,early_mean_mlp,multimodal,NextBiopsyTier3,multiclass,windows_armdiff_plus_arms_plus_cx,none,-1,,,,5,5,0,,5,True,785,,,,,0.6841021716229836,0.07097458486953408,,,,,,,,,,,,,,,,,,,0.4649011066400762,0.040539249811316534,0.7216532515148691,0.06481322016374959,,,,,,,,
routing/routing_moe_20260304_200011,exclude_hgd_imc,ensemble_all3_mean,multimodal,NextBiopsyTier3,multiclass,windows_armdiff_plus_arms_plus_cx,none,-1,,,,5,5,0,,5,True,785,,,,,0.7259060256499553,0.07449851732618121,,,,,,,,,,,,,,,,,,,0.433268801160738,0.06522770411382288,0.7486559679490805,0.055351639530269725,,,,,,,,
routing/routing_moe_20260304_200011,exclude_hgd_imc,ensemble_all3_stack_logit,multimodal,NextBiopsyTier3,multiclass,windows_armdiff_plus_arms_plus_cx,none,-1,,,,5,5,0,,5,True,785,,,,,0.7162794427364494,0.08935648878302452,,,,,,,,,,,,,,,,,,,0.3645669834427883,0.08100752469886481,0.7260103905241393,0.040807278064412075,,,,,,,,
routing/routing_moe_20260304_200011,exclude_hgd_imc,ensemble_available_mean,multimodal,NextBiopsyTier3,multiclass,windows_armdiff_plus_arms_plus_cx,none,-1,,,,5,5,0,,5,True,785,,,,,0.7259060256499553,0.07449851732618121,,,,,,,,,,,,,,,,,,,0.433268801160738,0.06522770411382288,0.7486559679490805,0.055351639530269725,,,,,,,,
routing/routing_moe_20260304_200011,exclude_hgd_imc,ensemble_available_stack_logit,multimodal,NextBiopsyTier3,multiclass,windows_armdiff_plus_arms_plus_cx,none,-1,,,,5,5,0,,5,True,785,,,,,0.7162794427364494,0.08935648878302452,,,,,,,,,,,,,,,,,,,0.3645669834427883,0.08100752469886481,0.7260103905241393,0.040807278064412075,,,,,,,,
routing/routing_moe_20260304_200011,exclude_hgd_imc,ensemble_img_cnv_mean,multimodal,NextBiopsyTier3,multiclass,windows_armdiff_plus_arms_plus_cx,none,-1,,,,5,5,0,,5,True,785,,,,,0.7250993880477228,0.0746622449777456,,,,,,,,,,,,,,,,,,,0.4225038081733371,0.017946244817232213,0.737282908633856,0.041356522418173516,,,,,,,,
routing/routing_moe_20260304_200011,exclude_hgd_imc,ensemble_img_cnv_stack_logit,multimodal,NextBiopsyTier3,multiclass,windows_armdiff_plus_arms_plus_cx,none,-1,,,,5,5,0,,5,True,785,,,,,0.7261931219279324,0.08350695503350673,,,,,,,,,,,,,,,,,,,0.3825374393791309,0.0681316866932884,0.7290196549678168,0.04021081081486402,,,,,,,,
routing/routing_moe_20260304_200011,exclude_hgd_imc,ensemble_mm_cnv_mean,multimodal,NextBiopsyTier3,multiclass,windows_armdiff_plus_arms_plus_cx,none,-1,,,,5,5,0,,5,True,785,,,,,0.7248412323587003,0.06924459839739253,,,,,,,,,,,,,,,,,,,0.4083969300048375,0.06850696468963663,0.7215960809123484,0.06470521907492764,,,,,,,,
routing/routing_moe_20260304_200011,exclude_hgd_imc,ensemble_mm_cnv_stack_logit,multimodal,NextBiopsyTier3,multiclass,windows_armdiff_plus_arms_plus_cx,none,-1,,,,5,5,0,,5,True,785,,,,,0.7246514958682995,0.08635128067517285,,,,,,,,,,,,,,,,,,,0.3592171439674421,0.06587833246162644,0.7144773752310053,0.07237678112596795,,,,,,,,
routing/routing_moe_20260304_200011,exclude_hgd_imc,ensemble_mm_img_mean,multimodal,NextBiopsyTier3,multiclass,windows_armdiff_plus_arms_plus_cx,none,-1,,,,5,5,0,,5,True,785,,,,,0.7045411548475323,0.054840661023322836,,,,,,,,,,,,,,,,,,,0.5032097857082988,0.06057325275220549,0.7453619390545994,0.05260911635122758,,,,,,,,
routing/routing_moe_20260304_200011,exclude_hgd_imc,ensemble_mm_img_stack_logit,multimodal,NextBiopsyTier3,multiclass,windows_armdiff_plus_arms_plus_cx,none,-1,,,,5,5,0,,5,True,785,,,,,0.7169360912950145,0.08976837775238539,,,,,,,,,,,,,,,,,,,0.3582980921113442,0.07252286732951417,0.7198641907601965,0.045615948394287675,,,,,,,,
routing/routing_moe_20260304_200011,exclude_hgd_imc,expert_cnv_only,multimodal,NextBiopsyTier3,multiclass,windows_armdiff_plus_arms_plus_cx,none,-1,,,,5,5,0,,5,True,785,,,,,0.7144534792739407,0.07000127310696393,,,,,,,,,,,,,,,,,,,0.38790622647158757,0.03052379287516836,0.6409951761773376,0.04553441819307639,,,,,,,,
routing/routing_moe_20260304_200011,exclude_hgd_imc,expert_img_only,multimodal,NextBiopsyTier3,multiclass,windows_armdiff_plus_arms_plus_cx,none,-1,,,,5,5,0,,5,True,785,,,,,0.6693126112853911,0.06101051621480598,,,,,,,,,,,,,,,,,,,0.4724264725289082,0.08623531436979914,0.7333612071153255,0.0394600418491039,,,,,,,,
routing/routing_moe_20260304_200011,exclude_hgd_imc,expert_mm_only,multimodal,NextBiopsyTier3,multiclass,windows_armdiff_plus_arms_plus_cx,none,-1,,,,5,5,0,,5,True,785,,,,,0.6841021716229836,0.07097458486953408,,,,,,,,,,,,,,,,,,,0.4649011066400762,0.04053924981131652,0.721653251514869,0.06481322016374956,,,,,,,,
fusion/foundation_combo_20260304_200011,exclude_hgd_imc,image_combo_gigapath_uni2_mean,multimodal,NextBiopsyTier3,multiclass,windows_armdiff_plus_arms_plus_cx,none,-1,,,,5,5,0,,5,True,785,,,,,0.6990982143430411,0.048852179767921444,,,,,,,,,,,,,,,,,,,0.49344277226439387,0.05208705759910275,0.7454636651465502,0.057899435389031924,,,,,,,,
fusion/foundation_combo_20260304_200011,exclude_hgd_imc,image_combo_gigapath_uni2_virchow2_mean,multimodal,NextBiopsyTier3,multiclass,windows_armdiff_plus_arms_plus_cx,none,-1,,,,5,5,0,,5,True,785,,,,,0.6960094359153542,0.07554012832173025,,,,,,,,,,,,,,,,,,,0.4920299851072302,0.0693082416917173,0.7406119778526465,0.054305292740891416,,,,,,,,
fusion/foundation_combo_20260304_200011,exclude_hgd_imc,image_combo_gigapath_virchow2_mean,multimodal,NextBiopsyTier3,multiclass,windows_armdiff_plus_arms_plus_cx,none,-1,,,,5,5,0,,5,True,785,,,,,0.6869543570197517,0.06507662497543719,,,,,,,,,,,,,,,,,,,0.4764805129972597,0.05662564554356968,0.7315402734892352,0.05823179187570722,,,,,,,,
fusion/foundation_combo_20260304_200011,exclude_hgd_imc,image_combo_uni2_virchow2_mean,multimodal,NextBiopsyTier3,multiclass,windows_armdiff_plus_arms_plus_cx,none,-1,,,,5,5,0,,5,True,785,,,,,0.6755642884474815,0.09113115727216473,,,,,,,,,,,,,,,,,,,0.4839811988427174,0.050920061399528836,0.7329018336549581,0.04665897585198672,,,,,,,,
gigapath/runs/multimodal/exclude_hgd_imc/NextBiopsyTier3_stage2_exclusions,exclude_hgd_imc,intermediate_abmil_cnv,multimodal,NextBiopsyTier3,multiclass,windows_armdiff_plus_arms_plus_cx,none,-1,,,,5,5,0,,5,True,785,,,,,0.7041228454710755,0.08504989059750657,,,,,,,,,,,,,,,,,,,0.4665228723822327,0.044102842502460854,0.717146845060958,0.06360399976219394,,,,,,,,
uni2/runs/multimodal/exclude_hgd_imc/NextBiopsyTier3_stage2_exclusions,exclude_hgd_imc,intermediate_abmil_cnv,multimodal,NextBiopsyTier3,multiclass,windows_armdiff_plus_arms_plus_cx,none,-1,,,,5,5,0,,5,True,785,,,,,0.7004481802789185,0.03540485306717231,,,,,,,,,,,,,,,,,,,0.47856555497714426,0.039276672689942574,0.7188939420165024,0.03237679400296994,,,,,,,,
virchow2/runs/multimodal/exclude_hgd_imc/NextBiopsyTier3_stage2_exclusions,exclude_hgd_imc,intermediate_abmil_cnv,multimodal,NextBiopsyTier3,multiclass,windows_armdiff_plus_arms_plus_cx,none,-1,,,,5,5,0,,5,True,785,,,,,0.6622039069171892,0.07170569848274404,,,,,,,,,,,,,,,,,,,0.4387913618267989,0.05329831943511318,0.6819752049043043,0.06127024345956464,,,,,,,,
virchow2/runs/late_fusion/exclude_hgd_imc_20260304_200011,exclude_hgd_imc,latefusion_pool_mean_mean,multimodal,NextBiopsyTier3,multiclass,windows_armdiff_plus_arms_plus_cx,none,-1,,,,5,5,0,,5,True,785,,,,,0.7180811057608592,0.07362656201761136,,,,,,,,,,,,,,,,,,,0.38555980947202045,0.02479715724644178,0.7111242953467605,0.03417820645783342,,,,,,,,
virchow2/runs/late_fusion/exclude_hgd_imc_20260304_200011,exclude_hgd_imc,latefusion_pool_mean_stack_logit,multimodal,NextBiopsyTier3,multiclass,windows_armdiff_plus_arms_plus_cx,none,-1,,,,5,5,0,,5,True,785,,,,,0.7090321892930709,0.07823046186322082,,,,,,,,,,,,,,,,,,,0.32503085029792217,0.057391846947903155,0.6950516454732475,0.03181472004709038,,,,,,,,
routing/routing_moe_20260304_200011,exclude_hgd_imc,routing_k2_hard,multimodal,NextBiopsyTier3,multiclass,windows_armdiff_plus_arms_plus_cx,none,-1,,,,5,5,0,,5,True,785,,,,,0.6824637546440542,0.07240354625708112,,,,,,,,,,,,,,,,,,,0.453803207931286,0.05447925018528442,0.6962728688499918,0.07503871448456562,,,,,,,,
routing/routing_moe_20260304_200011,exclude_hgd_imc,routing_k2_soft,multimodal,NextBiopsyTier3,multiclass,windows_armdiff_plus_arms_plus_cx,none,-1,,,,5,5,0,,5,True,785,,,,,0.7236083101979836,0.07542146714758798,,,,,,,,,,,,,,,,,,,0.4364954570435103,0.06685498787487262,0.7495503640986547,0.053319032185784994,,,,,,,,
routing/routing_moe_20260304_200011,exclude_hgd_imc,routing_k3_hard,multimodal,NextBiopsyTier3,multiclass,windows_armdiff_plus_arms_plus_cx,none,-1,,,,5,5,0,,5,True,785,,,,,0.6466833971462128,0.0653557417115434,,,,,,,,,,,,,,,,,,,0.43264846222354497,0.036780939632017125,0.6817686950322375,0.054405665997554246,,,,,,,,
routing/routing_moe_20260304_200011,exclude_hgd_imc,routing_k3_soft,multimodal,NextBiopsyTier3,multiclass,windows_armdiff_plus_arms_plus_cx,none,-1,,,,5,5,0,,5,True,785,,,,,0.7212763294345892,0.06536082611103826,,,,,,,,,,,,,,,,,,,0.4581248096666439,0.05084591368693572,0.7478889290068154,0.05363164049833835,,,,,,,,
routing/routing_moe_20260304_200011,exclude_hgd_imc,routing_k4_hard,multimodal,NextBiopsyTier3,multiclass,windows_armdiff_plus_arms_plus_cx,none,-1,,,,5,5,0,,5,True,785,,,,,0.663612639643459,0.06255069350636128,,,,,,,,,,,,,,,,,,,0.4632378775110845,0.05701905604749413,0.7321152497840966,0.04678626736466951,,,,,,,,
routing/routing_moe_20260304_200011,exclude_hgd_imc,routing_k4_soft,multimodal,NextBiopsyTier3,multiclass,windows_armdiff_plus_arms_plus_cx,none,-1,,,,5,5,0,,5,True,785,,,,,0.7194024907546679,0.07032007027765762,,,,,,,,,,,,,,,,,,,0.44891925209792627,0.06022465151038066,0.7488669369739254,0.05526362803718345,,,,,,,,
routing/routing_moe_20260304_200011,exclude_hgd_imc,routing_k5_hard,multimodal,NextBiopsyTier3,multiclass,windows_armdiff_plus_arms_plus_cx,none,-1,,,,5,5,0,,5,True,785,,,,,0.6665327383425733,0.05735639914850273,,,,,,,,,,,,,,,,,,,0.4666228650349945,0.058870123749449284,0.7309890726697921,0.05234786619660714,,,,,,,,
routing/routing_moe_20260304_200011,exclude_hgd_imc,routing_k5_soft,multimodal,NextBiopsyTier3,multiclass,windows_armdiff_plus_arms_plus_cx,none,-1,,,,5,5,0,,5,True,785,,,,,0.725859389494285,0.06991326760387853,,,,,,,,,,,,,,,,,,,0.4641558775292348,0.06076264526490983,0.7491015413812823,0.05663690166738664,,,,,,,,
routing/routing_moe_20260304_200011,exclude_hgd_imc,routing_k6_hard,multimodal,NextBiopsyTier3,multiclass,windows_armdiff_plus_arms_plus_cx,none,-1,,,,5,5,0,,5,True,785,,,,,0.6646712705068997,0.052917564463603045,,,,,,,,,,,,,,,,,,,0.4521871384338258,0.06060035055801882,0.6986889107344576,0.04117614048604948,,,,,,,,
routing/routing_moe_20260304_200011,exclude_hgd_imc,routing_k6_soft,multimodal,NextBiopsyTier3,multiclass,windows_armdiff_plus_arms_plus_cx,none,-1,,,,5,5,0,,5,True,785,,,,,0.7202381131189647,0.07077279799759291,,,,,,,,,,,,,,,,,,,0.45078981355880304,0.06905020930796545,0.747490504196796,0.05390062762173163,,,,,,,,
cnv_anchor/runs/cnv/exclude_lgd_hgd_imc/NextBiopsyTier3_stage2_exclusions,exclude_lgd_hgd_imc,cnv_elasticnet_logreg,cnv,NextBiopsyTier3,multiclass,windows_armdiff_plus_arms_plus_cx,none,-1,,,,5,5,0,,5,True,638,,,,,0.49294332863514245,0.04934479691596729,,,,,,,,,,,,,,,,,,,0.335780624097311,0.06580142072197008,0.5324417571370854,0.072654953435566,,,,,,,,
cnv_anchor/runs/cnv/exclude_lgd_hgd_imc/NextBiopsyTier3_stage2_exclusions,exclude_lgd_hgd_imc,cnv_linear_svm_calibrated,cnv,NextBiopsyTier3,multiclass,windows_armdiff_plus_arms_plus_cx,none,-1,,,,5,5,0,,5,True,638,,,,,0.7987471415248735,0.03177865786752277,,,,,,,,,,,,,,,,,,,0.2959465152623706,0.006496564751335069,0.5189747276462032,0.07609156594336092,,,,,,,,
cnv_anchor/runs/cnv/exclude_lgd_hgd_imc/NextBiopsyTier3_stage2_exclusions,exclude_lgd_hgd_imc,cnv_mlp,cnv,NextBiopsyTier3,multiclass,windows_armdiff_plus_arms_plus_cx,none,-1,,,,5,5,0,,5,True,638,,,,,0.7826420954917699,0.042022157932124236,,,,,,,,,,,,,,,,,,,0.2929970870780252,0.008539088785674573,0.38949218228668164,0.05369990366293801,,,,,,,,
cnv_anchor/runs/cnv/exclude_lgd_hgd_imc/NextBiopsyTier3_stage2_exclusions,exclude_lgd_hgd_imc,cnv_random_forest,cnv,NextBiopsyTier3,multiclass,windows_armdiff_plus_arms_plus_cx,none,-1,,,,5,5,0,,5,True,638,,,,,0.7987471415248735,0.03177865786752277,,,,,,,,,,,,,,,,,,,0.3025471561676065,0.014850849045533692,0.600641542344172,0.08190481082114702,,,,,,,,
cnv_anchor/runs/cnv/exclude_lgd_hgd_imc/NextBiopsyTier3_stage2_exclusions,exclude_lgd_hgd_imc,cnv_temporal_delta_logreg,cnv,NextBiopsyTier3,multiclass,windows_armdiff_plus_arms_plus_cx,none,-1,,,,5,5,0,,5,True,638,,,,,0.48438012078924314,0.05996121447061408,,,,,,,,,,,,,,,,,,,0.33488228642715423,0.05222727754199837,0.5241835768571772,0.08281148972089425,,,,,,,,
cnv_anchor/runs/cnv/exclude_lgd_hgd_imc/NextBiopsyTier3_stage2_exclusions,exclude_lgd_hgd_imc,cnv_xgboost,cnv,NextBiopsyTier3,multiclass,windows_armdiff_plus_arms_plus_cx,none,-1,,,,5,5,0,,5,True,638,,,,,0.7899124404663045,0.031074060377737356,,,,,,,,,,,,,,,,,,,0.3411868110978639,0.06504061527734589,0.5632630851628428,0.03915323253837172,,,,,,,,
cnv_anchor/runs/late_fusion/exclude_lgd_hgd_imc_20260304_200011,exclude_lgd_hgd_imc,latefusion_cnv_only,cnv,NextBiopsyTier3,multiclass,windows_armdiff_plus_arms_plus_cx,none,-1,,,,5,5,0,,5,True,638,,,,,0.7987471415248735,0.03177865786752277,,,,,,,,,,,,,,,,,,,0.3025471561676066,0.014850849045533685,0.600641542344172,0.08190481082114702,,,,,,,,
gigapath/runs/image/exclude_lgd_hgd_imc/NextBiopsyTier3_stage2_exclusions,exclude_lgd_hgd_imc,abmil,image,NextBiopsyTier3,multiclass,NA,none,-1,,,,5,5,0,,5,True,638,,,,,0.7495048766797681,0.07712444023929277,,,,,,,,,,,,,,,,,,,0.4744559447391631,0.07535948181462199,0.7075212235759808,0.08402762260267299,,,,,,,,
uni2/runs/image/exclude_lgd_hgd_imc/NextBiopsyTier3_stage2_exclusions,exclude_lgd_hgd_imc,abmil,image,NextBiopsyTier3,multiclass,NA,none,-1,,,,5,5,0,,5,True,638,,,,,0.6868001598159623,0.07095702140088754,,,,,,,,,,,,,,,,,,,0.44884620796096275,0.08072668197464218,0.711526426271267,0.084500268412237,,,,,,,,
gigapath/runs/image/exclude_lgd_hgd_imc/NextBiopsyTier3_stage2_exclusions,exclude_lgd_hgd_imc,abmil_nogate,image,NextBiopsyTier3,multiclass,NA,none,-1,,,,5,5,0,,5,True,638,,,,,0.7484506415796218,0.12129292645000955,,,,,,,,,,,,,,,,,,,0.47550214487920767,0.08518985131144353,0.7012224000259872,0.08616653688108811,,,,,,,,
uni2/runs/image/exclude_lgd_hgd_imc/NextBiopsyTier3_stage2_exclusions,exclude_lgd_hgd_imc,abmil_nogate,image,NextBiopsyTier3,multiclass,NA,none,-1,,,,5,5,0,,5,True,638,,,,,0.7269487220870332,0.06641564249622614,,,,,,,,,,,,,,,,,,,0.4587824014695081,0.08450528990986626,0.7050176397363505,0.10133690539897966,,,,,,,,
virchow2/runs/image/exclude_lgd_hgd_imc/NextBiopsyTier3_stage2_exclusions,exclude_lgd_hgd_imc,abmil_nogate,image,NextBiopsyTier3,multiclass,NA,none,-1,,,,5,5,0,,5,True,638,,,,,0.7393042776201328,0.036867513461000895,,,,,,,,,,,,,,,,,,,0.4638348260428308,0.05041557590798515,0.6570367231004912,0.10565638372070656,,,,,,,,
virchow2/runs/late_fusion/exclude_lgd_hgd_imc_20260304_200011,exclude_lgd_hgd_imc,latefusion_pool_mean_img_only,image,NextBiopsyTier3,multiclass,windows_armdiff_plus_arms_plus_cx,none,-1,,,,5,5,0,,5,True,638,,,,,0.7355633412825077,0.04833418364860238,,,,,,,,,,,,,,,,,,,0.47934042369599883,0.13058083134434895,0.6905293694097602,0.11460073237432393,,,,,,,,
gigapath/runs/image/exclude_lgd_hgd_imc/NextBiopsyTier3_stage2_exclusions,exclude_lgd_hgd_imc,pool_mean,image,NextBiopsyTier3,multiclass,NA,none,-1,,,,5,5,0,,5,True,638,,,,,0.7369953704041212,0.10916425037900923,,,,,,,,,,,,,,,,,,,0.456621191717662,0.1291068155979418,0.7217974042590586,0.11430236338779759,,,,,,,,
uni2/runs/image/exclude_lgd_hgd_imc/NextBiopsyTier3_stage2_exclusions,exclude_lgd_hgd_imc,pool_mean,image,NextBiopsyTier3,multiclass,NA,none,-1,,,,5,5,0,,5,True,638,,,,,0.7053277928268897,0.06459886560438892,,,,,,,,,,,,,,,,,,,0.4572337899190021,0.09329952029258183,0.7185455187824267,0.08339650222529288,,,,,,,,
virchow2/runs/image/exclude_lgd_hgd_imc/NextBiopsyTier3_stage2_exclusions,exclude_lgd_hgd_imc,pool_mean,image,NextBiopsyTier3,multiclass,NA,none,-1,,,,5,5,0,,5,True,638,,,,,0.7355633412825077,0.04833418364860238,,,,,,,,,,,,,,,,,,,0.47934042369599883,0.13058083134434895,0.6905293694097602,0.11460073237432392,,,,,,,,
gigapath/runs/image/exclude_lgd_hgd_imc/NextBiopsyTier3_stage2_exclusions,exclude_lgd_hgd_imc,set_transformer_lite,image,NextBiopsyTier3,multiclass,NA,none,-1,,,,5,5,0,,5,True,638,,,,,0.7495508638288073,0.059738006010711456,,,,,,,,,,,,,,,,,,,0.4838450435088144,0.06800270518273474,0.7417458878504374,0.09785828360082173,,,,,,,,
uni2/runs/image/exclude_lgd_hgd_imc/NextBiopsyTier3_stage2_exclusions,exclude_lgd_hgd_imc,set_transformer_lite,image,NextBiopsyTier3,multiclass,NA,none,-1,,,,5,5,0,,5,True,638,,,,,0.7302015995935982,0.06587012859581055,,,,,,,,,,,,,,,,,,,0.47580920582921404,0.08501247220025532,0.7650622901729348,0.07094099278424783,,,,,,,,
virchow2/runs/image/exclude_lgd_hgd_imc/NextBiopsyTier3_stage2_exclusions,exclude_lgd_hgd_imc,set_transformer_lite,image,NextBiopsyTier3,multiclass,NA,none,-1,,,,5,5,0,,5,True,638,,,,,0.7892049126999531,0.023506567888500893,,,,,,,,,,,,,,,,,,,0.4444803516939221,0.09663797104657078,0.6834119668722776,0.1203702036556322,,,,,,,,
fusion/foundation_combo_20260304_200011,exclude_lgd_hgd_imc,cnv_plus_image_combo_gigapath_mean,multimodal,NextBiopsyTier3,multiclass,windows_armdiff_plus_arms_plus_cx,none,-1,,,,5,5,0,,5,True,638,,,,,0.8191613935026092,0.03888872552550278,,,,,,,,,,,,,,,,,,,0.45187901982157197,0.10760516753872296,0.7432078286485984,0.11357429770461708,,,,,,,,
fusion/foundation_combo_20260304_200011,exclude_lgd_hgd_imc,cnv_plus_image_combo_gigapath_uni2_mean,multimodal,NextBiopsyTier3,multiclass,windows_armdiff_plus_arms_plus_cx,none,-1,,,,5,5,0,,5,True,638,,,,,0.8179896034211549,0.036067642951283244,,,,,,,,,,,,,,,,,,,0.4725349850141317,0.12084811041601963,0.7673266359755387,0.08618677468735332,,,,,,,,
fusion/foundation_combo_20260304_200011,exclude_lgd_hgd_imc,cnv_plus_image_combo_gigapath_uni2_virchow2_mean,multimodal,NextBiopsyTier3,multiclass,windows_armdiff_plus_arms_plus_cx,none,-1,,,,5,5,0,,5,True,638,,,,,0.814924738240129,0.03445814398351045,,,,,,,,,,,,,,,,,,,0.453350874900584,0.10447822559088042,0.755197485293899,0.10192925412412089,,,,,,,,
fusion/foundation_combo_20260304_200011,exclude_lgd_hgd_imc,cnv_plus_image_combo_gigapath_virchow2_mean,multimodal,NextBiopsyTier3,multiclass,windows_armdiff_plus_arms_plus_cx,none,-1,,,,5,5,0,,5,True,638,,,,,0.8150725427423609,0.045929095959286806,,,,,,,,,,,,,,,,,,,0.4428155505096713,0.10069043818382549,0.7373991159795422,0.12215569394853354,,,,,,,,
fusion/foundation_combo_20260304_200011,exclude_lgd_hgd_imc,cnv_plus_image_combo_uni2_mean,multimodal,NextBiopsyTier3,multiclass,windows_armdiff_plus_arms_plus_cx,none,-1,,,,5,5,0,,5,True,638,,,,,0.8013735898540248,0.04650346101599488,,,,,,,,,,,,,,,,,,,0.45550821359484805,0.1346743096023851,0.7699563192277272,0.07300150386904093,,,,,,,,
fusion/foundation_combo_20260304_200011,exclude_lgd_hgd_imc,cnv_plus_image_combo_uni2_virchow2_mean,multimodal,NextBiopsyTier3,multiclass,windows_armdiff_plus_arms_plus_cx,none,-1,,,,5,5,0,,5,True,638,,,,,0.8059731254436207,0.030189431654441448,,,,,,,,,,,,,,,,,,,0.41838151342159025,0.09999846056120552,0.7530987958420988,0.09346811081597439,,,,,,,,
fusion/foundation_combo_20260304_200011,exclude_lgd_hgd_imc,cnv_plus_image_combo_virchow2_mean,multimodal,NextBiopsyTier3,multiclass,windows_armdiff_plus_arms_plus_cx,none,-1,,,,5,5,0,,5,True,638,,,,,0.7998795290703056,0.03423895988088076,,,,,,,,,,,,,,,,,,,0.3857224438661896,0.07384682294901104,0.7085883169245142,0.12502661177320823,,,,,,,,
gigapath/runs/multimodal/exclude_lgd_hgd_imc/NextBiopsyTier3_stage2_exclusions,exclude_lgd_hgd_imc,coattn_abmil_cnv,multimodal,NextBiopsyTier3,multiclass,windows_armdiff_plus_arms_plus_cx,none,-1,,,,5,5,0,,5,True,638,,,,,0.7274791389811569,0.07343322920602213,,,,,,,,,,,,,,,,,,,0.45555427540135607,0.028936224931741517,0.7133824205832415,0.08218418817911728,,,,,,,,
uni2/runs/multimodal/exclude_lgd_hgd_imc/NextBiopsyTier3_stage2_exclusions,exclude_lgd_hgd_imc,coattn_abmil_cnv,multimodal,NextBiopsyTier3,multiclass,windows_armdiff_plus_arms_plus_cx,none,-1,,,,5,5,0,,5,True,638,,,,,0.7330734542303651,0.07584253495159762,,,,,,,,,,,,,,,,,,,0.4905995723294933,0.0677964990482021,0.7185231561480132,0.07484928631324773,,,,,,,,
gigapath/runs/multimodal/exclude_lgd_hgd_imc/NextBiopsyTier3_stage2_exclusions,exclude_lgd_hgd_imc,early_max_mlp,multimodal,NextBiopsyTier3,multiclass,windows_armdiff_plus_arms_plus_cx,none,-1,,,,5,5,0,,5,True,638,,,,,0.7903046762457598,0.05572468273937471,,,,,,,,,,,,,,,,,,,0.3496255031981593,0.0804847247938346,0.6572206362740959,0.10447029635964337,,,,,,,,
uni2/runs/multimodal/exclude_lgd_hgd_imc/NextBiopsyTier3_stage2_exclusions,exclude_lgd_hgd_imc,early_max_mlp,multimodal,NextBiopsyTier3,multiclass,windows_armdiff_plus_arms_plus_cx,none,-1,,,,5,5,0,,5,True,638,,,,,0.7141744311205931,0.12303991220573762,,,,,,,,,,,,,,,,,,,0.36178688969715306,0.0428777278342663,0.6403580959642352,0.08478171109759447,,,,,,,,
virchow2/runs/multimodal/exclude_lgd_hgd_imc/NextBiopsyTier3_stage2_exclusions,exclude_lgd_hgd_imc,early_max_mlp,multimodal,NextBiopsyTier3,multiclass,windows_armdiff_plus_arms_plus_cx,none,-1,,,,5,5,0,,5,True,638,,,,,0.6623573442717668,0.30057100622173577,,,,,,,,,,,,,,,,,,,0.25895757224278915,0.10252446579179017,0.6610744392369602,0.12540204592011875,,,,,,,,
gigapath/runs/multimodal/exclude_lgd_hgd_imc/NextBiopsyTier3_stage2_exclusions,exclude_lgd_hgd_imc,early_mean_mlp,multimodal,NextBiopsyTier3,multiclass,windows_armdiff_plus_arms_plus_cx,none,-1,,,,5,5,0,,5,True,638,,,,,0.7397041463056141,0.051055713419457784,,,,,,,,,,,,,,,,,,,0.43660746633006575,0.08963438542576076,0.7507446359964092,0.0516026608381163,,,,,,,,
uni2/runs/multimodal/exclude_lgd_hgd_imc/NextBiopsyTier3_stage2_exclusions,exclude_lgd_hgd_imc,early_mean_mlp,multimodal,NextBiopsyTier3,multiclass,windows_armdiff_plus_arms_plus_cx,none,-1,,,,5,5,0,,5,True,638,,,,,0.7510821769087925,0.06527475245731104,,,,,,,,,,,,,,,,,,,0.5033356129725682,0.05251398231569459,0.7406406471193347,0.047399981874860414,,,,,,,,
routing/routing_moe_20260304_200011,exclude_lgd_hgd_imc,ensemble_all3_mean,multimodal,NextBiopsyTier3,multiclass,windows_armdiff_plus_arms_plus_cx,none,-1,,,,5,5,0,,5,True,638,,,,,0.7940606150590359,0.03440646397014343,,,,,,,,,,,,,,,,,,,0.45450636092250657,0.12641873262112704,0.7760119381988038,0.06711961453810641,,,,,,,,
routing/routing_moe_20260304_200011,exclude_lgd_hgd_imc,ensemble_all3_stack_logit,multimodal,NextBiopsyTier3,multiclass,windows_armdiff_plus_arms_plus_cx,none,-1,,,,5,5,0,,5,True,638,,,,,0.8077108122172788,0.03880661716503322,,,,,,,,,,,,,,,,,,,0.39435316399735915,0.09693235649819364,0.7649991630332615,0.07050437462721863,,,,,,,,
routing/routing_moe_20260304_200011,exclude_lgd_hgd_imc,ensemble_available_mean,multimodal,NextBiopsyTier3,multiclass,windows_armdiff_plus_arms_plus_cx,none,-1,,,,5,5,0,,5,True,638,,,,,0.7940606150590359,0.03440646397014343,,,,,,,,,,,,,,,,,,,0.45450636092250657,0.12641873262112704,0.7760119381988038,0.06711961453810641,,,,,,,,
routing/routing_moe_20260304_200011,exclude_lgd_hgd_imc,ensemble_available_stack_logit,multimodal,NextBiopsyTier3,multiclass,windows_armdiff_plus_arms_plus_cx,none,-1,,,,5,5,0,,5,True,638,,,,,0.8077108122172788,0.03880661716503322,,,,,,,,,,,,,,,,,,,0.39435316399735915,0.09693235649819364,0.7649991630332615,0.07050437462721863,,,,,,,,
routing/routing_moe_20260304_200011,exclude_lgd_hgd_imc,ensemble_img_cnv_mean,multimodal,NextBiopsyTier3,multiclass,windows_armdiff_plus_arms_plus_cx,none,-1,,,,5,5,0,,5,True,638,,,,,0.8013735898540248,0.04650346101599488,,,,,,,,,,,,,,,,,,,0.45550821359484805,0.1346743096023851,0.7699563192277272,0.07300150386904093,,,,,,,,
routing/routing_moe_20260304_200011,exclude_lgd_hgd_imc,ensemble_img_cnv_stack_logit,multimodal,NextBiopsyTier3,multiclass,windows_armdiff_plus_arms_plus_cx,none,-1,,,,5,5,0,,5,True,638,,,,,0.8106202493734361,0.037933374591327486,,,,,,,,,,,,,,,,,,,0.40097429289980857,0.10359619832613974,0.76896903916922,0.06679919686812205,,,,,,,,
routing/routing_moe_20260304_200011,exclude_lgd_hgd_imc,ensemble_mm_cnv_mean,multimodal,NextBiopsyTier3,multiclass,windows_armdiff_plus_arms_plus_cx,none,-1,,,,5,5,0,,5,True,638,,,,,0.785500675760422,0.029229050284967403,,,,,,,,,,,,,,,,,,,0.39624370510709656,0.08245822033228176,0.7356942624533185,0.08513832051757415,,,,,,,,
routing/routing_moe_20260304_200011,exclude_lgd_hgd_imc,ensemble_mm_cnv_stack_logit,multimodal,NextBiopsyTier3,multiclass,windows_armdiff_plus_arms_plus_cx,none,-1,,,,5,5,0,,5,True,638,,,,,0.8094249867435565,0.030432211610617998,,,,,,,,,,,,,,,,,,,0.3703338129242391,0.055155115143525314,0.723746062663073,0.06661663258908163,,,,,,,,
routing/routing_moe_20260304_200011,exclude_lgd_hgd_imc,ensemble_mm_img_mean,multimodal,NextBiopsyTier3,multiclass,windows_armdiff_plus_arms_plus_cx,none,-1,,,,5,5,0,,5,True,638,,,,,0.7518170080524157,0.051355322066834304,,,,,,,,,,,,,,,,,,,0.48766995661116014,0.10990445969758822,0.7732677065034259,0.06556648708749081,,,,,,,,
routing/routing_moe_20260304_200011,exclude_lgd_hgd_imc,ensemble_mm_img_stack_logit,multimodal,NextBiopsyTier3,multiclass,windows_armdiff_plus_arms_plus_cx,none,-1,,,,5,5,0,,5,True,638,,,,,0.8091496611381419,0.03851483502160689,,,,,,,,,,,,,,,,,,,0.3978688687744145,0.09906824268634681,0.7708784934639015,0.06575533872380918,,,,,,,,
routing/routing_moe_20260304_200011,exclude_lgd_hgd_imc,expert_cnv_only,multimodal,NextBiopsyTier3,multiclass,windows_armdiff_plus_arms_plus_cx,none,-1,,,,5,5,0,,5,True,638,,,,,0.7987471415248735,0.03177865786752277,,,,,,,,,,,,,,,,,,,0.3025471561676066,0.014850849045533685,0.600641542344172,0.08190481082114702,,,,,,,,
routing/routing_moe_20260304_200011,exclude_lgd_hgd_imc,expert_img_only,multimodal,NextBiopsyTier3,multiclass,windows_armdiff_plus_arms_plus_cx,none,-1,,,,5,5,0,,5,True,638,,,,,0.7302015995935982,0.06587012859581055,,,,,,,,,,,,,,,,,,,0.47580920582921415,0.08501247220025532,0.7650622901729348,0.07094099278424783,,,,,,,,
routing/routing_moe_20260304_200011,exclude_lgd_hgd_imc,expert_mm_only,multimodal,NextBiopsyTier3,multiclass,windows_armdiff_plus_arms_plus_cx,none,-1,,,,5,5,0,,5,True,638,,,,,0.7397041463056141,0.051055713419457784,,,,,,,,,,,,,,,,,,,0.43660746633006575,0.08963438542576076,0.7507446359964092,0.0516026608381163,,,,,,,,
fusion/foundation_combo_20260304_200011,exclude_lgd_hgd_imc,image_combo_gigapath_uni2_mean,multimodal,NextBiopsyTier3,multiclass,windows_armdiff_plus_arms_plus_cx,none,-1,,,,5,5,0,,5,True,638,,,,,0.7382671158374843,0.05279915249557296,,,,,,,,,,,,,,,,,,,0.4734721619213381,0.09409305389029689,0.7683609940208872,0.07497918091084353,,,,,,,,
fusion/foundation_combo_20260304_200011,exclude_lgd_hgd_imc,image_combo_gigapath_uni2_virchow2_mean,multimodal,NextBiopsyTier3,multiclass,windows_armdiff_plus_arms_plus_cx,none,-1,,,,5,5,0,,5,True,638,,,,,0.7450579514516428,0.043324243172285115,,,,,,,,,,,,,,,,,,,0.46740407276331253,0.10802649468337747,0.7545148241072455,0.09189196076123415,,,,,,,,
fusion/foundation_combo_20260304_200011,exclude_lgd_hgd_imc,image_combo_gigapath_virchow2_mean,multimodal,NextBiopsyTier3,multiclass,windows_armdiff_plus_arms_plus_cx,none,-1,,,,5,5,0,,5,True,638,,,,,0.7493580853429846,0.03989814535541687,,,,,,,,,,,,,,,,,,,0.48445030953251306,0.0953560374049346,0.7286654651654982,0.11228328653333983,,,,,,,,
fusion/foundation_combo_20260304_200011,exclude_lgd_hgd_imc,image_combo_uni2_virchow2_mean,multimodal,NextBiopsyTier3,multiclass,windows_armdiff_plus_arms_plus_cx,none,-1,,,,5,5,0,,5,True,638,,,,,0.74921846664495,0.0507498558869063,,,,,,,,,,,,,,,,,,,0.4960941105772109,0.12433452953869346,0.7516412343703716,0.08654607205697532,,,,,,,,
gigapath/runs/multimodal/exclude_lgd_hgd_imc/NextBiopsyTier3_stage2_exclusions,exclude_lgd_hgd_imc,intermediate_abmil_cnv,multimodal,NextBiopsyTier3,multiclass,windows_armdiff_plus_arms_plus_cx,none,-1,,,,5,5,0,,5,True,638,,,,,0.7891214318128223,0.04852371241511766,,,,,,,,,,,,,,,,,,,0.4726558608016743,0.08249478025442272,0.7107164330095683,0.08476755362971776,,,,,,,,
uni2/runs/multimodal/exclude_lgd_hgd_imc/NextBiopsyTier3_stage2_exclusions,exclude_lgd_hgd_imc,intermediate_abmil_cnv,multimodal,NextBiopsyTier3,multiclass,windows_armdiff_plus_arms_plus_cx,none,-1,,,,5,5,0,,5,True,638,,,,,0.7358720642953687,0.11397691487556379,,,,,,,,,,,,,,,,,,,0.46810036238215214,0.07993713022287509,0.7115985822020428,0.06669634212017318,,,,,,,,
virchow2/runs/multimodal/exclude_lgd_hgd_imc/NextBiopsyTier3_stage2_exclusions,exclude_lgd_hgd_imc,intermediate_abmil_cnv,multimodal,NextBiopsyTier3,multiclass,windows_armdiff_plus_arms_plus_cx,none,-1,,,,5,5,0,,5,True,638,,,,,0.736885199067522,0.06414892180963393,,,,,,,,,,,,,,,,,,,0.4817033918188199,0.11148499556878855,0.649347032993584,0.14270384797766691,,,,,,,,
virchow2/runs/late_fusion/exclude_lgd_hgd_imc_20260304_200011,exclude_lgd_hgd_imc,latefusion_pool_mean_mean,multimodal,NextBiopsyTier3,multiclass,windows_armdiff_plus_arms_plus_cx,none,-1,,,,5,5,0,,5,True,638,,,,,0.7998795290703056,0.03423895988088076,,,,,,,,,,,,,,,,,,,0.3857224438661896,0.07384682294901104,0.7085883169245142,0.12502661177320823,,,,,,,,
virchow2/runs/late_fusion/exclude_lgd_hgd_imc_20260304_200011,exclude_lgd_hgd_imc,latefusion_pool_mean_stack_logit,multimodal,NextBiopsyTier3,multiclass,windows_armdiff_plus_arms_plus_cx,none,-1,,,,5,5,0,,5,True,638,,,,,0.7986836628960118,0.03315048613713175,,,,,,,,,,,,,,,,,,,0.3150933454773303,0.0427344867345773,0.7131997304541697,0.06455413746111882,,,,,,,,
routing/routing_moe_20260304_200011,exclude_lgd_hgd_imc,routing_k2_hard,multimodal,NextBiopsyTier3,multiclass,windows_armdiff_plus_arms_plus_cx,none,-1,,,,5,5,0,,5,True,638,,,,,0.7249785825341393,0.06422045649794764,,,,,,,,,,,,,,,,,,,0.4310132606349041,0.08674106819064736,0.7440456115011391,0.04820485268658117,,,,,,,,
routing/routing_moe_20260304_200011,exclude_lgd_hgd_imc,routing_k2_soft,multimodal,NextBiopsyTier3,multiclass,windows_armdiff_plus_arms_plus_cx,none,-1,,,,5,5,0,,5,True,638,,,,,0.7929376204066294,0.03798207901719583,,,,,,,,,,,,,,,,,,,0.47828545879794904,0.12605562397046904,0.7771001809095649,0.06584808185859035,,,,,,,,
routing/routing_moe_20260304_200011,exclude_lgd_hgd_imc,routing_k3_hard,multimodal,NextBiopsyTier3,multiclass,windows_armdiff_plus_arms_plus_cx,none,-1,,,,5,5,0,,5,True,638,,,,,0.7218622966201489,0.06379506230101203,,,,,,,,,,,,,,,,,,,0.4391388276818037,0.09949473356659236,0.7653725828539074,0.060876691938063276,,,,,,,,
routing/routing_moe_20260304_200011,exclude_lgd_hgd_imc,routing_k3_soft,multimodal,NextBiopsyTier3,multiclass,windows_armdiff_plus_arms_plus_cx,none,-1,,,,5,5,0,,5,True,638,,,,,0.7913750827753285,0.028770115073840422,,,,,,,,,,,,,,,,,,,0.46987778713727624,0.11448098645753971,0.7756127571193655,0.06717179239708126,,,,,,,,
routing/routing_moe_20260304_200011,exclude_lgd_hgd_imc,routing_k4_hard,multimodal,NextBiopsyTier3,multiclass,windows_armdiff_plus_arms_plus_cx,none,-1,,,,5,5,0,,5,True,638,,,,,0.7127672739957145,0.07036120394923483,,,,,,,,,,,,,,,,,,,0.43515651719882503,0.0736694952547814,0.7489836396923082,0.03420529846332395,,,,,,,,
routing/routing_moe_20260304_200011,exclude_lgd_hgd_imc,routing_k4_soft,multimodal,NextBiopsyTier3,multiclass,windows_armdiff_plus_arms_plus_cx,none,-1,,,,5,5,0,,5,True,638,,,,,0.7913750827753285,0.028770115073840422,,,,,,,,,,,,,,,,,,,0.4706663176032261,0.11562243999431014,0.7749761541545994,0.0666694617749739,,,,,,,,
routing/routing_moe_20260304_200011,exclude_lgd_hgd_imc,routing_k5_hard,multimodal,NextBiopsyTier3,multiclass,windows_armdiff_plus_arms_plus_cx,none,-1,,,,5,5,0,,5,True,638,,,,,0.707923629532529,0.05044070155921042,,,,,,,,,,,,,,,,,,,0.4202967681290487,0.06625588590082325,0.7130185973145753,0.060637126837126604,,,,,,,,
routing/routing_moe_20260304_200011,exclude_lgd_hgd_imc,routing_k5_soft,multimodal,NextBiopsyTier3,multiclass,windows_armdiff_plus_arms_plus_cx,none,-1,,,,5,5,0,,5,True,638,,,,,0.7928139316961917,0.029829493738935602,,,,,,,,,,,,,,,,,,,0.4720352209207596,0.11725955745519771,0.7749008945213978,0.06542997321975805,,,,,,,,
routing/routing_moe_20260304_200011,exclude_lgd_hgd_imc,routing_k6_hard,multimodal,NextBiopsyTier3,multiclass,windows_armdiff_plus_arms_plus_cx,none,-1,,,,5,5,0,,5,True,638,,,,,0.7307181688907585,0.031667312589572436,,,,,,,,,,,,,,,,,,,0.40545708465880936,0.10850577260287206,0.6539859624781268,0.14374190101794812,,,,,,,,
routing/routing_moe_20260304_200011,exclude_lgd_hgd_imc,routing_k6_soft,multimodal,NextBiopsyTier3,multiclass,windows_armdiff_plus_arms_plus_cx,none,-1,,,,5,5,0,,5,True,638,,,,,0.7928818049993591,0.03409276691851738,,,,,,,,,,,,,,,,,,,0.46882965892104184,0.12489545739588735,0.7747583119986021,0.06659326536220146,,,,,,,,
virchow2/runs/multimodal/all_samples/Progress_in_1_stage1_all_samples,all_samples,early_mean_mlp_timev1,multimodal,Progress_in_1,binary,windows_armdiff_plus_arms_plus_cx,none,-1,,,,5,5,0,,5,True,940,0.8678078789610429,0.04716398903198372,0.684514865972901,0.06268606962795606,0.7690847173300488,0.13397828371196788,0.7636610843507394,0.1608600242671195,0.7795130228025059,0.174797607404888,0.7715870535766226,0.0909202191707019,0.158291822282477,0.06600833979815313,0.16015664548688102,0.10430802187419835,0.6436309746654574,0.12984891694446843,0.46835173559311494,0.09035459109304601,0.5988569881519845,0.11518023176316419,0.5434985979201128,0.09628495153851291,,,,,,,,,,,,
routing/routing_moe_20260304_200011,all_samples,expert_mm_only,multimodal,Progress_in_1,binary,windows_armdiff_plus_arms_plus_cx,none,-1,,,,5,5,0,,5,True,940,0.8678078789610429,0.04716398903198375,0.684514865972901,0.06268606962795606,0.7690847173300488,0.13397828371196788,0.7636610843507394,0.16086002426711948,0.7795130228025059,0.17479760740488803,0.7715870535766226,0.0909202191707019,,,,,,,,,,,,,,,,,,,,,,,,
virchow2/runs/multimodal/exclude_hgd_imc/Progress_in_1_stage2_exclusions,exclude_hgd_imc,early_mean_mlp_timev1,multimodal,Progress_in_1,binary,windows_armdiff_plus_arms_plus_cx,none,-1,,,,5,5,0,,5,True,820,0.81230924052394,0.09602196697012327,0.30040789345003027,0.18826131601815288,0.7734599584862742,0.08880056067109558,0.6331531531531531,0.2639575453513502,0.8015423578026161,0.09549491864012671,0.7173477554778847,0.12597730858172984,0.14462815945642413,0.034401323780484674,0.18886889276814953,0.07171989966993181,0.3046546546546547,0.311074730907108,0.24051051051051048,0.24242745899480214,0.6850756965174798,0.15758552456690114,0.6166228010982924,0.17744428242404603,,,,,,,,,,,,
routing/routing_moe_20260304_200011,exclude_hgd_imc,expert_mm_only,multimodal,Progress_in_1,binary,windows_armdiff_plus_arms_plus_cx,none,-1,,,,5,5,0,,5,True,820,0.81230924052394,0.09602196697012329,0.3004078934500302,0.18826131601815285,0.7734599584862742,0.08880056067109555,0.6331531531531531,0.2639575453513502,0.8015423578026161,0.09549491864012667,0.7173477554778847,0.12597730858172984,,,,,,,,,,,,,,,,,,,,,,,,
virchow2/runs/multimodal/exclude_lgd_hgd_imc/Progress_in_1_stage2_exclusions,exclude_lgd_hgd_imc,early_mean_mlp_timev1,multimodal,Progress_in_1,binary,windows_armdiff_plus_arms_plus_cx,none,-1,,,,5,5,0,,5,True,671,0.7825319863847555,0.08780313290043462,0.14694427146040176,0.08965922439493149,0.8117089023321155,0.18722147366335623,0.4375,0.42695628191498325,0.8121613909146073,0.21276148709853374,0.625247928145159,0.13492934818831545,0.15879002543772425,0.20128072412084877,0.1870286128074604,0.20591777406388193,0.35416666666666663,0.29166666666666663,0.125,0.25,0.6886428094490462,0.07028674854737711,0.6867344125024814,0.07235311445988996,,,,,,,,,,,,
routing/routing_moe_20260304_200011,exclude_lgd_hgd_imc,expert_mm_only,multimodal,Progress_in_1,binary,windows_armdiff_plus_arms_plus_cx,none,-1,,,,5,5,0,,5,True,671,0.7825319863847556,0.0878031329004346,0.14694427146040176,0.08965922439493149,0.8117089023321155,0.18722147366335617,0.4375,0.42695628191498325,0.8121613909146073,0.21276148709853374,0.625247928145159,0.13492934818831542,,,,,,,,,,,,,,,,,,,,,,,,
virchow2/runs/multimodal/all_samples/Progress_in_2_stage1_all_samples,all_samples,early_mean_mlp_timev1,multimodal,Progress_in_2,binary,windows_armdiff_plus_arms_plus_cx,none,-1,,,,5,5,0,,5,True,940,0.8437517789378044,0.095280072116836,0.7088348548114133,0.13253414585718765,0.7622272121081519,0.06144637807075519,0.6411308221176643,0.29774194643038715,0.8125862150985304,0.167912933613474,0.7268585186080972,0.07687198184246383,0.16492114154303059,0.02674902976705444,0.17630320992796886,0.08567741067299273,0.61301013057592,0.18586277015075306,0.4892331856147646,0.16628130055646198,0.610510130263825,0.1585833016376254,0.49830327308159816,0.122772726528366,,,,,,,,,,,,
routing/routing_moe_20260304_200011,all_samples,expert_mm_only,multimodal,Progress_in_2,binary,windows_armdiff_plus_arms_plus_cx,none,-1,,,,5,5,0,,5,True,940,0.8437517789378044,0.09528007211683602,0.7088348548114133,0.13253414585718765,0.7622272121081519,0.06144637807075519,0.6411308221176644,0.29774194643038726,0.8125862150985302,0.16791293361347395,0.7268585186080972,0.07687198184246383,,,,,,,,,,,,,,,,,,,,,,,,
virchow2/runs/multimodal/exclude_hgd_imc/Progress_in_2_stage2_exclusions,exclude_hgd_imc,early_mean_mlp_timev1,multimodal,Progress_in_2,binary,windows_armdiff_plus_arms_plus_cx,none,-1,,,,5,5,0,,5,True,820,0.7463451646151829,0.12160275666153196,0.36692743511252673,0.2121469101568443,0.651113739982161,0.08280652678706593,0.7393267651888341,0.23408644634959228,0.6450950973047802,0.1117279933257106,0.6922109312468071,0.08321454132976747,0.20311965907970814,0.03320164951650081,0.2776213935704706,0.04800649786927473,0.4205582922824302,0.289202797287219,0.32698686371100166,0.2663404321948876,0.5157581710185755,0.15810350899274608,0.3549997991246002,0.28077101874838173,,,,,,,,,,,,
routing/routing_moe_20260304_200011,exclude_hgd_imc,expert_mm_only,multimodal,Progress_in_2,binary,windows_armdiff_plus_arms_plus_cx,none,-1,,,,5,5,0,,5,True,820,0.7463451646151829,0.12160275666153189,0.36692743511252673,0.2121469101568443,0.651113739982161,0.08280652678706593,0.7393267651888341,0.2340864463495923,0.6450950973047803,0.11172799332571064,0.6922109312468072,0.08321454132976741,,,,,,,,,,,,,,,,,,,,,,,,
virchow2/runs/multimodal/exclude_lgd_hgd_imc/Progress_in_2_stage2_exclusions,exclude_lgd_hgd_imc,early_mean_mlp_timev1,multimodal,Progress_in_2,binary,windows_armdiff_plus_arms_plus_cx,none,-1,,,,5,5,0,,5,True,671,0.7509270369006049,0.08413137368339728,0.1822723354783307,0.10870969239588608,0.6853623712538279,0.21516651827385816,0.5219047619047619,0.43096685058581347,0.6827483774100023,0.24821320135446984,0.6023265696573821,0.0964929828084673,0.2219872208643038,0.17506217141555017,0.3065121992981938,0.19286943112721122,0.22857142857142856,0.2805081233337741,0.2,0.29814239699997197,0.460764286875866,0.22940765631616064,0.460764286875866,0.22940765631616064,,,,,,,,,,,,
routing/routing_moe_20260304_200011,exclude_lgd_hgd_imc,expert_mm_only,multimodal,Progress_in_2,binary,windows_armdiff_plus_arms_plus_cx,none,-1,,,,5,5,0,,5,True,671,0.7509270369006049,0.08413137368339722,0.18227233547833072,0.10870969239588608,0.6853623712538279,0.21516651827385816,0.5219047619047619,0.43096685058581347,0.6827483774100023,0.24821320135446978,0.6023265696573821,0.0964929828084673,,,,,,,,,,,,,,,,,,,,,,,,
virchow2/runs/multimodal/all_samples/Progress_in_3_stage1_all_samples,all_samples,early_mean_mlp_timev1,multimodal,Progress_in_3,binary,windows_armdiff_plus_arms_plus_cx,none,-1,,,,5,5,0,,5,True,940,0.8470074103784375,0.058350430170705535,0.7131068469066174,0.07783769071675829,0.7367906110861501,0.13652757448717986,0.6947015103338633,0.1674115376688025,0.7692268462602689,0.2041672931670291,0.7319641782970662,0.07460071305420861,0.1636501410481536,0.062320361188158195,0.15627271995929198,0.0902951414406923,0.6404854928457869,0.16353209921963668,0.48484399841017484,0.14455195518450445,0.6242457414368306,0.16539633088405908,0.48255010951652383,0.11474376796144255,,,,,,,,,,,,
routing/routing_moe_20260304_200011,all_samples,expert_mm_only,multimodal,Progress_in_3,binary,windows_armdiff_plus_arms_plus_cx,none,-1,,,,5,5,0,,5,True,940,0.8470074103784375,0.05835043017070551,0.7131068469066174,0.07783769071675829,0.7367906110861501,0.13652757448717986,0.6947015103338632,0.16741153766880248,0.7692268462602689,0.20416729316702914,0.7319641782970662,0.07460071305420858,,,,,,,,,,,,,,,,,,,,,,,,
virchow2/runs/multimodal/exclude_hgd_imc/Progress_in_3_stage2_exclusions,exclude_hgd_imc,early_mean_mlp_timev1,multimodal,Progress_in_3,binary,windows_armdiff_plus_arms_plus_cx,none,-1,,,,5,5,0,,5,True,820,0.7442867262956453,0.13388573695641257,0.43920141832804643,0.21278521594095517,0.7032513370934423,0.1394036409193607,0.5297778656068624,0.23447523251804045,0.7451451245573483,0.18206242881545134,0.6374614950821054,0.10282191569689182,0.18983347387864444,0.08213921236631268,0.2091885828459131,0.11639743553341064,0.4059937982907485,0.3240159360996967,0.26709795626599525,0.2408227667989934,0.38495043775629273,0.20687567367391527,0.29119935011563713,0.19489537063478066,,,,,,,,,,,,
routing/routing_moe_20260304_200011,exclude_hgd_imc,expert_mm_only,multimodal,Progress_in_3,binary,windows_armdiff_plus_arms_plus_cx,none,-1,,,,5,5,0,,5,True,820,0.7442867262956454,0.1338857369564126,0.4392014183280465,0.21278521594095517,0.7032513370934423,0.13940364091936072,0.5297778656068624,0.23447523251804045,0.7451451245573482,0.18206242881545134,0.6374614950821054,0.10282191569689182,,,,,,,,,,,,,,,,,,,,,,,,
virchow2/runs/multimodal/exclude_lgd_hgd_imc/Progress_in_3_stage2_exclusions,exclude_lgd_hgd_imc,early_mean_mlp_timev1,multimodal,Progress_in_3,binary,windows_armdiff_plus_arms_plus_cx,none,-1,,,,5,5,0,,5,True,671,0.7990903525724175,0.12018984881090014,0.37942490127938366,0.23486870287290257,0.7451565365365656,0.17776612596704008,0.6380952380952382,0.4010332460022398,0.7395359945691863,0.22138552196496994,0.6888156163322122,0.14108561532102162,0.17079866224257692,0.09502354846325738,0.23242154259517767,0.0930453893180075,0.46904761904761905,0.3421040008422735,0.32857142857142857,0.36281214569143694,0.5545327936805078,0.18008150303948478,0.5175649623374442,0.20186908094527134,,,,,,,,,,,,
routing/routing_moe_20260304_200011,exclude_lgd_hgd_imc,expert_mm_only,multimodal,Progress_in_3,binary,windows_armdiff_plus_arms_plus_cx,none,-1,,,,5,5,0,,5,True,671,0.7990903525724175,0.12018984881090014,0.37942490127938366,0.23486870287290257,0.7451565365365657,0.17776612596704014,0.6380952380952382,0.4010332460022398,0.7395359945691863,0.2213855219649699,0.6888156163322122,0.14108561532102162,,,,,,,,,,,,,,,,,,,,,,,,
virchow2/runs/multimodal/all_samples/Progress_in_4_stage1_all_samples,all_samples,early_mean_mlp_timev1,multimodal,Progress_in_4,binary,windows_armdiff_plus_arms_plus_cx,none,-1,,,,5,5,0,,5,True,940,0.8299679822628075,0.07176786320259179,0.7033834868813555,0.08187816154445582,0.7333961518078065,0.09749306110830513,0.7111381337347796,0.18507068876436694,0.7672950945246193,0.14453784200283948,0.7392166141296995,0.08061782429517439,0.18956333163329453,0.05283802058864756,0.18842415334580861,0.08175240524850276,0.5814659448191528,0.18288288464344085,0.4350795032206777,0.14172648955445716,0.5683023649757725,0.13799444236479264,0.43811839323467233,0.12180501024076121,,,,,,,,,,,,
routing/routing_moe_20260304_200011,all_samples,expert_mm_only,multimodal,Progress_in_4,binary,windows_armdiff_plus_arms_plus_cx,none,-1,,,,5,5,0,,5,True,940,0.8299679822628075,0.07176786320259178,0.7033834868813555,0.08187816154445583,0.7333961518078065,0.09749306110830513,0.7111381337347796,0.1850706887643669,0.7672950945246193,0.14453784200283948,0.7392166141296995,0.08061782429517439,,,,,,,,,,,,,,,,,,,,,,,,
virchow2/runs/multimodal/exclude_hgd_imc/Progress_in_4_stage2_exclusions,exclude_hgd_imc,early_mean_mlp_timev1,multimodal,Progress_in_4,binary,windows_armdiff_plus_arms_plus_cx,none,-1,,,,5,5,0,,5,True,820,0.7012915200650673,0.13977275743618467,0.4096267583891269,0.19678002571681635,0.6992223902223903,0.09269016991178397,0.5851734664128552,0.2519127420680473,0.7110338799120139,0.156362791452946,0.6481036731624347,0.09409585820174095,0.18652974689978108,0.04304669495255298,0.1984714363145902,0.07567725092046114,0.30554269348836416,0.21620298409416466,0.21948688926617618,0.22493089829038254,0.29356725288847496,0.21029838728651784,0.22228609173407352,0.19919347850989458,,,,,,,,,,,,
routing/routing_moe_20260304_200011,exclude_hgd_imc,expert_mm_only,multimodal,Progress_in_4,binary,windows_armdiff_plus_arms_plus_cx,none,-1,,,,5,5,0,,5,True,820,0.7012915200650673,0.13977275743618467,0.4096267583891269,0.19678002571681635,0.6992223902223903,0.09269016991178397,0.5851734664128552,0.2519127420680473,0.7110338799120139,0.156362791452946,0.6481036731624347,0.09409585820174092,,,,,,,,,,,,,,,,,,,,,,,,
virchow2/runs/multimodal/exclude_lgd_hgd_imc/Progress_in_4_stage2_exclusions,exclude_lgd_hgd_imc,early_mean_mlp_timev1,multimodal,Progress_in_4,binary,windows_armdiff_plus_arms_plus_cx,none,-1,,,,5,5,0,,5,True,671,0.7780396636085058,0.1419486643924062,0.4165913205343107,0.28692553855992364,0.7002195608291981,0.16249946639467824,0.6642424242424243,0.37101973988309583,0.6936314038217208,0.22157712147983719,0.6789369140320725,0.1362902498137684,0.21215882524411267,0.12201762618158464,0.3062407316581271,0.14138780531626524,0.4288888888888889,0.3888571415612807,0.30063492063492064,0.30088389147670197,0.553898864719089,0.22824523725054224,0.4805956972982745,0.27427137157434056,,,,,,,,,,,,
routing/routing_moe_20260304_200011,exclude_lgd_hgd_imc,expert_mm_only,multimodal,Progress_in_4,binary,windows_armdiff_plus_arms_plus_cx,none,-1,,,,5,5,0,,5,True,671,0.7780396636085058,0.1419486643924062,0.4165913205343107,0.28692553855992364,0.7002195608291981,0.16249946639467822,0.6642424242424243,0.37101973988309583,0.6936314038217208,0.22157712147983719,0.6789369140320725,0.1362902498137684,,,,,,,,,,,,,,,,,,,,,,,,
virchow2/runs/multimodal/all_samples/Progress_in_5_stage1_all_samples,all_samples,early_mean_mlp_timev1,multimodal,Progress_in_5,binary,windows_armdiff_plus_arms_plus_cx,none,-1,,,,5,5,0,,5,True,940,0.8308086716515986,0.06698820921138751,0.7126673248713192,0.07375478646575276,0.7115119985776992,0.08364600086490358,0.6889611509673033,0.2159699918311964,0.7490437043031732,0.1829555223117144,0.7190024276352383,0.04913697176762971,0.1938508877353542,0.05072588256675311,0.17307407913768702,0.11706875080468845,0.5818636614220016,0.14094347390338816,0.42672923988384587,0.1459508432834909,0.5597313659767373,0.15225259784649242,0.39420627554488114,0.16324700101395498,,,,,,,,,,,,
routing/routing_moe_20260304_200011,all_samples,expert_mm_only,multimodal,Progress_in_5,binary,windows_armdiff_plus_arms_plus_cx,none,-1,,,,5,5,0,,5,True,940,0.8308086716515986,0.06698820921138751,0.7126673248713192,0.07375478646575276,0.7115119985776992,0.08364600086490358,0.6889611509673033,0.2159699918311964,0.7490437043031732,0.1829555223117144,0.7190024276352383,0.04913697176762971,,,,,,,,,,,,,,,,,,,,,,,,
virchow2/runs/multimodal/exclude_hgd_imc/Progress_in_5_stage2_exclusions,exclude_hgd_imc,early_mean_mlp_timev1,multimodal,Progress_in_5,binary,windows_armdiff_plus_arms_plus_cx,none,-1,,,,5,5,0,,5,True,820,0.7135103688630986,0.1333820756928121,0.41840528461495463,0.2025244073762071,0.6147213109318372,0.18645092006297606,0.5990931087519226,0.2746322677398606,0.6176326554762198,0.2562436463951707,0.6083628821140712,0.10235542306624267,0.22939267038571187,0.09806407954077567,0.2350070088947469,0.15437335191997226,0.27178883595303294,0.2377275843380201,0.19880566080204073,0.22976884053872715,0.3834993458868274,0.17476260643061503,0.2673897764050217,0.11890464446010006,,,,,,,,,,,,
routing/routing_moe_20260304_200011,exclude_hgd_imc,expert_mm_only,multimodal,Progress_in_5,binary,windows_armdiff_plus_arms_plus_cx,none,-1,,,,5,5,0,,5,True,820,0.7135103688630986,0.1333820756928121,0.41840528461495463,0.20252440737620714,0.6147213109318372,0.18645092006297606,0.5990931087519226,0.2746322677398606,0.6176326554762198,0.2562436463951707,0.6083628821140712,0.10235542306624267,,,,,,,,,,,,,,,,,,,,,,,,
virchow2/runs/multimodal/exclude_lgd_hgd_imc/Progress_in_5_stage2_exclusions,exclude_lgd_hgd_imc,early_mean_mlp_timev1,multimodal,Progress_in_5,binary,windows_armdiff_plus_arms_plus_cx,none,-1,,,,5,5,0,,5,True,671,0.7766131388681747,0.14286603382320096,0.3972814041947682,0.1935484044018287,0.688382543279127,0.16906055927660857,0.6297619047619047,0.2683989229848183,0.6775085481589299,0.22049065465096904,0.6536352264604173,0.056718620133182865,0.2130482745248028,0.1103296466963219,0.2891296417426908,0.11465194477679522,0.4490079365079366,0.371790667687465,0.33194444444444443,0.3034332863402749,0.5503980117326857,0.21770386917999862,0.4896675884851625,0.2606612284854464,,,,,,,,,,,,
routing/routing_moe_20260304_200011,exclude_lgd_hgd_imc,expert_mm_only,multimodal,Progress_in_5,binary,windows_armdiff_plus_arms_plus_cx,none,-1,,,,5,5,0,,5,True,671,0.7766131388681747,0.1428660338232009,0.3972814041947682,0.1935484044018287,0.688382543279127,0.16906055927660857,0.6297619047619047,0.2683989229848183,0.6775085481589299,0.220490654650969,0.6536352264604173,0.056718620133182865,,,,,,,,,,,,,,,,,,,,,,,,
cnv_anchor/runs/cnv/all_samples/Progressor_label_stage1_all_samples,all_samples,cnv_elasticnet_logreg,cnv,Progressor_label,binary,windows_armdiff_plus_arms_plus_cx,none,-1,,,,5,5,0,,5,True,940,0.6834864819079097,0.06776435156992289,0.5922101751967125,0.06777885927745166,0.6752065241921918,0.0430204571806323,0.5850265263493915,0.14461247975950983,0.7321366080815043,0.053395988940885555,0.6585815672154478,0.050309646286274365,0.2319342752315611,0.03832587307819055,0.19067297594735616,0.04462522618705217,0.384693567750621,0.10480599663860603,0.287731086313861,0.12236051113618836,0.17650742477815104,0.08247534500164588,0.08577107951907662,0.03380410441072578,,,,,,,,,,,,
cnv_anchor/runs/cnv/all_samples/Progressor_label_stage1_all_samples,all_samples,cnv_linear_svm_calibrated,cnv,Progressor_label,binary,windows_armdiff_plus_arms_plus_cx,none,-1,,,,5,5,0,,5,True,940,0.6881953332235272,0.07722944428238565,0.5943902573079756,0.06933807732039557,0.6992668609639272,0.0861025122161644,0.17116932797601697,0.14806611752620322,0.9745422821302594,0.03437487478758208,0.5728558050531382,0.05808112300870413,0.207754197281439,0.03847468493561628,0.1213069764815468,0.058315682833697945,0.38975798392805094,0.13455338798866467,0.29299541297136755,0.12193257167800747,0.20883666861655734,0.08129075568191177,0.12233532143458219,0.05459862040009761,,,,,,,,,,,,
cnv_anchor/runs/cnv/all_samples/Progressor_label_stage1_all_samples,all_samples,cnv_mlp,cnv,Progressor_label,binary,windows_armdiff_plus_arms_plus_cx,none,-1,,,,5,5,0,,5,True,940,0.6664045212189738,0.033120417332079474,0.5698065253665483,0.06976295962167234,0.6990253703227566,0.03337478737434591,0.4933457203924997,0.11612171984358619,0.8129791062970853,0.04808264442962517,0.6531624133447925,0.04001152893441619,0.23753515498404126,0.03262525713406701,0.1969444210771482,0.05121691677744663,0.37552617243341524,0.08502952730417465,0.2642676541616355,0.11545201843999993,0.12157708083946875,0.06371375464876868,0.04766506320272921,0.06092191072957824,,,,,,,,,,,,
cnv_anchor/runs/cnv/all_samples/Progressor_label_stage1_all_samples,all_samples,cnv_pca_logreg,cnv,Progressor_label,binary,windows_armdiff_plus_arms_plus_cx,none,-1,,,,5,5,0,,5,True,940,0.7095451490907411,0.07980292186248156,0.6176245797671278,0.08965225323275962,0.6855532172562937,0.04396126472149134,0.5776517328003774,0.1278383727214175,0.7499920043620973,0.0635744318269996,0.6638218685812375,0.044807617601478784,0.21660031738492797,0.04035708179064045,0.16791643543393062,0.0467728406176619,0.4127128353527363,0.1057601991969526,0.3113669310627195,0.13642519878448542,0.24881418162503613,0.10491655726167769,0.18726181957179838,0.09930606839835053,,,,,,,,,,,,
cnv_anchor/runs/cnv/all_samples/Progressor_label_stage1_all_samples,all_samples,cnv_random_forest,cnv,Progressor_label,binary,windows_armdiff_plus_arms_plus_cx,none,-1,,,,5,5,0,,5,True,940,0.7366844110213866,0.08008919244601757,0.5743014934233319,0.10894765374321393,0.7213271436768147,0.09073483370701038,0.3698167790870356,0.13887287650515645,0.9069393086176177,0.05432103878972704,0.6383780438523268,0.07108229981761197,0.19096140706097767,0.033414731506027,0.10645266637714126,0.03728644220426962,0.33632694202717517,0.19164349911724352,0.22484405143578856,0.22061185165180244,0.38908631562607693,0.17905544477115667,0.2114096821083684,0.11554388838768447,,,,,,,,,,,,
cnv_anchor/runs/cnv/all_samples/Progressor_label_stage1_all_samples,all_samples,cnv_temporal_delta_logreg,cnv,Progressor_label,binary,windows_armdiff_plus_arms_plus_cx,none,-1,,,,5,5,0,,5,True,940,0.7034247933076558,0.05755570254221468,0.6138174295075071,0.10115006828386923,0.7064583563735989,0.051313732559097325,0.5573242564294736,0.131256991069464,0.7902957833975495,0.07261548378478268,0.6738100199135115,0.06339805300541616,0.22065679187773285,0.025530730541054113,0.182060151142766,0.045884642316715796,0.40846403936100817,0.10847142924869187,0.30752048895920947,0.13123702864608197,0.1919149172630852,0.09108943347365832,0.09061213770482865,0.06484216780280881,,,,,,,,,,,,
cnv_anchor/runs/cnv/all_samples/Progressor_label_stage1_all_samples,all_samples,cnv_xgboost,cnv,Progressor_label,binary,windows_armdiff_plus_arms_plus_cx,none,-1,,,,5,5,0,,5,True,940,0.7341054779632614,0.06438559008360996,0.5953999690126884,0.07701341041351746,0.7254458704371267,0.09052879621811327,0.46399269267602106,0.16672637225266368,0.8692910681932636,0.03818881612246885,0.6666418804346423,0.08283823130634357,0.2165805454451628,0.059456847252062926,0.18226238028851793,0.06370359824949422,0.3778421708234445,0.15375843173422687,0.2673558312861723,0.14704715102253382,0.3216220053341437,0.08789077751088252,0.1779006284851172,0.10278587584317396,,,,,,,,,,,,
cnv_anchor/runs/late_fusion/all_samples_20260304_200011,all_samples,latefusion_cnv_only,cnv,Progressor_label,binary,windows_armdiff_plus_arms_plus_cx,none,-1,,,,5,5,0,,5,True,940,0.7366844110213866,0.08008919244601757,0.5743014934233319,0.10894765374321393,0.7213271436768147,0.09073483370701038,0.3698167790870356,0.13887287650515645,0.9069393086176177,0.05432103878972707,0.6383780438523268,0.07108229981761198,,,,,,,,,,,,,,,,,,,,,,,,
gigapath/runs/image/all_samples/Progressor_label_stage1_all_samples,all_samples,abmil,image,Progressor_label,binary,NA,none,-1,,,,5,5,0,,5,True,940,0.809133941088724,0.09090978426876135,0.7337764229066522,0.06804641789769342,0.6110212276340491,0.19610194496592373,0.7378435066827663,0.26162415568676595,0.600087405439959,0.3539117874032638,0.6689654560613627,0.0998187973435272,0.2504440011439361,0.09156964970421634,0.25573010064150903,0.16864639358185207,0.5747207533552623,0.18817282611863623,0.4499454379536717,0.15369806987605716,0.45559273348744467,0.20241544579239037,0.3689666261311205,0.17126692220032014,,,,,,,,,,,,
uni2/runs/image/all_samples/Progressor_label_stage1_all_samples,all_samples,abmil,image,Progressor_label,binary,NA,none,-1,,,,5,5,0,,5,True,940,0.8186146122232886,0.11058490081534053,0.734962084295929,0.09677704650736679,0.7027145303908728,0.0839639733670313,0.7091658859696602,0.25119083423158073,0.7291589618545868,0.1146883670648496,0.7191624239121236,0.09508368582008273,0.19979110656035698,0.045751262044677235,0.19727272057517067,0.08708822551746859,0.5883857267768664,0.2182808956295914,0.45678994739837064,0.21473778008763295,0.5218328116516261,0.2617570066484374,0.413848031709206,0.20514639097029522,,,,,,,,,,,,
virchow2/runs/image/all_samples/Progressor_label_stage1_all_samples,all_samples,abmil,image,Progressor_label,binary,NA,none,-1,,,,5,5,0,,5,True,940,0.8113641105165186,0.1052821156125875,0.7442148536976608,0.10500495518323547,0.6507304350270379,0.11993545776897215,0.7278236075835173,0.25201063343551494,0.6290130476080791,0.2597935246639691,0.678418327595798,0.10054122645765104,0.21112707287397373,0.04440284375285262,0.21507073627566992,0.07623110103877118,0.591717967134391,0.22817547020720264,0.4816434018958793,0.24024577387058998,0.4835275053528897,0.2442854992781294,0.3746777914883422,0.22789261237959094,,,,,,,,,,,,
gigapath/runs/image/all_samples/Progressor_label_stage1_all_samples,all_samples,abmil_nogate,image,Progressor_label,binary,NA,none,-1,,,,5,5,0,,5,True,940,0.8066083644251372,0.09345050854252106,0.7227140492283722,0.07628696426245007,0.7425118765982749,0.09667182928688949,0.6752653502380259,0.1287270353365143,0.7816158000971785,0.07893464536675031,0.7284405751676022,0.09879098285148463,0.1755048204084892,0.04889893450083861,0.1432745624818244,0.03439519792696188,0.5723349086064038,0.20478834413491265,0.431939754479466,0.13699348569007386,0.4870888251436251,0.1879102397190907,0.34993448409793804,0.1976511099205592,,,,,,,,,,,,
uni2/runs/image/all_samples/Progressor_label_stage1_all_samples,all_samples,abmil_nogate,image,Progressor_label,binary,NA,none,-1,,,,5,5,0,,5,True,940,0.8227005823880003,0.10896076434890388,0.7503942672599685,0.1124659099592996,0.7026281393205464,0.09726760757005191,0.7536605668207242,0.15249064308862964,0.6924875110674078,0.13683782088713864,0.723074038944066,0.08567589837849053,0.1943293449684391,0.0425762918014289,0.18215546951429007,0.10329235168521819,0.5757934483907232,0.22400663941509402,0.4557263084481825,0.20905265097511347,0.5279538740486259,0.23922807983762215,0.4431194718033044,0.23037336348335255,,,,,,,,,,,,
virchow2/runs/image/all_samples/Progressor_label_stage1_all_samples,all_samples,abmil_nogate,image,Progressor_label,binary,NA,none,-1,,,,5,5,0,,5,True,940,0.8057066309069268,0.09323683551374058,0.7356306419298455,0.08524863785144443,0.6846904039715306,0.09513102991004496,0.7049584842680879,0.21788450560019515,0.6793298556403905,0.20160058504218017,0.6921441699542392,0.05660753802675212,0.21941879637256734,0.06589622299307912,0.2087594268684604,0.12666903325268233,0.5639465795061831,0.1828540711132362,0.46086633079346573,0.1624164869574696,0.503797655164386,0.2090510303804958,0.35290328113511027,0.1773136371209061,,,,,,,,,,,,
virchow2/runs/late_fusion/all_samples_20260304_200011,all_samples,latefusion_abmil_img_only,image,Progressor_label,binary,windows_armdiff_plus_arms_plus_cx,none,-1,,,,5,5,0,,5,True,940,0.8113641105165186,0.10528211561258748,0.7442148536976608,0.10500495518323551,0.6507304350270379,0.11993545776897212,0.7278236075835173,0.25201063343551494,0.6290130476080791,0.2597935246639691,0.6784183275957982,0.10054122645765105,,,,,,,,,,,,,,,,,,,,,,,,
virchow2/runs/late_fusion/all_samples_20260304_200011,all_samples,latefusion_pool_mean_img_only,image,Progressor_label,binary,windows_armdiff_plus_arms_plus_cx,none,-1,,,,5,5,0,,5,True,940,0.8014280194187725,0.09412145460737906,0.7112851508078896,0.08502253151717926,0.7242131567897432,0.0813173067101646,0.6327933859349628,0.2560193858446975,0.7891819797435945,0.11004505070881805,0.7109876828392787,0.08893817632675079,,,,,,,,,,,,,,,,,,,,,,,,
gigapath/runs/image/all_samples/Progressor_label_stage1_all_samples,all_samples,pool_mean,image,Progressor_label,binary,NA,none,-1,,,,5,5,0,,5,True,940,0.8039588631302621,0.0982046159808966,0.7222977546745362,0.07408479586291229,0.699579888106965,0.11578178908881855,0.6301721697131198,0.26326241068189316,0.7689950238793214,0.19996556513303565,0.6995835967962207,0.08557396505047739,0.21078379896480923,0.07507955645796745,0.19663698060617704,0.12091331294351532,0.5562330848981971,0.19511217281893772,0.43864044218678433,0.14473125172957954,0.4806669918852716,0.16797332999725084,0.2974154050869092,0.13798310893710192,,,,,,,,,,,,
uni2/runs/image/all_samples/Progressor_label_stage1_all_samples,all_samples,pool_mean,image,Progressor_label,binary,NA,none,-1,,,,5,5,0,,5,True,940,0.8150675832556413,0.11228744120490973,0.720396635724202,0.10899423166386796,0.7401502643873117,0.09355423314768066,0.6164675542324187,0.2955183348721848,0.8158621611444303,0.14430515214382453,0.7161648576884246,0.10439670196197486,0.17569663544933717,0.0484146490349643,0.1424081479737203,0.06708157498598073,0.5557018986551192,0.20641793384243035,0.4078215604224785,0.21696135723064236,0.5322186595497495,0.2071972394124595,0.4186491460043137,0.22878397533583392,,,,,,,,,,,,
virchow2/runs/image/all_samples/Progressor_label_stage1_all_samples,all_samples,pool_mean,image,Progressor_label,binary,NA,none,-1,,,,5,5,0,,5,True,940,0.8014280194187725,0.09412145460737906,0.7112851508078896,0.08502253151717926,0.7242131567897432,0.0813173067101646,0.6327933859349628,0.2560193858446975,0.7891819797435945,0.11004505070881805,0.7109876828392787,0.08893817632675079,0.18941566463449866,0.044575585978862416,0.1656604685935878,0.08266530231538083,0.5483144231169588,0.23780428158911832,0.4021356747303993,0.19371883014623117,0.4384550224931571,0.16563424373920757,0.2952428584059655,0.14164451989331786,,,,,,,,,,,,
gigapath/runs/image/all_samples/Progressor_label_stage1_all_samples,all_samples,set_transformer_lite,image,Progressor_label,binary,NA,none,-1,,,,5,5,0,,5,True,940,0.8152254706127795,0.09285129186384652,0.7330303599430662,0.07510600572430916,0.694383535228803,0.09029208261424594,0.7029384914851979,0.25040357153516035,0.7207100195708527,0.15772934209849673,0.7118242555280254,0.09070984393151785,0.219189229265838,0.06019550310002658,0.21774425945327353,0.08585503926287362,0.5835930625529139,0.21436244890816317,0.44818612857559226,0.1919254824657977,0.47394341081945884,0.21089108709701826,0.34172582613091806,0.18825704179323316,,,,,,,,,,,,
uni2/runs/image/all_samples/Progressor_label_stage1_all_samples,all_samples,set_transformer_lite,image,Progressor_label,binary,NA,none,-1,,,,5,5,0,,5,True,940,0.8117974648968801,0.1068019250930118,0.725636641933414,0.09398252180380016,0.7400640847036153,0.11092099952309303,0.694431652579423,0.18857112501379533,0.7628513902952446,0.16805641675150448,0.7286415214373336,0.09626408303629576,0.18027389733964205,0.06236791434255765,0.14973216505535727,0.07489660146493822,0.573804024232835,0.19568276451939576,0.42589455732744863,0.16058776071053202,0.5108018763506353,0.228465861885193,0.34560134764827644,0.1886025309369532,,,,,,,,,,,,
virchow2/runs/image/all_samples/Progressor_label_stage1_all_samples,all_samples,set_transformer_lite,image,Progressor_label,binary,NA,none,-1,,,,5,5,0,,5,True,940,0.8183075415482195,0.09954060119595669,0.7313409671997934,0.09265679523889513,0.7339840600752098,0.07774393472192985,0.6954911278122442,0.17683669348964895,0.7590609033493898,0.15922899908919977,0.727276015580817,0.08181452926741095,0.1895681137039992,0.048364752769105755,0.16087032381088862,0.0618435657100435,0.5781711391930715,0.21580646791813468,0.4283663307934657,0.20815135063531331,0.5289988062278808,0.22830545237884498,0.42436033308415205,0.2529903661350654,,,,,,,,,,,,
fusion/foundation_combo_20260304_200011,all_samples,cnv_plus_image_combo_gigapath_mean,multimodal,Progressor_label,binary,windows_armdiff_plus_arms_plus_cx,none,-1,,,,5,5,0,,5,True,940,0.8266224757229181,0.0963791720826538,0.714913338424315,0.10226673221087854,0.7503977153871586,0.08772969338021155,0.6560313701405949,0.25403179337512416,0.8243624513659398,0.09062559377009122,0.7401969107532673,0.10413533572393838,0.17403418879288263,0.04083990879550009,0.1697985255583324,0.04490669240167712,0.5946677527029465,0.20786044396830325,0.39202188380452735,0.14872966462024953,0.48027086110469847,0.251003367075111,0.39162222844011707,0.22972238576029028,,,,,,,,,,,,
fusion/foundation_combo_20260304_200011,all_samples,cnv_plus_image_combo_gigapath_uni2_mean,multimodal,Progressor_label,binary,windows_armdiff_plus_arms_plus_cx,none,-1,,,,5,5,0,,5,True,940,0.8385680251272459,0.09388990687870553,0.7345781457807181,0.08644648104574226,0.7729981342927873,0.08821401478173888,0.6298692939723252,0.24356052988831664,0.8674045717076198,0.06495030682595518,0.7486369328399725,0.10436678900514224,0.1687679980403994,0.03261821712818488,0.15494030984042323,0.059300379844758486,0.608898835547043,0.22156009236285445,0.46038887385324284,0.18023297305448902,0.5438624848440854,0.22992978714947843,0.4469165697744047,0.2681890094214091,,,,,,,,,,,,
fusion/foundation_combo_20260304_200011,all_samples,cnv_plus_image_combo_gigapath_uni2_virchow2_mean,multimodal,Progressor_label,binary,windows_armdiff_plus_arms_plus_cx,none,-1,,,,5,5,0,,5,True,940,0.8440806377201066,0.09364654283954435,0.7451933124805161,0.0818882055806258,0.7789044919812442,0.07834927167718624,0.6346295679449279,0.20230485776176504,0.8695181138000363,0.06329965253467792,0.7520738408724821,0.09071439682007981,0.16541014713127292,0.03135671628621541,0.14579454679374484,0.06876021967310221,0.6276747026411847,0.19044771621277604,0.45762038347836953,0.1883121722635698,0.5339794857160688,0.24522122587112669,0.4660881498560684,0.26072338201613626,,,,,,,,,,,,
fusion/foundation_combo_20260304_200011,all_samples,cnv_plus_image_combo_gigapath_virchow2_mean,multimodal,Progressor_label,binary,windows_armdiff_plus_arms_plus_cx,none,-1,,,,5,5,0,,5,True,940,0.8414768139072409,0.0952408335469153,0.7427830729308155,0.08485669356939132,0.7757324567346442,0.0772471482660031,0.6292112704889593,0.19195964305362148,0.8665961397815762,0.05793181717066896,0.7479037051352677,0.08980832124783424,0.1652607854254085,0.03403183438693682,0.1414985725990119,0.0644090410055156,0.617737123704043,0.2010558595847947,0.45714256221287697,0.17745944716820097,0.548341406511178,0.2511064281574501,0.44563977724387505,0.2699695196783319,,,,,,,,,,,,
fusion/foundation_combo_20260304_200011,all_samples,cnv_plus_image_combo_uni2_mean,multimodal,Progressor_label,binary,windows_armdiff_plus_arms_plus_cx,none,-1,,,,5,5,0,,5,True,940,0.8373140466222919,0.09520339454007669,0.7373715653345402,0.0806807564634781,0.7714239939053826,0.08121961938935685,0.6509452505863902,0.20188177540689797,0.8472352791073285,0.08097635613759964,0.7490902648468594,0.09330051690947232,0.17001615936491055,0.029248068461194265,0.15296914430098144,0.08665721580402116,0.5993685028660255,0.2237266338406714,0.47814001540575424,0.18364467451370994,0.5159547346072374,0.20419593334179614,0.44563497532061663,0.26258666816624865,,,,,,,,,,,,
fusion/foundation_combo_20260304_200011,all_samples,cnv_plus_image_combo_uni2_virchow2_mean,multimodal,Progressor_label,binary,windows_armdiff_plus_arms_plus_cx,none,-1,,,,5,5,0,,5,True,940,0.8421303733196565,0.09403669801984153,0.7439408683285593,0.07724848612720947,0.7848119516155451,0.07880974556770207,0.6291226180066898,0.16236091061675462,0.8730934550498916,0.0698938075175914,0.7511080365282906,0.08559294475489308,0.16567005762763776,0.029750501572475604,0.15200630233099582,0.07670510172947576,0.6017157985315957,0.20183177058263588,0.484351466322466,0.1736356658612208,0.5387326874317406,0.22717048634489856,0.46429715938649097,0.2552449369697252,,,,,,,,,,,,
fusion/foundation_combo_20260304_200011,all_samples,cnv_plus_image_combo_virchow2_mean,multimodal,Progressor_label,binary,windows_armdiff_plus_arms_plus_cx,none,-1,,,,5,5,0,,5,True,940,0.8348064886073088,0.09493524769529817,0.7319510859062637,0.07447980469239136,0.763200926953933,0.08113757632248182,0.6124206638353389,0.19030720514721128,0.8482293038442767,0.1061887220075443,0.7303249838398079,0.09338794268615519,0.16605369203453307,0.03423979529031867,0.12694747731799255,0.06734848353086746,0.6014420514635466,0.21907367382593781,0.45414503268518125,0.148804220756421,0.5702306607891799,0.24152408567486977,0.4276741421948936,0.21329605950864516,,,,,,,,,,,,
gigapath/runs/multimodal/all_samples/Progressor_label_stage1_all_samples,all_samples,coattn_abmil_cnv,multimodal,Progressor_label,binary,windows_armdiff_plus_arms_plus_cx,none,-1,,,,5,5,0,,5,True,940,0.8104552097914928,0.086394528896427,0.6905784774762095,0.08193315444152481,0.7405555000233066,0.07223659715234396,0.6865399508681351,0.1779574831824701,0.7795519781345692,0.07368086361781562,0.7330459645013522,0.079940490697664,0.1815358621053461,0.04237835725767646,0.14703297769478477,0.05034727988148265,0.5711771869925469,0.15436101466820834,0.3957780426364658,0.1456363683782279,0.47654911725777865,0.18827045983939691,0.36431996503083364,0.23197743534884294,,,,,,,,,,,,
uni2/runs/multimodal/all_samples/Progressor_label_stage1_all_samples,all_samples,coattn_abmil_cnv,multimodal,Progressor_label,binary,windows_armdiff_plus_arms_plus_cx,none,-1,,,,5,5,0,,5,True,940,0.8329914766007317,0.09391794746029505,0.7049477654882683,0.09756571022871316,0.7505863235550769,0.07003710034674995,0.7425753632843403,0.16033047897708566,0.756384411722834,0.13785792565920713,0.7494798875035871,0.07445468890132828,0.17069014187023415,0.037867889483334756,0.13360047296810387,0.0753042774345881,0.5790113600088826,0.21458543132900704,0.3944095328309115,0.18647023177147234,0.55038722736595,0.15973078833240223,0.49545763163258555,0.19047663775269383,,,,,,,,,,,,
virchow2/runs/multimodal/all_samples/Progressor_label_stage1_all_samples,all_samples,coattn_abmil_cnv,multimodal,Progressor_label,binary,windows_armdiff_plus_arms_plus_cx,none,-1,,,,5,5,0,,5,True,940,0.8172361084594956,0.08618936644952545,0.6978093306713494,0.07005974420750348,0.7854302390666542,0.072941265760637,0.6593368412652149,0.16852506559219413,0.8620448494618168,0.05145314709474373,0.7606908453635159,0.08229714139015304,0.18312364956226954,0.03027049261983154,0.18517815560693476,0.04266659637475371,0.6044251294222148,0.19681180619380922,0.38899885150795965,0.15863463354412657,0.5277799746203072,0.23774248304307896,0.3626028964626834,0.1674621093894663,,,,,,,,,,,,
gigapath/runs/multimodal/all_samples/Progressor_label_stage1_all_samples,all_samples,early_max_mlp,multimodal,Progressor_label,binary,windows_armdiff_plus_arms_plus_cx,none,-1,,,,5,5,0,,5,True,940,0.796329514417617,0.0902795263568944,0.6856316826463951,0.07744465463370233,0.720329396769108,0.09679449515011436,0.612332427724806,0.197236620621978,0.7773254166971579,0.15941196675741537,0.694828922210982,0.08231777255867687,0.1850313137427255,0.040306228045265395,0.1389367284913994,0.06118429843358236,0.47968147562143476,0.14270991905858127,0.3839324402159582,0.13342789337514557,0.48038088713843796,0.1307481043849888,0.35648017424543854,0.10714176462041686,,,,,,,,,,,,
uni2/runs/multimodal/all_samples/Progressor_label_stage1_all_samples,all_samples,early_max_mlp,multimodal,Progressor_label,binary,windows_armdiff_plus_arms_plus_cx,none,-1,,,,5,5,0,,5,True,940,0.8038871578716389,0.08851642663783169,0.6897947629235252,0.08361344374978529,0.720618155338021,0.09275087083990856,0.508083440896032,0.2935820125163055,0.8503351074586408,0.15831878094831683,0.6792092741773365,0.0934530637613153,0.18085857521039245,0.04024730255286964,0.12502711120702137,0.04601168785525058,0.4925098541311016,0.16050312932155614,0.3603914067813077,0.1540635442167588,0.4809619726076333,0.2118786168277784,0.4120228574356341,0.2010916134134814,,,,,,,,,,,,
virchow2/runs/multimodal/all_samples/Progressor_label_stage1_all_samples,all_samples,early_max_mlp,multimodal,Progressor_label,binary,windows_armdiff_plus_arms_plus_cx,none,-1,,,,5,5,0,,5,True,940,0.8008907176913371,0.08060281907886842,0.6966802207923525,0.06739378131039249,0.7146435560816793,0.11091533223413247,0.7618077472901139,0.2290313511231825,0.6528521874172821,0.27056635382590827,0.7073299673536979,0.08159681004626287,0.1873287986453599,0.04186016292096518,0.14258082126275853,0.06776703859922738,0.5110472616618784,0.13017243767343809,0.46005922887954365,0.16209918486599204,0.4812615720809627,0.1604773749822103,0.3595192133237646,0.20865672356966572,,,,,,,,,,,,
gigapath/runs/multimodal/all_samples/Progressor_label_stage1_all_samples,all_samples,early_mean_mlp,multimodal,Progressor_label,binary,windows_armdiff_plus_arms_plus_cx,none,-1,,,,5,5,0,,5,True,940,0.8412766731454809,0.099570625436709,0.737159800129134,0.08560304278522636,0.7478852069234802,0.07414270822190443,0.6940830279940597,0.2698224223315212,0.7933796690631205,0.11814783164823696,0.74373134852859,0.09322037283068449,0.1783643914204116,0.059768837740210294,0.16495209580196474,0.05782831765376107,0.6211918640962651,0.19118897146406433,0.4423234930812896,0.16989950278374016,0.5993144960354142,0.2161104439353076,0.47150889011564506,0.1749484653493241,,,,,,,,,,,,
uni2/runs/multimodal/all_samples/Progressor_label_stage1_all_samples,all_samples,early_mean_mlp,multimodal,Progressor_label,binary,windows_armdiff_plus_arms_plus_cx,none,-1,,,,5,5,0,,5,True,940,0.8434595670251424,0.09951611493458308,0.7344316991553211,0.09238096066066281,0.7467591048831783,0.07073253308395605,0.6714214410625807,0.29362116855684794,0.8028657892052461,0.14269240171531736,0.7371436151339135,0.091346052289149,0.18442775778762996,0.058958858370816866,0.17292766293879047,0.06659468258865579,0.5790352319884526,0.18094482704590859,0.4439357017945621,0.15739891640958623,0.604389424649465,0.24094534916766502,0.5196806157143418,0.2145763269860927,,,,,,,,,,,,
virchow2/runs/multimodal/all_samples/Progressor_label_stage1_all_samples,all_samples,early_mean_mlp,multimodal,Progressor_label,binary,windows_armdiff_plus_arms_plus_cx,none,-1,,,,5,5,0,,5,True,940,0.8251416576152166,0.08225603654744192,0.7147468862291626,0.08212446554120467,0.7516494155265876,0.0634419408597983,0.6036881861459245,0.22361722086840705,0.8254345282413984,0.10213449711546882,0.7145613571936614,0.08066212423924177,0.17525407629566706,0.038428152170745127,0.14005885991965958,0.05864408659399738,0.5586124064898474,0.1893694379087634,0.4084468293292251,0.20816002475313866,0.4988888396455133,0.17766397556257224,0.3422142247060483,0.1433920942493657,,,,,,,,,,,,
virchow2/runs/multimodal/all_samples/Progressor_label_stage1_all_samples,all_samples,early_mean_mlp_timev1,multimodal,Progressor_label,binary,windows_armdiff_plus_arms_plus_cx,none,-1,,,,5,5,0,,5,True,940,0.8255109823999003,0.07870080843867946,0.730328787792432,0.05740914898345342,0.7461292438126059,0.05350285609704239,0.581535735104301,0.26135178213135524,0.8524714087285998,0.09959604326486633,0.7170035719164505,0.08302540832916391,0.17440232085029336,0.03642617636559805,0.14411759068770086,0.03463115688377557,0.5668871181524198,0.14460667642240566,0.42854580436080003,0.1640092522078451,0.5598456377788448,0.12628196249019566,0.4251120537093495,0.14273921881176393,,,,,,,,,,,,
routing/routing_moe_20260304_200011,all_samples,ensemble_all3_mean,multimodal,Progressor_label,binary,windows_armdiff_plus_arms_plus_cx,none,-1,,,,5,5,0,,5,True,940,0.8527343454683821,0.09586417731093648,0.7470769793140775,0.08262695456892281,0.7761259128637271,0.08356156663743283,0.6370150483685167,0.23669609617076517,0.8656904925308538,0.058441807199247166,0.7513527704496852,0.1011718473396636,,,,,,,,,,,,,,,,,,,,,,,,
routing/routing_moe_20260304_200011,all_samples,ensemble_all3_stack_logit,multimodal,Progressor_label,binary,windows_armdiff_plus_arms_plus_cx,none,-1,,,,5,5,0,,5,True,940,0.8480535911053562,0.09731306148355814,0.7482774795231664,0.0835946474236518,0.7710614705995563,0.08979195717239787,0.5833164182315305,0.2574192295454324,0.8903459401029549,0.0857360990476004,0.7368311791672427,0.10178785608191336,,,,,,,,,,,,,,,,,,,,,,,,
routing/routing_moe_20260304_200011,all_samples,ensemble_available_mean,multimodal,Progressor_label,binary,windows_armdiff_plus_arms_plus_cx,none,-1,,,,5,5,0,,5,True,940,0.8527343454683821,0.09586417731093648,0.7470769793140775,0.08262695456892281,0.7761259128637271,0.08356156663743283,0.6370150483685167,0.23669609617076517,0.8656904925308538,0.058441807199247166,0.7513527704496852,0.1011718473396636,,,,,,,,,,,,,,,,,,,,,,,,
routing/routing_moe_20260304_200011,all_samples,ensemble_available_stack_logit,multimodal,Progressor_label,binary,windows_armdiff_plus_arms_plus_cx,none,-1,,,,5,5,0,,5,True,940,0.8480535911053562,0.09731306148355814,0.7482774795231664,0.0835946474236518,0.7710614705995563,0.08979195717239787,0.5833164182315305,0.2574192295454324,0.8903459401029549,0.0857360990476004,0.7368311791672427,0.10178785608191336,,,,,,,,,,,,,,,,,,,,,,,,
routing/routing_moe_20260304_200011,all_samples,ensemble_img_cnv_mean,multimodal,Progressor_label,binary,windows_armdiff_plus_arms_plus_cx,none,-1,,,,5,5,0,,5,True,940,0.8373140466222919,0.09520339454007669,0.7373715653345402,0.0806807564634781,0.7714239939053826,0.08121961938935685,0.6509452505863902,0.20188177540689797,0.8472352791073285,0.08097635613759964,0.7490902648468594,0.09330051690947232,,,,,,,,,,,,,,,,,,,,,,,,
routing/routing_moe_20260304_200011,all_samples,ensemble_img_cnv_stack_logit,multimodal,Progressor_label,binary,windows_armdiff_plus_arms_plus_cx,none,-1,,,,5,5,0,,5,True,940,0.836546753978754,0.09768603970432387,0.7374139431414413,0.08377697332989187,0.772926807707941,0.08648095183437589,0.5971579679671344,0.25057736826495103,0.8837543203406033,0.08378468590093047,0.740456144153869,0.10108441124156785,,,,,,,,,,,,,,,,,,,,,,,,
routing/routing_moe_20260304_200011,all_samples,ensemble_mm_cnv_mean,multimodal,Progressor_label,binary,windows_armdiff_plus_arms_plus_cx,none,-1,,,,5,5,0,,5,True,940,0.8274802858505218,0.10872147133793725,0.6986206744738942,0.10738779505772424,0.7775975514049879,0.08690520898091497,0.5749803611330864,0.26997186424296965,0.897023189930499,0.05504253585134923,0.7360017755317927,0.1116801865019168,,,,,,,,,,,,,,,,,,,,,,,,
routing/routing_moe_20260304_200011,all_samples,ensemble_mm_cnv_stack_logit,multimodal,Progressor_label,binary,windows_armdiff_plus_arms_plus_cx,none,-1,,,,5,5,0,,5,True,940,0.8303775276746755,0.10612574074786219,0.6987706742497256,0.10750931978870111,0.7685537150165782,0.09419749436603511,0.5609278497175612,0.3012413581721138,0.8925185913137839,0.06293230104601232,0.7267232205156724,0.12125061834069688,,,,,,,,,,,,,,,,,,,,,,,,
routing/routing_moe_20260304_200011,all_samples,ensemble_mm_img_mean,multimodal,Progressor_label,binary,windows_armdiff_plus_arms_plus_cx,none,-1,,,,5,5,0,,5,True,940,0.8514918037179268,0.10063538220725637,0.7702458696695278,0.10389277915482394,0.7606291757872603,0.08587146229218794,0.7150855123454221,0.24853357598706147,0.8026189383701515,0.07967877157178202,0.7588522253577867,0.1044023722085248,,,,,,,,,,,,,,,,,,,,,,,,
routing/routing_moe_20260304_200011,all_samples,ensemble_mm_img_stack_logit,multimodal,Progressor_label,binary,windows_armdiff_plus_arms_plus_cx,none,-1,,,,5,5,0,,5,True,940,0.8478668730504764,0.1007906052393864,0.7689110130771358,0.10450615935587752,0.770754076395841,0.09141348719852965,0.58161409973491,0.27043444333688393,0.8899813366790085,0.08041044127969561,0.7357977182069593,0.1090615101161128,,,,,,,,,,,,,,,,,,,,,,,,
routing/routing_moe_20260304_200011,all_samples,expert_cnv_only,multimodal,Progressor_label,binary,windows_armdiff_plus_arms_plus_cx,none,-1,,,,5,5,0,,5,True,940,0.7366844110213866,0.08008919244601757,0.5743014934233319,0.10894765374321393,0.7213271436768147,0.09073483370701038,0.3698167790870356,0.13887287650515645,0.9069393086176177,0.05432103878972707,0.6383780438523268,0.07108229981761198,,,,,,,,,,,,,,,,,,,,,,,,
routing/routing_moe_20260304_200011,all_samples,expert_img_only,multimodal,Progressor_label,binary,windows_armdiff_plus_arms_plus_cx,none,-1,,,,5,5,0,,5,True,940,0.8227005823880003,0.10896076434890388,0.7503942672599685,0.1124659099592996,0.7026281393205464,0.09726760757005191,0.7536605668207242,0.15249064308862964,0.6924875110674078,0.13683782088713864,0.723074038944066,0.08567589837849053,,,,,,,,,,,,,,,,,,,,,,,,
routing/routing_moe_20260304_200011,all_samples,expert_mm_only,multimodal,Progressor_label,binary,windows_armdiff_plus_arms_plus_cx,none,-1,,,,5,5,0,,5,True,940,0.8434595670251424,0.09951611493458308,0.7344316991553211,0.09238096066066281,0.7467591048831783,0.07073253308395605,0.6714214410625807,0.2936211685568479,0.8028657892052461,0.14269240171531733,0.7371436151339135,0.091346052289149,,,,,,,,,,,,,,,,,,,,,,,,
fusion/foundation_combo_20260304_200011,all_samples,image_combo_gigapath_uni2_mean,multimodal,Progressor_label,binary,windows_armdiff_plus_arms_plus_cx,none,-1,,,,5,5,0,,5,True,940,0.8256965803154117,0.10153687960260394,0.7582881069435962,0.1029906001550908,0.7142076017823518,0.10376681665084363,0.7358584197304687,0.2337206009938451,0.7309066791566814,0.14079504688076452,0.7333825494435751,0.10464969488758775,0.19373058296314977,0.041140135349886454,0.18493098715069672,0.08684452382064704,0.6110449542685042,0.22023639179654872,0.4660452665473068,0.23129374400838565,0.5494296918069451,0.23761034019827765,0.3778625916932272,0.2060411880994675,,,,,,,,,,,,
fusion/foundation_combo_20260304_200011,all_samples,image_combo_gigapath_uni2_virchow2_mean,multimodal,Progressor_label,binary,windows_armdiff_plus_arms_plus_cx,none,-1,,,,5,5,0,,5,True,940,0.8303911751677404,0.1030397195249938,0.7639726461763762,0.1007826646304419,0.7341364102924773,0.09656846486937447,0.7444922693647557,0.16317225025632054,0.7464684708181837,0.11971966093950502,0.7454803700914696,0.09471880532280195,0.18253076424808215,0.03801810594004321,0.17471860070103762,0.0771294172530041,0.6174657360758352,0.23751151313077598,0.5038112239941153,0.2260538645817847,0.5395280356460628,0.2683950676442254,0.3993193967720796,0.23961342044133735,,,,,,,,,,,,
fusion/foundation_combo_20260304_200011,all_samples,image_combo_gigapath_virchow2_mean,multimodal,Progressor_label,binary,windows_armdiff_plus_arms_plus_cx,none,-1,,,,5,5,0,,5,True,940,0.8264410772007038,0.09924359410255398,0.7563601120421038,0.09053406403967666,0.7300490322072984,0.09253221335856976,0.720731218164911,0.1958843878171336,0.7559177766780907,0.11623106559470472,0.7383244974215007,0.09678119292084729,0.1852460515317212,0.04321882571929345,0.177848651078724,0.061906496214949154,0.608207155348295,0.2333222811330146,0.5132418529930188,0.2304060503154997,0.5050495619058604,0.260797127753704,0.3819260558206409,0.25946476578673205,,,,,,,,,,,,
fusion/foundation_combo_20260304_200011,all_samples,image_combo_uni2_virchow2_mean,multimodal,Progressor_label,binary,windows_armdiff_plus_arms_plus_cx,none,-1,,,,5,5,0,,5,True,940,0.8288541719830566,0.10498033580876501,0.7591755767169941,0.10318113741738331,0.7349730562448755,0.09930454809790396,0.752587143134724,0.12969886447388618,0.7332390690179716,0.1526215874684154,0.7429131060763478,0.09503676347642415,0.18248925704788296,0.0384084556727525,0.17431291279374983,0.06837124434153888,0.6159743792591359,0.23212827500652955,0.45819138526876796,0.22700938207581983,0.5213609800833086,0.2666272579576804,0.44272528887180806,0.2614403699281033,,,,,,,,,,,,
gigapath/runs/multimodal/all_samples/Progressor_label_stage1_all_samples,all_samples,intermediate_abmil_cnv,multimodal,Progressor_label,binary,windows_armdiff_plus_arms_plus_cx,none,-1,,,,5,5,0,,5,True,940,0.8204865108967644,0.08396128006247991,0.7108242475106034,0.06547060813029508,0.7453711996958854,0.08526890440161719,0.6779998195722474,0.18132643899757367,0.7941427793625897,0.12240418608826284,0.7360712994674186,0.07295139166786532,0.1860921898341822,0.051711689134207324,0.1537169596312403,0.09664805310666794,0.5830881077292472,0.17184301081882455,0.3937554995766887,0.1081840170780761,0.487316357712667,0.17005409482133224,0.4035001409805993,0.21151156729826123,,,,,,,,,,,,
uni2/runs/multimodal/all_samples/Progressor_label_stage1_all_samples,all_samples,intermediate_abmil_cnv,multimodal,Progressor_label,binary,windows_armdiff_plus_arms_plus_cx,none,-1,,,,5,5,0,,5,True,940,0.832729786915157,0.09803368206889941,0.7182936099391373,0.08929797286698613,0.7655199237340933,0.09255415016689926,0.6721652197748818,0.1789380469628643,0.8234958061752646,0.06313869134366447,0.7478305129750731,0.09899479163968648,0.16626251721780827,0.045820036771092205,0.12394585628602858,0.06489962187205582,0.5863237324950382,0.2261396497927918,0.38690989715618107,0.16726303159092543,0.6010944464341871,0.2148605706096524,0.4582895222860941,0.2431075386103967,,,,,,,,,,,,
virchow2/runs/multimodal/all_samples/Progressor_label_stage1_all_samples,all_samples,intermediate_abmil_cnv,multimodal,Progressor_label,binary,windows_armdiff_plus_arms_plus_cx,none,-1,,,,5,5,0,,5,True,940,0.8225460987146647,0.08824376914608172,0.7241432428690373,0.08909611420584067,0.7272164932036704,0.0823420059191251,0.7366655216443908,0.1519382549757775,0.7409541995857203,0.1253190941422969,0.7388098606150555,0.07523750130790267,0.19169405226962075,0.04418710823982992,0.17566904414900977,0.08327841983273179,0.5908623926107895,0.17649766870120226,0.4654607153266436,0.15672433500609237,0.48089034472886294,0.22096310832461225,0.4132626894237699,0.24379104573763583,,,,,,,,,,,,
virchow2/runs/late_fusion/all_samples_20260304_200011,all_samples,latefusion_abmil_mean,multimodal,Progressor_label,binary,windows_armdiff_plus_arms_plus_cx,none,-1,,,,5,5,0,,5,True,940,0.8254083865347057,0.1039618218133408,0.7425774099197422,0.0826128186443107,0.770295026412411,0.07890992642092402,0.6268603489195154,0.2492347848350944,0.8578398393754588,0.07046528610156128,0.742350094147487,0.098030602606978,,,,,,,,,,,,,,,,,,,,,,,,
virchow2/runs/late_fusion/all_samples_20260304_200011,all_samples,latefusion_abmil_stack_logit,multimodal,Progressor_label,binary,windows_armdiff_plus_arms_plus_cx,none,-1,,,,5,5,0,,5,True,940,0.8222876374936565,0.09976289426196994,0.7314217862527318,0.07818303083211031,0.7834112794627606,0.08924549940693688,0.559713501547515,0.25316859274560466,0.9133232944628338,0.04966875596907994,0.7365183980051744,0.10514401427841831,,,,,,,,,,,,,,,,,,,,,,,,
virchow2/runs/late_fusion/all_samples_20260304_200011,all_samples,latefusion_pool_mean_mean,multimodal,Progressor_label,binary,windows_armdiff_plus_arms_plus_cx,none,-1,,,,5,5,0,,5,True,940,0.8252329318939852,0.09204281360504035,0.7228520621324155,0.07974065682777402,0.7706508573332085,0.10292572532786734,0.5381704105425323,0.2618978736627194,0.9053624598671594,0.06378874014806322,0.7217664352048458,0.11348231234720722,,,,,,,,,,,,,,,,,,,,,,,,
virchow2/runs/late_fusion/all_samples_20260304_200011,all_samples,latefusion_pool_mean_stack_logit,multimodal,Progressor_label,binary,windows_armdiff_plus_arms_plus_cx,none,-1,,,,5,5,0,,5,True,940,0.8244669885323315,0.09132300204425643,0.7195329966826157,0.08201991379629318,0.7565162437654561,0.1014657725560167,0.5142320543781487,0.27178115154795585,0.8994063805809477,0.09489984598518075,0.7068192174795482,0.10895150921197665,,,,,,,,,,,,,,,,,,,,,,,,
routing/routing_moe_20260304_200011,all_samples,routing_k2_hard,multimodal,Progressor_label,binary,windows_armdiff_plus_arms_plus_cx,none,-1,,,,5,5,0,,5,True,940,0.8145080718716089,0.09784291144500608,0.7109447558079897,0.10852966639352192,0.7048885732102871,0.09414649510751372,0.7311954900001387,0.1622427753984609,0.7070694491411438,0.12150757816282469,0.7191324695706413,0.08678906332238681,,,,,,,,,,,,,,,,,,,,,,,,
routing/routing_moe_20260304_200011,all_samples,routing_k2_soft,multimodal,Progressor_label,binary,windows_armdiff_plus_arms_plus_cx,none,-1,,,,5,5,0,,5,True,940,0.8423375481341882,0.09698026492058913,0.7435717511334958,0.08158060637045134,0.7447421443027685,0.08746002926018002,0.7234836261814548,0.22682821069985454,0.7795035308194402,0.10440868991343587,0.7514935785004475,0.09305242502775551,,,,,,,,,,,,,,,,,,,,,,,,
routing/routing_moe_20260304_200011,all_samples,routing_k3_hard,multimodal,Progressor_label,binary,windows_armdiff_plus_arms_plus_cx,none,-1,,,,5,5,0,,5,True,940,0.803180667919371,0.12325370765174824,0.7031781970979101,0.12501801545923533,0.691436796411703,0.11373737261582807,0.7436075661684085,0.18647142302229194,0.6840033828810705,0.13125098708307326,0.7138054745247394,0.10793487621696264,,,,,,,,,,,,,,,,,,,,,,,,
routing/routing_moe_20260304_200011,all_samples,routing_k3_soft,multimodal,Progressor_label,binary,windows_armdiff_plus_arms_plus_cx,none,-1,,,,5,5,0,,5,True,940,0.8242476883066148,0.13030531839176995,0.7271916875314154,0.10300270036322665,0.7529039252024429,0.09880901314161751,0.6901479334082803,0.21952439743539495,0.8016353313428718,0.08204891985697979,0.745891632375576,0.10965983079726789,,,,,,,,,,,,,,,,,,,,,,,,
routing/routing_moe_20260304_200011,all_samples,routing_k4_hard,multimodal,Progressor_label,binary,windows_armdiff_plus_arms_plus_cx,none,-1,,,,5,5,0,,5,True,940,0.8186369485481535,0.12434874992549437,0.7386149473411239,0.12125914553744639,0.6919903413386062,0.10486967676724379,0.7917047993782182,0.14075731824735496,0.6548324339802517,0.1471146942613731,0.7232686166792348,0.09137244999142871,,,,,,,,,,,,,,,,,,,,,,,,
routing/routing_moe_20260304_200011,all_samples,routing_k4_soft,multimodal,Progressor_label,binary,windows_armdiff_plus_arms_plus_cx,none,-1,,,,5,5,0,,5,True,940,0.8259156494134245,0.12732484430723054,0.7279863444764298,0.09819843615325799,0.707701842988104,0.11290246862844135,0.7667303021470903,0.2029636870004834,0.6961162923226907,0.12487450975475603,0.7314232972348904,0.11239440540467734,,,,,,,,,,,,,,,,,,,,,,,,
routing/routing_moe_20260304_200011,all_samples,routing_k5_hard,multimodal,Progressor_label,binary,windows_armdiff_plus_arms_plus_cx,none,-1,,,,5,5,0,,5,True,940,0.8174038795347291,0.11579970196064064,0.7206966636464684,0.09759112296934108,0.6670222679492415,0.08146383204395469,0.8298611920722822,0.1567078752023613,0.595754817118882,0.10762576639090367,0.7128080045955822,0.08137251330114566,,,,,,,,,,,,,,,,,,,,,,,,
routing/routing_moe_20260304_200011,all_samples,routing_k5_soft,multimodal,Progressor_label,binary,windows_armdiff_plus_arms_plus_cx,none,-1,,,,5,5,0,,5,True,940,0.8241907368839605,0.11529547291333968,0.7163617560479911,0.08787283129275536,0.7009849939983122,0.09973701350632244,0.8120328135626155,0.15955615853670327,0.6564733873976598,0.11382624782947931,0.7342531004801376,0.09986913937268661,,,,,,,,,,,,,,,,,,,,,,,,
routing/routing_moe_20260304_200011,all_samples,routing_k6_hard,multimodal,Progressor_label,binary,windows_armdiff_plus_arms_plus_cx,none,-1,,,,5,5,0,,5,True,940,0.8303574665441612,0.10801015049301713,0.7458924469022994,0.11696881182103377,0.6794488824306505,0.07021295851848999,0.8306945254056155,0.14612295564679395,0.615944519015901,0.1004941189139155,0.7233195222107583,0.06251857662774123,,,,,,,,,,,,,,,,,,,,,,,,
routing/routing_moe_20260304_200011,all_samples,routing_k6_soft,multimodal,Progressor_label,binary,windows_armdiff_plus_arms_plus_cx,none,-1,,,,5,5,0,,5,True,940,0.829244039468793,0.10194617278295408,0.7258258006694661,0.08385369162914472,0.7052739616849688,0.08759144559961358,0.8098866948411543,0.16533464248812216,0.667727798119865,0.1055683467617179,0.7388072464805095,0.08414829400082476,,,,,,,,,,,,,,,,,,,,,,,,
cnv_anchor/runs/cnv/exclude_hgd_imc/Progressor_label_stage2_exclusions,exclude_hgd_imc,cnv_elasticnet_logreg,cnv,Progressor_label,binary,windows_armdiff_plus_arms_plus_cx,none,-1,,,,5,5,0,,5,True,820,0.5798783734269174,0.08400098863180573,0.3853831221030391,0.13591201677715833,0.6257708173760805,0.06976149527735027,0.39704907161803715,0.14779523088426358,0.7072508333983805,0.08397778859131427,0.5521499525082088,0.08392055511823261,0.2535625598691046,0.038071659505399875,0.23963496524151315,0.04997735518202866,0.2723950044208665,0.12462047381985543,0.16961727927245168,0.10322488552787915,0.08528697718590014,0.060668170606832106,0.0628203035154831,0.057162565456091885,,,,,,,,,,,,
cnv_anchor/runs/cnv/exclude_hgd_imc/Progressor_label_stage2_exclusions,exclude_hgd_imc,cnv_linear_svm_calibrated,cnv,Progressor_label,binary,windows_armdiff_plus_arms_plus_cx,none,-1,,,,5,5,0,,5,True,820,0.5780445986357259,0.05743830201896609,0.38195584002201466,0.11850767478164398,0.7659564371143318,0.08940221636722347,0.04002020967538209,0.044955195254428745,0.994836853660383,0.007588441379005276,0.5174285316678826,0.019707783341703238,0.1817828741743162,0.05535841121152094,0.12218825890633486,0.05375110931420477,0.2564243084501705,0.11630591825180055,0.16824917898193759,0.10757387410006658,0.10314488823950885,0.0947078059011141,0.053026847680796706,0.05647947694886206,,,,,,,,,,,,
cnv_anchor/runs/cnv/exclude_hgd_imc/Progressor_label_stage2_exclusions,exclude_hgd_imc,cnv_mlp,cnv,Progressor_label,binary,windows_armdiff_plus_arms_plus_cx,none,-1,,,,5,5,0,,5,True,820,0.5528933774224044,0.08872341104511884,0.375248409066639,0.08158938576965231,0.6363789818526662,0.11885858811486259,0.3880554502968296,0.10652065744599014,0.7083785147049285,0.16161924700098299,0.5482169825008791,0.07811588653729862,0.2320707892760545,0.03504407401572518,0.2064952082095574,0.036977228508781865,0.23787577365163576,0.11200515321023484,0.17289029935581662,0.11313749206015447,0.12111395340319075,0.10569796306251147,0.07759172109851822,0.07804882477918741,,,,,,,,,,,,
cnv_anchor/runs/cnv/exclude_hgd_imc/Progressor_label_stage2_exclusions,exclude_hgd_imc,cnv_pca_logreg,cnv,Progressor_label,binary,windows_armdiff_plus_arms_plus_cx,none,-1,,,,5,5,0,,5,True,820,0.5920896003210663,0.09655414365057123,0.40246127346121785,0.14822676301612175,0.6423258131152868,0.0782536358131594,0.4142625047366426,0.18587931896192392,0.7237183208558632,0.0878214779935698,0.5689904127962528,0.09393904052473087,0.24211814421845448,0.0353447861584277,0.23674219860798287,0.04643583872236857,0.2943089238347859,0.13161979648970223,0.16914203612479475,0.09806194635824539,0.0832526475885121,0.0572907455542119,0.054575527518148405,0.06598733123390825,,,,,,,,,,,,
cnv_anchor/runs/cnv/exclude_hgd_imc/Progressor_label_stage2_exclusions,exclude_hgd_imc,cnv_random_forest,cnv,Progressor_label,binary,windows_armdiff_plus_arms_plus_cx,none,-1,,,,5,5,0,,5,True,820,0.6817695467074955,0.10896211507255574,0.4024425232108781,0.15662619095098929,0.7389845086160876,0.08289710817444916,0.06291761399520021,0.08828995524386261,0.9606819100373641,0.03346272629846044,0.5117997620162822,0.041942247194246024,0.17874292646889672,0.04749373262803323,0.1339365210366048,0.045650257743554475,0.2627024125299987,0.22838038838383282,0.13874178981937602,0.13255457749752783,0.3301684303424634,0.12178808805562565,0.21434679882997684,0.14060276094608365,,,,,,,,,,,,
cnv_anchor/runs/cnv/exclude_hgd_imc/Progressor_label_stage2_exclusions,exclude_hgd_imc,cnv_temporal_delta_logreg,cnv,Progressor_label,binary,windows_armdiff_plus_arms_plus_cx,none,-1,,,,5,5,0,,5,True,820,0.5292121187292353,0.08705766313280237,0.3545446131053874,0.1564362766026859,0.6282797285692022,0.02121524573594423,0.3447595364405709,0.16550705650744482,0.7333752676333091,0.09236070156494776,0.5390674020369399,0.06972603010332445,0.26753799112899096,0.019821614149709017,0.25973563658367693,0.03489026416198722,0.20759536440570922,0.12233208126671719,0.13868131868131867,0.13443169795583187,0.04495772604480054,0.03947897927369608,0.028732033474961515,0.01948272082693455,,,,,,,,,,,,
cnv_anchor/runs/cnv/exclude_hgd_imc/Progressor_label_stage2_exclusions,exclude_hgd_imc,cnv_xgboost,cnv,Progressor_label,binary,windows_armdiff_plus_arms_plus_cx,none,-1,,,,5,5,0,,5,True,820,0.6775580477392154,0.10853628008054679,0.40234160893471616,0.14212786890954407,0.7447479898006215,0.07620790228142381,0.24179881899709485,0.13497411248159216,0.9104515672127784,0.03115781065811631,0.5761251931049367,0.061289933400036446,0.20559165867278498,0.08045659704091816,0.18033504344106527,0.09591253921544159,0.2535431666035114,0.160791180014807,0.13822896930655554,0.08402144528465129,0.35162499662898744,0.15802267309798831,0.2762466370844325,0.17428375811036964,,,,,,,,,,,,
cnv_anchor/runs/late_fusion/exclude_hgd_imc_20260304_200011,exclude_hgd_imc,latefusion_cnv_only,cnv,Progressor_label,binary,windows_armdiff_plus_arms_plus_cx,none,-1,,,,5,5,0,,5,True,820,0.6817695467074955,0.10896211507255574,0.4024425232108781,0.15662619095098929,0.7389845086160876,0.08289710817444916,0.06291761399520021,0.08828995524386261,0.9606819100373641,0.03346272629846046,0.5117997620162822,0.041942247194246,,,,,,,,,,,,,,,,,,,,,,,,
gigapath/runs/image/exclude_hgd_imc/Progressor_label_stage2_exclusions,exclude_hgd_imc,abmil,image,Progressor_label,binary,NA,none,-1,,,,5,5,0,,5,True,820,0.7154015395949587,0.10849312023182638,0.495374712189572,0.0988464326826325,0.7097076183655131,0.11943039042130937,0.5615381457622837,0.1595739342908929,0.7345952618810484,0.1749143205464871,0.6480667038216661,0.07460115581693985,0.18488904671878872,0.052911719592915504,0.15887487515700954,0.060895850801755365,0.39737495263357336,0.16058806892504227,0.21523746368573954,0.13193328014423134,0.31344051532721995,0.22713638404942985,0.23205730473174171,0.1535038711901359,,,,,,,,,,,,
uni2/runs/image/exclude_hgd_imc/Progressor_label_stage2_exclusions,exclude_hgd_imc,abmil,image,Progressor_label,binary,NA,none,-1,,,,5,5,0,,5,True,820,0.736136407653295,0.10414955312880371,0.5233225826354538,0.1202300964858263,0.671728025412236,0.17690743891388466,0.6772937981558671,0.1982044978611934,0.6359176299546924,0.31426080419032065,0.6566057140552797,0.09935937570239026,0.20756511598033617,0.07713416943802288,0.20713018417527057,0.10019969239235772,0.40578517746621195,0.1865612375758871,0.2864003094606543,0.21857522776240695,0.3414650394333658,0.2331697827315838,0.2468198883238124,0.149130664437802,,,,,,,,,,,,
virchow2/runs/image/exclude_hgd_imc/Progressor_label_stage2_exclusions,exclude_hgd_imc,abmil,image,Progressor_label,binary,NA,none,-1,,,,5,5,0,,5,True,820,0.7014386419244055,0.13576104485566673,0.48349514142401323,0.14426971739879713,0.7146169844854057,0.09827646781284172,0.4877668308702791,0.20641102751602022,0.789764712228852,0.10072485325200992,0.6387657715495655,0.09982816152738665,0.19835791886916626,0.05266676888901609,0.19703053589211988,0.04690006996603426,0.37928776683087023,0.21015431011075603,0.311835291145636,0.20454642486083602,0.3322254060981863,0.24681075335105068,0.1856521102807534,0.08428013443199495,,,,,,,,,,,,
gigapath/runs/image/exclude_hgd_imc/Progressor_label_stage2_exclusions,exclude_hgd_imc,abmil_nogate,image,Progressor_label,binary,NA,none,-1,,,,5,5,0,,5,True,820,0.7070416929141052,0.11221376136423605,0.45816119399170907,0.12920745693678543,0.742410569752675,0.08327903486602435,0.4177584628015662,0.225209581963482,0.8514019002383065,0.04972526923339954,0.6345801815199363,0.09658859597204517,0.18506857520031036,0.043354364432961465,0.15734132822810662,0.02576544146825494,0.34717790829859796,0.1807869833838147,0.1864186244789693,0.1450613644101271,0.3397814414295531,0.24074723994964653,0.2626385120579774,0.17694957490172206,,,,,,,,,,,,
uni2/runs/image/exclude_hgd_imc/Progressor_label_stage2_exclusions,exclude_hgd_imc,abmil_nogate,image,Progressor_label,binary,NA,none,-1,,,,5,5,0,,5,True,820,0.7333687015330987,0.10498379871656305,0.4863964591755493,0.15749279581512354,0.7293910679173836,0.10219407680086715,0.5751990968801313,0.10498204348920298,0.7624035090034762,0.1492993821204088,0.6688013029418037,0.06823711417749122,0.18648309516805348,0.05815759719407234,0.1620987657274262,0.05901063857802259,0.3777740937223696,0.18236425684363666,0.23880683971201214,0.19882515137040052,0.3111579023775739,0.23484763668531744,0.2539816274029929,0.16495658088037476,,,,,,,,,,,,
virchow2/runs/image/exclude_hgd_imc/Progressor_label_stage2_exclusions,exclude_hgd_imc,abmil_nogate,image,Progressor_label,binary,NA,none,-1,,,,5,5,0,,5,True,820,0.718918938620021,0.13168954775326733,0.4978087727217407,0.15795899852293593,0.6800137323558377,0.09771666777562076,0.6732864405709234,0.20735458597441458,0.6744292825178471,0.10612719242876248,0.6738578615443853,0.12239815254103352,0.2141246514979276,0.04592653004536059,0.2235062905678406,0.030543311818591705,0.38475574712643673,0.20502877102620456,0.2667053492484527,0.1496150452810888,0.3489624197113634,0.25930489820037905,0.18253006754474005,0.08814477135931108,,,,,,,,,,,,
virchow2/runs/late_fusion/exclude_hgd_imc_20260304_200011,exclude_hgd_imc,latefusion_abmil_img_only,image,Progressor_label,binary,windows_armdiff_plus_arms_plus_cx,none,-1,,,,5,5,0,,5,True,820,0.7014386419244055,0.13576104485566673,0.48349514142401323,0.14426971739879713,0.7146169844854057,0.09827646781284172,0.4877668308702791,0.20641102751602022,0.789764712228852,0.10072485325200992,0.6387657715495655,0.09982816152738665,,,,,,,,,,,,,,,,,,,,,,,,
virchow2/runs/late_fusion/exclude_hgd_imc_20260304_200011,exclude_hgd_imc,latefusion_pool_mean_img_only,image,Progressor_label,binary,windows_armdiff_plus_arms_plus_cx,none,-1,,,,5,5,0,,5,True,820,0.6844447033953477,0.12451640202256165,0.4388273236536243,0.1426803627480625,0.6371791721791722,0.09466555944353038,0.6262403688265757,0.20433735437771317,0.6338755502773991,0.12767560504824277,0.6300579595519873,0.10719314021799164,,,,,,,,,,,,,,,,,,,,,,,,
gigapath/runs/image/exclude_hgd_imc/Progressor_label_stage2_exclusions,exclude_hgd_imc,pool_mean,image,Progressor_label,binary,NA,none,-1,,,,5,5,0,,5,True,820,0.7003530129013165,0.10226361321014953,0.47337134810626946,0.08619399295398653,0.6639054551422973,0.11780933309360786,0.5526425729442972,0.1354511162224676,0.699265664298627,0.14675391626817322,0.625954118621462,0.08094194897470489,0.2092050716270537,0.047614010651468294,0.20275560737918186,0.06889680238873845,0.37726237842617155,0.14699326044202035,0.23261210054313503,0.12179610905483321,0.29879765260179425,0.2000478647741108,0.2392578228860919,0.16519127827287114,,,,,,,,,,,,
uni2/runs/image/exclude_hgd_imc/Progressor_label_stage2_exclusions,exclude_hgd_imc,pool_mean,image,Progressor_label,binary,NA,none,-1,,,,5,5,0,,5,True,820,0.7273264457278023,0.10189011921233719,0.4955932502344348,0.09738057141959365,0.6912854433380748,0.1044293066805458,0.5850071049640014,0.13603175650891486,0.7249560076646542,0.13374835940105265,0.6549815563143279,0.0731316937106027,0.19585485350725781,0.04836015066362139,0.1778495665837422,0.06634120397255187,0.41563960464822536,0.13034494046482334,0.20999115826702033,0.09339428127408363,0.31326043847541146,0.21276531412527191,0.28284104367868534,0.22275239320591933,,,,,,,,,,,,
virchow2/runs/image/exclude_hgd_imc/Progressor_label_stage2_exclusions,exclude_hgd_imc,pool_mean,image,Progressor_label,binary,NA,none,-1,,,,5,5,0,,5,True,820,0.6844447033953477,0.12451640202256165,0.4388273236536243,0.1426803627480625,0.6371791721791722,0.09466555944353038,0.6262403688265757,0.2043373543777132,0.6338755502773991,0.12767560504824274,0.6300579595519873,0.10719314021799164,0.23990731482791236,0.055593751635358415,0.25115334042261944,0.07105889804273136,0.32490684602753567,0.18693398442172998,0.16962738411014272,0.13178808669955602,0.2832537036997359,0.18036494843843692,0.21061402481712546,0.14447376550415136,,,,,,,,,,,,
gigapath/runs/image/exclude_hgd_imc/Progressor_label_stage2_exclusions,exclude_hgd_imc,set_transformer_lite,image,Progressor_label,binary,NA,none,-1,,,,5,5,0,,5,True,820,0.7165912926610117,0.1069526743002787,0.5167008826477231,0.10677510606879533,0.6585458822827245,0.13690436090845437,0.6421142793987622,0.26034421698304766,0.6744521551148814,0.2179177336382647,0.6582832172568217,0.08886342388222916,0.22137257983683373,0.052298568990913064,0.23424965754948582,0.10392196054477826,0.3824985790071997,0.13848336010768572,0.2776743084501705,0.163133909888189,0.3026344963717644,0.21232422861401137,0.2331929790842356,0.145412325495124,,,,,,,,,,,,
uni2/runs/image/exclude_hgd_imc/Progressor_label_stage2_exclusions,exclude_hgd_imc,set_transformer_lite,image,Progressor_label,binary,NA,none,-1,,,,5,5,0,,5,True,820,0.7382712593640017,0.09438305665100123,0.5055387123920263,0.11873842559644328,0.7055048344258871,0.1447953037416281,0.5445703865100416,0.21249315573252525,0.7634204531127253,0.2197261286736604,0.6539954198113835,0.06236972998756085,0.1863648590181884,0.05372748274645091,0.16350242316428304,0.10718485204034335,0.3988785209043829,0.1533150360014861,0.24229695591764555,0.1044103437221329,0.318514496717974,0.24893532946202926,0.25707427305622965,0.1934864131300843,,,,,,,,,,,,
virchow2/runs/image/exclude_hgd_imc/Progressor_label_stage2_exclusions,exclude_hgd_imc,set_transformer_lite,image,Progressor_label,binary,NA,none,-1,,,,5,5,0,,5,True,820,0.712122227372333,0.11792422371662933,0.4801594823375595,0.13474871426382715,0.6147920964763071,0.12511892108987188,0.6394630226095743,0.22840466476087287,0.6219114163999373,0.18318536912256392,0.6306872195047558,0.07545486801029054,0.2584294058564425,0.09619440658060882,0.2791956272472379,0.12635425862316274,0.3458271756978653,0.18633939203016864,0.2634406972338007,0.11527604821371991,0.3352313208702558,0.22587454624354633,0.2598461581918123,0.16785233221887977,,,,,,,,,,,,
fusion/foundation_combo_20260304_200011,exclude_hgd_imc,cnv_plus_image_combo_gigapath_mean,multimodal,Progressor_label,binary,windows_armdiff_plus_arms_plus_cx,none,-1,,,,5,5,0,,5,True,820,0.7436686755697941,0.1135335740219569,0.5391923264426962,0.17999236882692285,0.7733532811427548,0.10731216044399396,0.4294803902993558,0.33765642837989795,0.9003853486887238,0.0633030968366855,0.6649328694940398,0.14400840628767944,0.1738786788668923,0.03824758319327616,0.16676699687144803,0.04760678200107947,0.40679613489958316,0.20718497354178028,0.29068602374636854,0.21135477558231916,0.35501540651617836,0.2232845756900484,0.23649668769821391,0.10918454420674248,,,,,,,,,,,,
fusion/foundation_combo_20260304_200011,exclude_hgd_imc,cnv_plus_image_combo_gigapath_uni2_mean,multimodal,Progressor_label,binary,windows_armdiff_plus_arms_plus_cx,none,-1,,,,5,5,0,,5,True,820,0.755332572172118,0.11189673784886517,0.5548798026105517,0.1727626016020487,0.7917547606494976,0.11018784258981214,0.38108295440191997,0.2872933680914543,0.9393802755950915,0.05484918746835899,0.6602316149985057,0.12562705547820818,0.1665762319236717,0.04014521527225041,0.14915762812994132,0.052628528171383644,0.42651683087027914,0.2012088932339086,0.3031026588354174,0.26430905347613864,0.36075327987090494,0.23746990108029883,0.25630129482095126,0.14035413973662342,,,,,,,,,,,,
fusion/foundation_combo_20260304_200011,exclude_hgd_imc,cnv_plus_image_combo_gigapath_uni2_virchow2_mean,multimodal,Progressor_label,binary,windows_armdiff_plus_arms_plus_cx,none,-1,,,,5,5,0,,5,True,820,0.7533580035989039,0.12325608787025451,0.5545112315199897,0.18430305686365267,0.7952664156611525,0.1041839762862345,0.37807187065807757,0.26249439098368754,0.9417482807677773,0.041368856936402465,0.6599100757129275,0.12245170516680637,0.16647147603991255,0.038361865123773035,0.1492725770522264,0.055743364732500855,0.4669417077175698,0.19230561832497972,0.30567039282556524,0.2516285162685682,0.3533971497086496,0.2603991479848243,0.23177784067170332,0.11165723358076837,,,,,,,,,,,,
fusion/foundation_combo_20260304_200011,exclude_hgd_imc,cnv_plus_image_combo_gigapath_virchow2_mean,multimodal,Progressor_label,binary,windows_armdiff_plus_arms_plus_cx,none,-1,,,,5,5,0,,5,True,820,0.7459026411286418,0.1313736284895823,0.5477598493605225,0.19381035447520634,0.7911495919916972,0.09209800566423582,0.41872015915119365,0.27001856681906145,0.9202987921102638,0.039250667066729236,0.6695094756307287,0.121373524557359,0.17024460105826736,0.036861794807012405,0.1527140795390596,0.05457391206346897,0.45742705570291775,0.2459926162513009,0.3185275356827081,0.24203000872620212,0.3294216196627503,0.2576934692382858,0.2114308825498002,0.10269063357807923,,,,,,,,,,,,
fusion/foundation_combo_20260304_200011,exclude_hgd_imc,cnv_plus_image_combo_uni2_mean,multimodal,Progressor_label,binary,windows_armdiff_plus_arms_plus_cx,none,-1,,,,5,5,0,,5,True,820,0.7581235318419621,0.10713625895142145,0.5384038113371282,0.1725748168559003,0.7787678431099483,0.1001538916718115,0.2909803271441202,0.22664950869644385,0.9500699568730079,0.056192052335452596,0.6205251420085641,0.09313338308979956,0.16301438872298596,0.039727571086582335,0.13059566085933666,0.05218313251128282,0.43700944170771755,0.17888753099377538,0.31464206770241254,0.22574698167652132,0.34888798469171106,0.21555978001020165,0.2962196198992252,0.16702388129086584,,,,,,,,,,,,
fusion/foundation_combo_20260304_200011,exclude_hgd_imc,cnv_plus_image_combo_uni2_virchow2_mean,multimodal,Progressor_label,binary,windows_armdiff_plus_arms_plus_cx,none,-1,,,,5,5,0,,5,True,820,0.7538628403336669,0.12580176041755073,0.5486591649726792,0.19449464101353012,0.7923912917333971,0.0875614719000104,0.33927418845522295,0.19837249639053822,0.9453544934876332,0.033662387824682366,0.6423143409714281,0.09220914361682665,0.16476967100042753,0.03812402529655655,0.1361882487133182,0.048934296923675,0.46537766830870275,0.17082786118940552,0.33887741568776053,0.2301237090737934,0.3648462338898598,0.2477140250377489,0.2469617617604559,0.09341212889314619,,,,,,,,,,,,
fusion/foundation_combo_20260304_200011,exclude_hgd_imc,cnv_plus_image_combo_virchow2_mean,multimodal,Progressor_label,binary,windows_armdiff_plus_arms_plus_cx,none,-1,,,,5,5,0,,5,True,820,0.7408763430376653,0.14005991415683547,0.5318311260071446,0.19236529797330573,0.7831559384190963,0.09214444349388658,0.4122355374510547,0.22438702308162162,0.8994926991970755,0.0591706968347861,0.6558641183240652,0.11826277863695615,0.17122566398037523,0.03771210021169805,0.15841967840195834,0.046573058093745,0.4398263231021852,0.23173942006480588,0.29417408740684603,0.20217517320304598,0.3889321622801871,0.2689605240053257,0.1940246142601077,0.0863849007413822,,,,,,,,,,,,
gigapath/runs/multimodal/exclude_hgd_imc/Progressor_label_stage2_exclusions,exclude_hgd_imc,coattn_abmil_cnv,multimodal,Progressor_label,binary,windows_armdiff_plus_arms_plus_cx,none,-1,,,,5,5,0,,5,True,820,0.7052495528070695,0.13444366052394563,0.4590469709673015,0.18601044380823342,0.6950722444932972,0.11943251133749173,0.5070364405709233,0.3323628857048479,0.7614272815953175,0.18989353656943905,0.6342318610831205,0.11872195573110059,0.21883629688390674,0.07492783026700864,0.21989426467813863,0.10381550508320056,0.35663777314639383,0.23626000308966125,0.1899341606669193,0.12308226043870697,0.34411915649947583,0.1982112564573946,0.24389314403602763,0.15833896199972192,,,,,,,,,,,,
uni2/runs/multimodal/exclude_hgd_imc/Progressor_label_stage2_exclusions,exclude_hgd_imc,coattn_abmil_cnv,multimodal,Progressor_label,binary,windows_armdiff_plus_arms_plus_cx,none,-1,,,,5,5,0,,5,True,820,0.7221850715194966,0.1141657596404487,0.47926084386998646,0.1740841463789465,0.6921227871227871,0.08748001060850694,0.6024540545661236,0.2576152495049732,0.7356172166280968,0.14492337684835152,0.6690356355971101,0.09798177461986061,0.21895007578212108,0.05789346359706321,0.21897143401918218,0.07655298219864078,0.3410213780472401,0.19968689291255942,0.20091211948970572,0.16357540199412332,0.32824561981274286,0.24785849141615954,0.1948416381420015,0.10525693606812979,,,,,,,,,,,,
virchow2/runs/multimodal/exclude_hgd_imc/Progressor_label_stage2_exclusions,exclude_hgd_imc,coattn_abmil_cnv,multimodal,Progressor_label,binary,windows_armdiff_plus_arms_plus_cx,none,-1,,,,5,5,0,,5,True,820,0.6874850584016381,0.15765370720113472,0.4515753239479471,0.2100682341625884,0.6709260395839343,0.11080456088096419,0.517532840722496,0.3225540382777962,0.7326288544855906,0.17170720081358695,0.6250808476040433,0.11692305490757189,0.2237141854692591,0.07751832904587169,0.2306341069670125,0.09906989592926532,0.36589601490463564,0.22764789460198628,0.18293135025893648,0.22570347315465134,0.3170084759821989,0.24253489241856763,0.1956530889197125,0.08887463756611835,,,,,,,,,,,,
gigapath/runs/multimodal/exclude_hgd_imc/Progressor_label_stage2_exclusions,exclude_hgd_imc,early_max_mlp,multimodal,Progressor_label,binary,windows_armdiff_plus_arms_plus_cx,none,-1,,,,5,5,0,,5,True,820,0.6532041813298011,0.16156781714416635,0.41113374042154166,0.19287066884558754,0.5110259543680596,0.31935813461514667,0.5863812050018946,0.3802919130967556,0.539930893316021,0.49605959165750046,0.5631560491589578,0.07444547619361337,0.2302146068068144,0.07805332227727463,0.21821622931976842,0.16527428031937033,0.28940413035240625,0.17040953996914462,0.18541950865226725,0.13333772555597637,0.28840163129637114,0.15237220861378273,0.24112359137443345,0.13556611585142997,,,,,,,,,,,,
uni2/runs/multimodal/exclude_hgd_imc/Progressor_label_stage2_exclusions,exclude_hgd_imc,early_max_mlp,multimodal,Progressor_label,binary,windows_armdiff_plus_arms_plus_cx,none,-1,,,,5,5,0,,5,True,820,0.650383374657226,0.16083125019553327,0.40402403130154624,0.1971652310614799,0.6809351729351729,0.12613791063155103,0.3505395035998484,0.3901264628038574,0.8072934814534778,0.23974752862294327,0.5789164925266631,0.09249640954289218,0.2075228329402718,0.03619235847123201,0.1805128560525955,0.12361541650149041,0.2718280282935456,0.2037163637758586,0.1571447517999242,0.1373873510062287,0.2513426346056274,0.1546148224144114,0.21087622218472785,0.12383631843415546,,,,,,,,,,,,
virchow2/runs/multimodal/exclude_hgd_imc/Progressor_label_stage2_exclusions,exclude_hgd_imc,early_max_mlp,multimodal,Progressor_label,binary,windows_armdiff_plus_arms_plus_cx,none,-1,,,,5,5,0,,5,True,820,0.6412658389853626,0.17232837436170143,0.41242790608170876,0.18030825112660223,0.51466408532198,0.2520052597719555,0.5784890109890111,0.45603298758820837,0.539995918712956,0.417427407996956,0.5592424648509835,0.09731029694758125,0.2592286918221133,0.06352005738446244,0.2895272837458434,0.12224540211792281,0.32360474295819125,0.188798481834617,0.1670770178097764,0.14442910475864204,0.27277786590287906,0.18649460626835568,0.1894819262014994,0.12402870032264206,,,,,,,,,,,,
gigapath/runs/multimodal/exclude_hgd_imc/Progressor_label_stage2_exclusions,exclude_hgd_imc,early_mean_mlp,multimodal,Progressor_label,binary,windows_armdiff_plus_arms_plus_cx,none,-1,,,,5,5,0,,5,True,820,0.712179600344319,0.1396454509708578,0.46420961773715064,0.18653995114214408,0.681625071704019,0.11556138086417084,0.5752764620437034,0.3240457772729443,0.7202791789309144,0.1755471412525805,0.6477778204873088,0.11154890742220258,0.21375663867912326,0.045753068572988984,0.22422115534017767,0.07610155785975772,0.3703070923329544,0.1888658057289189,0.2359305923961096,0.13932911637642287,0.34403325288942443,0.18100311277153858,0.24411097718898303,0.1835607745640218,,,,,,,,,,,,
uni2/runs/multimodal/exclude_hgd_imc/Progressor_label_stage2_exclusions,exclude_hgd_imc,early_mean_mlp,multimodal,Progressor_label,binary,windows_armdiff_plus_arms_plus_cx,none,-1,,,,5,5,0,,5,True,820,0.7291841240000722,0.14224820214243214,0.48885463405075386,0.20106755419026923,0.7031799348115138,0.1277008720801578,0.5766014588859416,0.2689400094083497,0.740559771133132,0.1459955647089347,0.6585806150095368,0.14058936726417115,0.19663381880941017,0.06800155632936915,0.18396645407901543,0.08416296403098933,0.41938407856511306,0.2524386908797586,0.2474616331943918,0.16349430421108288,0.3647342770877934,0.2687355336648449,0.26296950359307675,0.21626466584563622,,,,,,,,,,,,
virchow2/runs/multimodal/exclude_hgd_imc/Progressor_label_stage2_exclusions,exclude_hgd_imc,early_mean_mlp,multimodal,Progressor_label,binary,windows_armdiff_plus_arms_plus_cx,none,-1,,,,5,5,0,,5,True,820,0.6970751381481237,0.14681162918472765,0.4563761853060053,0.20455314825319856,0.6022723194302142,0.132297061209461,0.7022636415308828,0.1630789477717647,0.5834057624140548,0.16785590815318233,0.6428347019724688,0.1066713468326669,0.25294538314747866,0.07619501796368526,0.2698456813009454,0.09568969256806556,0.3160040103574586,0.19258594795181652,0.22850843122394843,0.1579670607655129,0.32048265733942866,0.22500322790069094,0.2039028570781265,0.12192115041955885,,,,,,,,,,,,
virchow2/runs/multimodal/exclude_hgd_imc/Progressor_label_stage2_exclusions,exclude_hgd_imc,early_mean_mlp_timev1,multimodal,Progressor_label,binary,windows_armdiff_plus_arms_plus_cx,none,-1,,,,5,5,0,,5,True,820,0.7349498083723619,0.12547814942776292,0.4614207711388169,0.21575956638109384,0.7076758232284547,0.09238326897645385,0.558407224958949,0.18126964757181538,0.752459612015011,0.11389801150570818,0.6554334184869801,0.09981222491551624,0.18429715554066706,0.05568040852076357,0.16707025063016892,0.0961973718254083,0.25381252368321333,0.2566877920582045,0.1829671908551219,0.23438113433491878,0.4480933986954021,0.27223215091941116,0.31601207953924343,0.23127279345368057,,,,,,,,,,,,
routing/routing_moe_20260304_200011,exclude_hgd_imc,ensemble_all3_mean,multimodal,Progressor_label,binary,windows_armdiff_plus_arms_plus_cx,none,-1,,,,5,5,0,,5,True,820,0.7798558474540739,0.11215585765979738,0.5432485215744816,0.16785801062867603,0.7985112438533492,0.08099841623067178,0.44193381331312365,0.2378629181290197,0.9144110958373242,0.04694193945119147,0.6781724545752239,0.11060464378629485,,,,,,,,,,,,,,,,,,,,,,,,
routing/routing_moe_20260304_200011,exclude_hgd_imc,ensemble_all3_stack_logit,multimodal,Progressor_label,binary,windows_armdiff_plus_arms_plus_cx,none,-1,,,,5,5,0,,5,True,820,0.7768894317489837,0.11276963653261772,0.5320533791960933,0.17212929418774073,0.7761498323866746,0.0956260509907287,0.2766123531640773,0.2556865041605428,0.9423655564479227,0.05947070402168404,0.6094889548060001,0.106044711489365,,,,,,,,,,,,,,,,,,,,,,,,
routing/routing_moe_20260304_200011,exclude_hgd_imc,ensemble_available_mean,multimodal,Progressor_label,binary,windows_armdiff_plus_arms_plus_cx,none,-1,,,,5,5,0,,5,True,820,0.7798558474540739,0.11215585765979738,0.5432485215744816,0.16785801062867603,0.7985112438533492,0.08099841623067178,0.44193381331312365,0.2378629181290197,0.9144110958373242,0.04694193945119147,0.6781724545752239,0.11060464378629485,,,,,,,,,,,,,,,,,,,,,,,,
routing/routing_moe_20260304_200011,exclude_hgd_imc,ensemble_available_stack_logit,multimodal,Progressor_label,binary,windows_armdiff_plus_arms_plus_cx,none,-1,,,,5,5,0,,5,True,820,0.7768894317489837,0.11276963653261772,0.5320533791960933,0.17212929418774073,0.7761498323866746,0.0956260509907287,0.2766123531640773,0.2556865041605428,0.9423655564479227,0.05947070402168404,0.6094889548060001,0.106044711489365,,,,,,,,,,,,,,,,,,,,,,,,
routing/routing_moe_20260304_200011,exclude_hgd_imc,ensemble_img_cnv_mean,multimodal,Progressor_label,binary,windows_armdiff_plus_arms_plus_cx,none,-1,,,,5,5,0,,5,True,820,0.7581235318419621,0.10713625895142145,0.5384038113371282,0.1725748168559003,0.7787678431099483,0.1001538916718115,0.2909803271441202,0.22664950869644385,0.9500699568730079,0.056192052335452596,0.6205251420085641,0.09313338308979956,,,,,,,,,,,,,,,,,,,,,,,,
routing/routing_moe_20260304_200011,exclude_hgd_imc,ensemble_img_cnv_stack_logit,multimodal,Progressor_label,binary,windows_armdiff_plus_arms_plus_cx,none,-1,,,,5,5,0,,5,True,820,0.7547563602450673,0.10146775192907756,0.5347564056365052,0.14940759918681748,0.763620732989154,0.09804099287227507,0.23139162561576354,0.2979255597060476,0.9505064288373577,0.08650164359886583,0.5909490272265606,0.11220393353933082,,,,,,,,,,,,,,,,,,,,,,,,
routing/routing_moe_20260304_200011,exclude_hgd_imc,ensemble_mm_cnv_mean,multimodal,Progressor_label,binary,windows_armdiff_plus_arms_plus_cx,none,-1,,,,5,5,0,,5,True,820,0.7541719529065452,0.12552788239321877,0.4705016480132807,0.21250563568801745,0.7660839840576683,0.09828067402788741,0.32115795124415814,0.1879653793511585,0.9094962013208836,0.031360914013751726,0.6153270762825208,0.1000405860022481,,,,,,,,,,,,,,,,,,,,,,,,
routing/routing_moe_20260304_200011,exclude_hgd_imc,ensemble_mm_cnv_stack_logit,multimodal,Progressor_label,binary,windows_armdiff_plus_arms_plus_cx,none,-1,,,,5,5,0,,5,True,820,0.7482901622795618,0.12293629783248208,0.46614211761669333,0.21240176348821185,0.7552347796821481,0.08236027484577657,0.10324744221295948,0.10708955862446226,0.9630401528627962,0.023537389300768617,0.5331437975378779,0.055826387519914714,,,,,,,,,,,,,,,,,,,,,,,,
routing/routing_moe_20260304_200011,exclude_hgd_imc,ensemble_mm_img_mean,multimodal,Progressor_label,binary,windows_armdiff_plus_arms_plus_cx,none,-1,,,,5,5,0,,5,True,820,0.7647470881781062,0.11357590357201501,0.5215300968375647,0.16737442585687382,0.7654454552086131,0.08612471168940392,0.6090621447517999,0.16268521031262165,0.8154969364140741,0.09988264519854592,0.712279540582937,0.0788675539384214,,,,,,,,,,,,,,,,,,,,,,,,
routing/routing_moe_20260304_200011,exclude_hgd_imc,ensemble_mm_img_stack_logit,multimodal,Progressor_label,binary,windows_armdiff_plus_arms_plus_cx,none,-1,,,,5,5,0,,5,True,820,0.7652689533072323,0.11702263816538212,0.5117889226774537,0.17243360742793337,0.7690099556678505,0.0916035113320355,0.23616726664140458,0.2422156931947323,0.9419533160800775,0.05318886098332762,0.589060291360741,0.10020626891173035,,,,,,,,,,,,,,,,,,,,,,,,
routing/routing_moe_20260304_200011,exclude_hgd_imc,expert_cnv_only,multimodal,Progressor_label,binary,windows_armdiff_plus_arms_plus_cx,none,-1,,,,5,5,0,,5,True,820,0.6817695467074955,0.10896211507255574,0.4024425232108781,0.15662619095098929,0.7389845086160876,0.08289710817444916,0.06291761399520021,0.08828995524386261,0.9606819100373641,0.03346272629846046,0.5117997620162822,0.041942247194246,,,,,,,,,,,,,,,,,,,,,,,,
routing/routing_moe_20260304_200011,exclude_hgd_imc,expert_img_only,multimodal,Progressor_label,binary,windows_armdiff_plus_arms_plus_cx,none,-1,,,,5,5,0,,5,True,820,0.7382712593640017,0.09438305665100123,0.5055387123920263,0.11873842559644328,0.7055048344258871,0.1447953037416281,0.5445703865100416,0.21249315573252525,0.7634204531127254,0.21972612867366043,0.6539954198113835,0.06236972998756085,,,,,,,,,,,,,,,,,,,,,,,,
routing/routing_moe_20260304_200011,exclude_hgd_imc,expert_mm_only,multimodal,Progressor_label,binary,windows_armdiff_plus_arms_plus_cx,none,-1,,,,5,5,0,,5,True,820,0.7349498083723619,0.12547814942776292,0.4614207711388169,0.21575956638109384,0.7076758232284547,0.09238326897645385,0.558407224958949,0.18126964757181538,0.7524596120150109,0.11389801150570814,0.6554334184869801,0.09981222491551624,,,,,,,,,,,,,,,,,,,,,,,,
fusion/foundation_combo_20260304_200011,exclude_hgd_imc,image_combo_gigapath_uni2_mean,multimodal,Progressor_label,binary,windows_armdiff_plus_arms_plus_cx,none,-1,,,,5,5,0,,5,True,820,0.734886407724809,0.1022173071809897,0.5320328215420486,0.10699681719052825,0.6864639357797252,0.13112203027995967,0.5994916003536692,0.22213959663547173,0.7217038880582991,0.19452784910527632,0.6605977442059843,0.07560169529043262,0.19638751194244128,0.054743778245077555,0.1889392874996419,0.10755730748242641,0.45123579007199693,0.16471217347246964,0.29140141467727676,0.16529578826797064,0.32282605847127155,0.2392247877302099,0.2701584682036694,0.18713192187872993,,,,,,,,,,,,
fusion/foundation_combo_20260304_200011,exclude_hgd_imc,image_combo_gigapath_uni2_virchow2_mean,multimodal,Progressor_label,binary,windows_armdiff_plus_arms_plus_cx,none,-1,,,,5,5,0,,5,True,820,0.732972800254005,0.11046915626062188,0.5286666573829895,0.11366071930706405,0.6792526285947338,0.13588560988192486,0.6362443160287988,0.19909677335622739,0.6925730768225351,0.18450045976726082,0.664408696425667,0.08924719746592893,0.19568162551696205,0.047135381924147235,0.19956205107996164,0.07982902343820346,0.44868542377163073,0.1651431827429254,0.3614893583428066,0.20551519907804042,0.33415502648573936,0.25543993249160696,0.21259150646344818,0.12102127889085153,,,,,,,,,,,,
fusion/foundation_combo_20260304_200011,exclude_hgd_imc,image_combo_gigapath_virchow2_mean,multimodal,Progressor_label,binary,windows_armdiff_plus_arms_plus_cx,none,-1,,,,5,5,0,,5,True,820,0.7227845110139316,0.11761164926012393,0.5108785097053951,0.10946136275483459,0.6617581775739672,0.11788792230195673,0.6689677276746242,0.20939385234583324,0.6574968638339023,0.1522092782454096,0.6632322957542632,0.10140560687684393,0.2085183342059151,0.039956747035868705,0.2205952581958007,0.06520424332442698,0.44439970948591634,0.17106515747508497,0.31294082354427183,0.12700666091571214,0.35084983958161525,0.2576944484618016,0.19082441440596148,0.09781587803540204,,,,,,,,,,,,
fusion/foundation_combo_20260304_200011,exclude_hgd_imc,image_combo_uni2_virchow2_mean,multimodal,Progressor_label,binary,windows_armdiff_plus_arms_plus_cx,none,-1,,,,5,5,0,,5,True,820,0.7359091628028777,0.11162711742565647,0.511538980427491,0.12875090621554952,0.7070972124130019,0.107232697745883,0.6158148604269293,0.17171878015358072,0.73210248084849,0.1542678861111693,0.6739586706377096,0.07129732208984714,0.19084333385304567,0.047056373091861295,0.1872709352241976,0.07132154923502894,0.44868542377163073,0.1651431827429254,0.3414361500568397,0.1665484982798542,0.3295675598706294,0.2386898530444521,0.22592512212897087,0.12097325780724959,,,,,,,,,,,,
gigapath/runs/multimodal/exclude_hgd_imc/Progressor_label_stage2_exclusions,exclude_hgd_imc,intermediate_abmil_cnv,multimodal,Progressor_label,binary,windows_armdiff_plus_arms_plus_cx,none,-1,,,,5,5,0,,5,True,820,0.722139547441089,0.14651606011706755,0.46937588395665825,0.1763844961574227,0.6790503221292695,0.13706939319953731,0.6165869331817607,0.34751755026337566,0.706025655413664,0.21062812994603092,0.6613062942977124,0.12505084243136053,0.20890636647836813,0.0485856949304336,0.2179674642377541,0.09295055536898049,0.3852248326386257,0.206275848934064,0.1887345269672856,0.12469436975389657,0.417043504678771,0.2271580423728313,0.27501316220496036,0.19875954672184679,,,,,,,,,,,,
uni2/runs/multimodal/exclude_hgd_imc/Progressor_label_stage2_exclusions,exclude_hgd_imc,intermediate_abmil_cnv,multimodal,Progressor_label,binary,windows_armdiff_plus_arms_plus_cx,none,-1,,,,5,5,0,,5,True,820,0.7336707285206966,0.12592427378582882,0.5104940625978018,0.20855483924409962,0.7068083405451826,0.12115073254702592,0.5762891562460528,0.32744631411873043,0.7315969354469563,0.17143757063623163,0.6539430458465045,0.1329421229469728,0.20112724091865647,0.06088046569574652,0.21581053557515445,0.0796375051293232,0.35886841606669195,0.1918343451296506,0.2760587975243148,0.15852732261344987,0.3676740048592394,0.2702380693556672,0.2808115935739383,0.18773781512829674,,,,,,,,,,,,
virchow2/runs/multimodal/exclude_hgd_imc/Progressor_label_stage2_exclusions,exclude_hgd_imc,intermediate_abmil_cnv,multimodal,Progressor_label,binary,windows_armdiff_plus_arms_plus_cx,none,-1,,,,5,5,0,,5,True,820,0.71318877447495,0.140014663951686,0.4734866439943312,0.18737065348476517,0.6941905022431338,0.1234109937132803,0.5109705380826071,0.26598777421264747,0.7657927007267447,0.17139641620101967,0.6383816194046759,0.1129067210249644,0.21066084186657624,0.07596376282662903,0.19846554881114065,0.09182124401515179,0.38199491600353663,0.21880111151456397,0.2425238411014273,0.2153361611002267,0.3753813247473158,0.24346101049294455,0.1931399696801887,0.0786222323714092,,,,,,,,,,,,
virchow2/runs/late_fusion/exclude_hgd_imc_20260304_200011,exclude_hgd_imc,latefusion_abmil_mean,multimodal,Progressor_label,binary,windows_armdiff_plus_arms_plus_cx,none,-1,,,,5,5,0,,5,True,820,0.7329143587208501,0.13775427360701598,0.5233249438798749,0.17647612647356556,0.7722641178167493,0.0877958771941709,0.30217222432739677,0.2640260204339076,0.9329083785808425,0.05541694556072348,0.6175403014541196,0.11361479975023676,,,,,,,,,,,,,,,,,,,,,,,,
virchow2/runs/late_fusion/exclude_hgd_imc_20260304_200011,exclude_hgd_imc,latefusion_abmil_stack_logit,multimodal,Progressor_label,binary,windows_armdiff_plus_arms_plus_cx,none,-1,,,,5,5,0,,5,True,820,0.7298907890773384,0.13649463549996968,0.5167841518649716,0.16383323585838477,0.7649612997244576,0.09726914182048176,0.13589285714285712,0.25763872080722583,0.9777694859589406,0.040846210212211756,0.5568311715508989,0.10855320149549708,,,,,,,,,,,,,,,,,,,,,,,,
virchow2/runs/late_fusion/exclude_hgd_imc_20260304_200011,exclude_hgd_imc,latefusion_pool_mean_mean,multimodal,Progressor_label,binary,windows_armdiff_plus_arms_plus_cx,none,-1,,,,5,5,0,,5,True,820,0.7248971839846396,0.14223633628070734,0.506847538209407,0.20989573166541495,0.751597573834416,0.07496857099736146,0.3695770178097765,0.2635972292143246,0.8709442039924433,0.10691939803797969,0.62026061090111,0.10159772316597164,,,,,,,,,,,,,,,,,,,,,,,,
virchow2/runs/late_fusion/exclude_hgd_imc_20260304_200011,exclude_hgd_imc,latefusion_pool_mean_stack_logit,multimodal,Progressor_label,binary,windows_armdiff_plus_arms_plus_cx,none,-1,,,,5,5,0,,5,True,820,0.7258893592327387,0.14296986994628633,0.5048367069668965,0.20596305538178725,0.7691573940521309,0.10560497243520475,0.08839285714285713,0.1783592489434553,0.9933742088607594,0.010982401196500659,0.5408835330018082,0.08383749511991193,,,,,,,,,,,,,,,,,,,,,,,,
routing/routing_moe_20260304_200011,exclude_hgd_imc,routing_k2_hard,multimodal,Progressor_label,binary,windows_armdiff_plus_arms_plus_cx,none,-1,,,,5,5,0,,5,True,820,0.7320138747170164,0.0975423248880849,0.46373144406898287,0.18591794136557876,0.7419630438314648,0.07592910746173397,0.44133762788935205,0.18160787312592008,0.8341819062425738,0.08836103187428758,0.6377597670659629,0.09620815857440222,,,,,,,,,,,,,,,,,,,,,,,,
routing/routing_moe_20260304_200011,exclude_hgd_imc,routing_k2_soft,multimodal,Progressor_label,binary,windows_armdiff_plus_arms_plus_cx,none,-1,,,,5,5,0,,5,True,820,0.7631254843485775,0.10138099731103048,0.5009800096001562,0.1813255437021879,0.7522344547344548,0.07410885596175552,0.5719265504610334,0.13902227558392263,0.8108246113101611,0.08516625420151092,0.6913755808855971,0.06478341119770609,,,,,,,,,,,,,,,,,,,,,,,,
routing/routing_moe_20260304_200011,exclude_hgd_imc,routing_k3_hard,multimodal,Progressor_label,binary,windows_armdiff_plus_arms_plus_cx,none,-1,,,,5,5,0,,5,True,820,0.7475742423127171,0.1119904919575014,0.5105195182424089,0.195027979759419,0.6564838388259441,0.12051463716690398,0.6585365353037766,0.1418157814131261,0.6690161730265729,0.18052989611365977,0.6637763541651748,0.06219231663155401,,,,,,,,,,,,,,,,,,,,,,,,
routing/routing_moe_20260304_200011,exclude_hgd_imc,routing_k3_soft,multimodal,Progressor_label,binary,windows_armdiff_plus_arms_plus_cx,none,-1,,,,5,5,0,,5,True,820,0.7468814609081671,0.11646623100574477,0.4798808830624049,0.2006457826650541,0.7218286597233966,0.07368637648230839,0.6044870215990905,0.14421776367862718,0.759509807955935,0.09475894683091242,0.6819984147775129,0.07639602894357225,,,,,,,,,,,,,,,,,,,,,,,,
routing/routing_moe_20260304_200011,exclude_hgd_imc,routing_k4_hard,multimodal,Progressor_label,binary,windows_armdiff_plus_arms_plus_cx,none,-1,,,,5,5,0,,5,True,820,0.7251116043799996,0.10246011618706585,0.47070322999517017,0.17707087075542693,0.6437577929420034,0.12158940271943298,0.6045301250473665,0.18964114963496048,0.6660730994149866,0.1878161446966998,0.6353016122311765,0.08101707939534081,,,,,,,,,,,,,,,,,,,,,,,,
routing/routing_moe_20260304_200011,exclude_hgd_imc,routing_k4_soft,multimodal,Progressor_label,binary,windows_armdiff_plus_arms_plus_cx,none,-1,,,,5,5,0,,5,True,820,0.7355385699334335,0.1137510842897222,0.467296678881252,0.18433216743252476,0.6503027451448504,0.12799141622836363,0.681733453328281,0.14119219368105884,0.649000946130103,0.19236853552688957,0.6653671997291919,0.05693781676163007,,,,,,,,,,,,,,,,,,,,,,,,
routing/routing_moe_20260304_200011,exclude_hgd_imc,routing_k5_hard,multimodal,Progressor_label,binary,windows_armdiff_plus_arms_plus_cx,none,-1,,,,5,5,0,,5,True,820,0.7303095477286836,0.1107250160787341,0.4497318129500033,0.1703168741538203,0.6716376833218939,0.08982840794123768,0.646215106732348,0.18621945393984782,0.6813733427275079,0.12051039300138798,0.663794224729928,0.09920878397937302,,,,,,,,,,,,,,,,,,,,,,,,
routing/routing_moe_20260304_200011,exclude_hgd_imc,routing_k5_soft,multimodal,Progressor_label,binary,windows_armdiff_plus_arms_plus_cx,none,-1,,,,5,5,0,,5,True,820,0.7437484042540936,0.11935457178301243,0.47643699828741715,0.1834711163381844,0.7018510661931715,0.08096422172324967,0.6559760641657193,0.12119814183384572,0.7211822539258476,0.10144584879814501,0.6885791590457834,0.07808523717032005,,,,,,,,,,,,,,,,,,,,,,,,
routing/routing_moe_20260304_200011,exclude_hgd_imc,routing_k6_hard,multimodal,Progressor_label,binary,windows_armdiff_plus_arms_plus_cx,none,-1,,,,5,5,0,,5,True,820,0.7417881057731479,0.10786464830513447,0.4542685990167216,0.1531046895408934,0.6932211534316797,0.0750654727280634,0.6116226158898572,0.18486058695864666,0.7158665149964155,0.10484274310004305,0.6637445654431364,0.09238929496224117,,,,,,,,,,,,,,,,,,,,,,,,
routing/routing_moe_20260304_200011,exclude_hgd_imc,routing_k6_soft,multimodal,Progressor_label,binary,windows_armdiff_plus_arms_plus_cx,none,-1,,,,5,5,0,,5,True,820,0.7516905258962042,0.10747977243934798,0.480008587208591,0.17408449841796828,0.7101802050486261,0.07747982157018436,0.62681855500821,0.14508615439673117,0.739335826201071,0.0994902723037052,0.6830771906046404,0.0758308656055067,,,,,,,,,,,,,,,,,,,,,,,,
cnv_anchor/runs/cnv/exclude_lgd_hgd_imc/Progressor_label_stage2_exclusions,exclude_lgd_hgd_imc,cnv_elasticnet_logreg,cnv,Progressor_label,binary,windows_armdiff_plus_arms_plus_cx,none,-1,,,,5,5,0,,5,True,671,0.6671427154671358,0.07324429739311114,0.36712454687239415,0.06512725117924105,0.7082250490029475,0.046774364013491145,0.5253872053872053,0.16988352206487028,0.7493596752024991,0.04746918955599059,0.6373734402948523,0.07572360158594776,0.22360289789420945,0.033362406249657285,0.24563388741602252,0.044361894415557566,0.3503030303030303,0.17061948622799816,0.23265993265993265,0.1510854362794948,0.16270424621060559,0.1379879756223557,0.08461646232004293,0.1015288271774655,,,,,,,,,,,,
cnv_anchor/runs/cnv/exclude_lgd_hgd_imc/Progressor_label_stage2_exclusions,exclude_lgd_hgd_imc,cnv_linear_svm_calibrated,cnv,Progressor_label,binary,windows_armdiff_plus_arms_plus_cx,none,-1,,,,5,5,0,,5,True,671,0.658861994877031,0.08952670668807432,0.3950139618249727,0.0943983958168739,0.8474145922436159,0.06666513784840991,0.04296296296296296,0.047256704911812095,0.9962746592159851,0.005201672979441749,0.5196188110894739,0.022493407822372892,0.12767332618320376,0.052987171903263706,0.09614752310817942,0.04296711958209301,0.356026936026936,0.21504658027066864,0.2773063973063973,0.1888967810759334,0.1563685415819127,0.1505159874738807,0.07857813014429643,0.08226941277567029,,,,,,,,,,,,
cnv_anchor/runs/cnv/exclude_lgd_hgd_imc/Progressor_label_stage2_exclusions,exclude_lgd_hgd_imc,cnv_mlp,cnv,Progressor_label,binary,windows_armdiff_plus_arms_plus_cx,none,-1,,,,5,5,0,,5,True,671,0.5413087524978674,0.1828908468217135,0.3040136771814479,0.1448435931788024,0.7171232886198309,0.052050748828328976,0.3225589225589226,0.1822835110360467,0.7941791977421642,0.027369008287152028,0.5583690601505433,0.09525111347473764,0.19793764079905776,0.039630697014414885,0.23097295830781026,0.04824069327720332,0.2397306397306397,0.2248472646972036,0.17750841750841753,0.19256763276843097,0.11539931510505515,0.07540068967348129,0.05578170842778531,0.07351552120506377,,,,,,,,,,,,
cnv_anchor/runs/cnv/exclude_lgd_hgd_imc/Progressor_label_stage2_exclusions,exclude_lgd_hgd_imc,cnv_pca_logreg,cnv,Progressor_label,binary,windows_armdiff_plus_arms_plus_cx,none,-1,,,,5,5,0,,5,True,671,0.7142723611597852,0.14395094586507426,0.45370797116090367,0.16174127344158715,0.7198195505016192,0.05867389120532488,0.561010101010101,0.2688933663842614,0.7652496636463677,0.049853265893508476,0.6631298823282343,0.13164425137388758,0.20521940662437038,0.037879263606392294,0.24775530823089956,0.05176719177681049,0.40552188552188556,0.2565727925693544,0.2868013468013468,0.24215197018507342,0.28830468611056964,0.21278163608328116,0.21842599742726748,0.24110549784482552,,,,,,,,,,,,
cnv_anchor/runs/cnv/exclude_lgd_hgd_imc/Progressor_label_stage2_exclusions,exclude_lgd_hgd_imc,cnv_random_forest,cnv,Progressor_label,binary,windows_armdiff_plus_arms_plus_cx,none,-1,,,,5,5,0,,5,True,671,0.7139816431302154,0.1015143860914548,0.33511981624799325,0.07942352300013626,0.8444797698029559,0.0643123351563485,0.006666666666666666,0.014907119849998596,0.9967479674796749,0.007271765780487111,0.5017073170731707,0.009073331000711744,0.1269045054878008,0.04025508367462183,0.0900918889036091,0.03963525489701576,0.37622895622895625,0.2318148930370254,0.2222895622895623,0.19938181735849544,0.29819305879656854,0.07876295503588926,0.20778568688405813,0.1317573674593631,,,,,,,,,,,,
cnv_anchor/runs/cnv/exclude_lgd_hgd_imc/Progressor_label_stage2_exclusions,exclude_lgd_hgd_imc,cnv_temporal_delta_logreg,cnv,Progressor_label,binary,windows_armdiff_plus_arms_plus_cx,none,-1,,,,5,5,0,,5,True,671,0.6996796620790908,0.15266487805760254,0.43857840945416093,0.23430582275005993,0.7128448524371764,0.07116744267388275,0.555959595959596,0.27256879046613125,0.7569065318582983,0.047104214045754926,0.6564330639089471,0.14254084768840458,0.21086865689024048,0.05639663935661628,0.23248253285330306,0.014840788322469312,0.3521212121212121,0.33778599381047336,0.3015488215488215,0.3483712627393425,0.20122482423564542,0.1678818710860419,0.06313156718668489,0.03040561059205628,,,,,,,,,,,,
cnv_anchor/runs/cnv/exclude_lgd_hgd_imc/Progressor_label_stage2_exclusions,exclude_lgd_hgd_imc,cnv_xgboost,cnv,Progressor_label,binary,windows_armdiff_plus_arms_plus_cx,none,-1,,,,5,5,0,,5,True,671,0.7017507882599567,0.08426998086588898,0.3551745977877717,0.043897921175394004,0.8351938535715349,0.03926343062750998,0.1408080808080808,0.04640751867985862,0.9641634503855278,0.025525949735072263,0.5524857655968043,0.023831463956180004,0.1369234947738729,0.05103328878048639,0.12836053993562285,0.05492442659926437,0.3275420875420875,0.14988241110397127,0.17306397306397306,0.06460611816164807,0.20494452889633474,0.16908795105203375,0.09303200858439378,0.08503222574858359,,,,,,,,,,,,
cnv_anchor/runs/late_fusion/exclude_lgd_hgd_imc_20260304_200011,exclude_lgd_hgd_imc,latefusion_cnv_only,cnv,Progressor_label,binary,windows_armdiff_plus_arms_plus_cx,none,-1,,,,5,5,0,,5,True,671,0.7142723611597852,0.14395094586507426,0.45370797116090367,0.16174127344158715,0.7198195505016192,0.05867389120532488,0.561010101010101,0.2688933663842615,0.7652496636463677,0.049853265893508476,0.6631298823282343,0.1316442513738876,,,,,,,,,,,,,,,,,,,,,,,,
gigapath/runs/image/exclude_lgd_hgd_imc/Progressor_label_stage2_exclusions,exclude_lgd_hgd_imc,abmil,image,Progressor_label,binary,NA,none,-1,,,,5,5,0,,5,True,671,0.7223105710719319,0.16592680469190563,0.40098513864786245,0.14578238057651982,0.7672768402478037,0.14773324093603105,0.43434343434343436,0.15663243932491303,0.8256511357376881,0.1597921612662334,0.6299972850405613,0.10968698379724556,0.16832906665032216,0.08088299936964713,0.1788358238974881,0.07204942119058798,0.3327272727272727,0.22719594662637074,0.2624915824915825,0.2382188314003188,0.36527411207310256,0.3057349322603786,0.2785901207837382,0.3188939959849694,,,,,,,,,,,,
uni2/runs/image/exclude_lgd_hgd_imc/Progressor_label_stage2_exclusions,exclude_lgd_hgd_imc,abmil,image,Progressor_label,binary,NA,none,-1,,,,5,5,0,,5,True,671,0.6983862562419773,0.1788882523348724,0.42463215807223414,0.2259348562123436,0.7508065742374411,0.16301700400929867,0.5153535353535353,0.2153226426190392,0.8005519466570163,0.17931143507566336,0.6579527410052759,0.1593927695697231,0.18245440954949385,0.11109037259186091,0.20446657298867793,0.09818364047278058,0.4303030303030303,0.2885699659394966,0.3036363636363636,0.23347496685281655,0.35034057330070817,0.29770825604035867,0.32889818013712474,0.31133493944830676,,,,,,,,,,,,
virchow2/runs/image/exclude_lgd_hgd_imc/Progressor_label_stage2_exclusions,exclude_lgd_hgd_imc,abmil,image,Progressor_label,binary,NA,none,-1,,,,5,5,0,,5,True,671,0.6445627220187607,0.19154778782401322,0.3464829486542414,0.2201924894817303,0.6530536266425327,0.2965333356998151,0.5512457912457913,0.38947682465244987,0.6509645997779657,0.41159881931940207,0.6011051955118785,0.1047868865250261,0.18727214262144828,0.091631551374298,0.22378386984146012,0.12340703867330864,0.2571043771043771,0.3078727931993842,0.21097643097643096,0.26420740474365517,0.3005548387639795,0.26375744751473323,0.2902742198287579,0.267095816439564,,,,,,,,,,,,
gigapath/runs/image/exclude_lgd_hgd_imc/Progressor_label_stage2_exclusions,exclude_lgd_hgd_imc,abmil_nogate,image,Progressor_label,binary,NA,none,-1,,,,5,5,0,,5,True,671,0.7007491601528641,0.15964865674446524,0.3360735197206576,0.07864119514093548,0.6090737053324299,0.182501427457877,0.7106397306397307,0.15391507477189748,0.5787247815445647,0.23292542229885124,0.6446822560921477,0.11945916887487566,0.2505392153579173,0.09694077948640582,0.31415834417719696,0.09595819227151442,0.3610774410774411,0.22848294814937498,0.2057912457912458,0.15696004055190932,0.3268572153843351,0.27495476559500465,0.28200076581050043,0.31458404870292395,,,,,,,,,,,,
uni2/runs/image/exclude_lgd_hgd_imc/Progressor_label_stage2_exclusions,exclude_lgd_hgd_imc,abmil_nogate,image,Progressor_label,binary,NA,none,-1,,,,5,5,0,,5,True,671,0.7027667900480339,0.1817753367744556,0.43247301631895113,0.20078013308713036,0.769753396103718,0.1341880368577222,0.4732659932659932,0.3360172869609142,0.8371271756796851,0.17002703069400307,0.6551965844728392,0.1426081971461407,0.16034760549263208,0.07055802298561867,0.1751146492217292,0.08581308209275793,0.38235690235690234,0.2753905789565397,0.31232323232323234,0.24519294368870231,0.36310269754737245,0.2823935905585335,0.3372771524612458,0.28888644344412207,,,,,,,,,,,,
virchow2/runs/image/exclude_lgd_hgd_imc/Progressor_label_stage2_exclusions,exclude_lgd_hgd_imc,abmil_nogate,image,Progressor_label,binary,NA,none,-1,,,,5,5,0,,5,True,671,0.6364379601599137,0.1692850793811391,0.2520642933570404,0.054931291412069295,0.7461640106657754,0.12108340599115312,0.3665319865319865,0.2948493134292843,0.8197679886096516,0.17678466348256602,0.593149987570819,0.11164576815402832,0.1862596764224123,0.049854525400432906,0.20660735318717532,0.07375395713819313,0.2486195286195286,0.2656356117420589,0.16377104377104376,0.1436550048598106,0.31586269052945737,0.24322823647619973,0.2710147080634576,0.27191781230534745,,,,,,,,,,,,
virchow2/runs/late_fusion/exclude_lgd_hgd_imc_20260304_200011,exclude_lgd_hgd_imc,latefusion_abmil_img_only,image,Progressor_label,binary,windows_armdiff_plus_arms_plus_cx,none,-1,,,,5,5,0,,5,True,671,0.6445627220187607,0.19154778782401322,0.3464829486542414,0.2201924894817303,0.6530536266425327,0.29653333569981516,0.5512457912457913,0.38947682465244987,0.6509645997779657,0.41159881931940207,0.6011051955118785,0.1047868865250261,,,,,,,,,,,,,,,,,,,,,,,,
virchow2/runs/late_fusion/exclude_lgd_hgd_imc_20260304_200011,exclude_lgd_hgd_imc,latefusion_pool_mean_img_only,image,Progressor_label,binary,windows_armdiff_plus_arms_plus_cx,none,-1,,,,5,5,0,,5,True,671,0.6544936040876896,0.1803970131118666,0.38075939803698367,0.24002043843361265,0.8356508340487994,0.0687792127465227,0.2602693602693603,0.28433142331693784,0.9465649743261807,0.040387402982218566,0.6034171672977704,0.1347552609686992,,,,,,,,,,,,,,,,,,,,,,,,
gigapath/runs/image/exclude_lgd_hgd_imc/Progressor_label_stage2_exclusions,exclude_lgd_hgd_imc,pool_mean,image,Progressor_label,binary,NA,none,-1,,,,5,5,0,,5,True,671,0.6936479251994785,0.16266603931415222,0.389938976885826,0.2148183291680222,0.7337834715103086,0.1963968805717273,0.48127946127946125,0.32435372952771874,0.7784147386973918,0.2713585941317561,0.6298470999884265,0.14129951507338678,0.20385685674350684,0.09199701533272465,0.2521398256523937,0.10407617044886817,0.34565656565656566,0.31859072650534337,0.2432323232323232,0.25259938305862867,0.33533992957978,0.30257945207147524,0.27951783764795984,0.31597331749126883,,,,,,,,,,,,
uni2/runs/image/exclude_lgd_hgd_imc/Progressor_label_stage2_exclusions,exclude_lgd_hgd_imc,pool_mean,image,Progressor_label,binary,NA,none,-1,,,,5,5,0,,5,True,671,0.6866904819048812,0.16571298423854397,0.3788252124424028,0.2255324142075094,0.76894245796156,0.1364568234663779,0.44074074074074077,0.15121819009328594,0.8315039988926453,0.11371731057829965,0.6361223698166929,0.12905408841966534,0.16901212052678238,0.08524139426237365,0.18442403606771968,0.07490838700962091,0.31138047138047137,0.21225630351700914,0.22505050505050503,0.25726402209318916,0.36758574888291584,0.2718286052450845,0.2891320599426579,0.2796693590747409,,,,,,,,,,,,
virchow2/runs/image/exclude_lgd_hgd_imc/Progressor_label_stage2_exclusions,exclude_lgd_hgd_imc,pool_mean,image,Progressor_label,binary,NA,none,-1,,,,5,5,0,,5,True,671,0.6544936040876896,0.18039701311186662,0.38075939803698367,0.24002043843361265,0.8356508340487994,0.06877921274652274,0.26026936026936026,0.2843314233169379,0.9465649743261807,0.0403874029822186,0.6034171672977704,0.1347552609686992,0.14363572429855356,0.05787056667661676,0.14870526712368942,0.04840681566671274,0.3136026936026936,0.24569086091755613,0.23340067340067341,0.25357161441815795,0.2693301360357256,0.24191492449991572,0.2443321170820032,0.25707491994415904,,,,,,,,,,,,
gigapath/runs/image/exclude_lgd_hgd_imc/Progressor_label_stage2_exclusions,exclude_lgd_hgd_imc,set_transformer_lite,image,Progressor_label,binary,NA,none,-1,,,,5,5,0,,5,True,671,0.7160220254775623,0.16503311566504097,0.41358424979764524,0.19498634516650254,0.7557718887991525,0.14109749622996723,0.4808754208754209,0.2497273053899588,0.8092898164214611,0.14099563858302155,0.645082618648441,0.1519861603582693,0.17029866346958222,0.05491960361982805,0.1952045931115089,0.04907372782835655,0.4057239057239057,0.24813398531462347,0.2832323232323232,0.23270127344953265,0.43399860310815974,0.2760146301060532,0.28432366462006115,0.3448431344493203,,,,,,,,,,,,
uni2/runs/image/exclude_lgd_hgd_imc/Progressor_label_stage2_exclusions,exclude_lgd_hgd_imc,set_transformer_lite,image,Progressor_label,binary,NA,none,-1,,,,5,5,0,,5,True,671,0.6829913065230044,0.1679301335244528,0.4050335260291023,0.21421080189202552,0.6633716529699664,0.07426914478352563,0.5531986531986532,0.24767096369322578,0.7004621571197754,0.09901434531024543,0.6268304051592144,0.12064910335855575,0.21615001768678876,0.0402025958945383,0.26799249801921043,0.058633324171312555,0.3767676767676768,0.25032985075732717,0.28895622895622897,0.28593416489459517,0.28801281797444006,0.21287190229837186,0.23358058749537172,0.23723498879295368,,,,,,,,,,,,
virchow2/runs/image/exclude_lgd_hgd_imc/Progressor_label_stage2_exclusions,exclude_lgd_hgd_imc,set_transformer_lite,image,Progressor_label,binary,NA,none,-1,,,,5,5,0,,5,True,671,0.6816974183454867,0.19538609948853727,0.39283139491848795,0.2485784321570047,0.7360363100029452,0.14593867475008135,0.4787205387205387,0.15822845340588998,0.783590633768535,0.12794341409048074,0.6311555862445367,0.13304136286955204,0.18921119256997604,0.0982462932061093,0.19669060353899742,0.08256232900365544,0.3467340067340067,0.32483560008172846,0.2731986531986532,0.29822410042728137,0.31430130579804194,0.29094404572603244,0.27071847833606555,0.31748165225538066,,,,,,,,,,,,
fusion/foundation_combo_20260304_200011,exclude_lgd_hgd_imc,cnv_plus_image_combo_gigapath_mean,multimodal,Progressor_label,binary,windows_armdiff_plus_arms_plus_cx,none,-1,,,,5,5,0,,5,True,671,0.753633160359622,0.15536846254067588,0.4623586233769039,0.17403953569442976,0.7898453474833824,0.11392153551750567,0.4482828282828283,0.25563379646301154,0.8618667214825102,0.08196554850859546,0.6550747748826693,0.1540780012085376,0.1485832800729751,0.04743901583274237,0.17259092587892783,0.04874089016473339,0.44208754208754203,0.312672992850363,0.3659259259259259,0.3380874960817964,0.3857021029290843,0.2597545384157873,0.3015707104906136,0.26360299626308514,,,,,,,,,,,,
fusion/foundation_combo_20260304_200011,exclude_lgd_hgd_imc,cnv_plus_image_combo_gigapath_uni2_mean,multimodal,Progressor_label,binary,windows_armdiff_plus_arms_plus_cx,none,-1,,,,5,5,0,,5,True,671,0.762198750208757,0.1608091450153468,0.5011267240839746,0.19994484300077278,0.8073323837470712,0.09770549628484176,0.4852525252525252,0.28641894607755314,0.8772611625532216,0.04612410035425437,0.6812568439028733,0.16033443651746182,0.14621495552409977,0.03938189466764692,0.1724294155072459,0.05260327564151591,0.45784511784511783,0.3131666465710021,0.3751515151515151,0.31425312249435045,0.4126617206142124,0.29634972166625384,0.3563113731602464,0.31077626957008736,,,,,,,,,,,,
fusion/foundation_combo_20260304_200011,exclude_lgd_hgd_imc,cnv_plus_image_combo_gigapath_uni2_virchow2_mean,multimodal,Progressor_label,binary,windows_armdiff_plus_arms_plus_cx,none,-1,,,,5,5,0,,5,True,671,0.7641700592153804,0.16326022890995376,0.5074776513667707,0.21395126093137326,0.8039674079627124,0.10352029827499203,0.47858585858585856,0.2921396532173279,0.8747400157571532,0.04931429731162979,0.6766629371715058,0.1674579710543395,0.14687763998363718,0.0449199494283036,0.18123783213752082,0.04364618199881291,0.4413468013468013,0.3139291815408556,0.35124579124579125,0.3300558526260226,0.43538475211425665,0.3316913527512473,0.351855419532892,0.30677973236043,,,,,,,,,,,,
fusion/foundation_combo_20260304_200011,exclude_lgd_hgd_imc,cnv_plus_image_combo_gigapath_virchow2_mean,multimodal,Progressor_label,binary,windows_armdiff_plus_arms_plus_cx,none,-1,,,,5,5,0,,5,True,671,0.7612218692121798,0.16068006693266051,0.495357341244645,0.21273788503661042,0.8075103477761957,0.11003348530980522,0.4917171717171717,0.2643324530783793,0.8737483983208539,0.06531488600351626,0.6827327850190128,0.1602440039509326,0.14719566676386625,0.05061696707172255,0.1716510093206497,0.04419228887736188,0.4371043771043771,0.33560954624293754,0.3197306397306397,0.3330262163734001,0.4210220477181933,0.29616949710625595,0.3039278853559506,0.28291672625125225,,,,,,,,,,,,
fusion/foundation_combo_20260304_200011,exclude_lgd_hgd_imc,cnv_plus_image_combo_uni2_mean,multimodal,Progressor_label,binary,windows_armdiff_plus_arms_plus_cx,none,-1,,,,5,5,0,,5,True,671,0.763131494006138,0.15816954055530075,0.5188670585028559,0.18784806220069505,0.7944131096366326,0.07850310012478709,0.5216161616161616,0.3314367532362335,0.8589756503377519,0.07861717909289323,0.6902959059769567,0.15089837117183796,0.15276270739563366,0.04048122528190105,0.18046992489727537,0.08910111472380704,0.48208754208754206,0.29135713408561364,0.4,0.32498812893799256,0.44278888673099104,0.30869876083661124,0.3615776186723866,0.3372263452287897,,,,,,,,,,,,
fusion/foundation_combo_20260304_200011,exclude_lgd_hgd_imc,cnv_plus_image_combo_uni2_virchow2_mean,multimodal,Progressor_label,binary,windows_armdiff_plus_arms_plus_cx,none,-1,,,,5,5,0,,5,True,671,0.7604649162020463,0.16202156771888857,0.505608314571127,0.21912281460441144,0.7891859797791663,0.10348029490115418,0.5034343434343433,0.30976901255396627,0.8539053976448532,0.07331693914909318,0.6786698705395983,0.1650513036353998,0.1516371876803142,0.0479977612239511,0.18346778069954917,0.05888968801913829,0.45710437710437707,0.32403822443717,0.38107744107744107,0.32196408744920846,0.43991142164676694,0.3066257387058392,0.3502941224875594,0.34024564107167937,,,,,,,,,,,,
fusion/foundation_combo_20260304_200011,exclude_lgd_hgd_imc,cnv_plus_image_combo_virchow2_mean,multimodal,Progressor_label,binary,windows_armdiff_plus_arms_plus_cx,none,-1,,,,5,5,0,,5,True,671,0.7418293990783029,0.16346821158998,0.46718448030005816,0.2346700692713983,0.7763127387857068,0.11483631748241817,0.5169023569023569,0.2041362799937041,0.8307105611736739,0.08448185113787375,0.6738064590380154,0.13544919796648228,0.15694649255177798,0.057070859262964825,0.19000234829956344,0.03515644815008439,0.4035016835016835,0.32546486296529786,0.3197306397306397,0.3330262163734001,0.3989880125351403,0.2848366543503224,0.31354310767012167,0.3471627964683584,,,,,,,,,,,,
gigapath/runs/multimodal/exclude_lgd_hgd_imc/Progressor_label_stage2_exclusions,exclude_lgd_hgd_imc,coattn_abmil_cnv,multimodal,Progressor_label,binary,windows_armdiff_plus_arms_plus_cx,none,-1,,,,5,5,0,,5,True,671,0.742254840737713,0.18116209881930662,0.4555316935787184,0.24861122923002285,0.7452178113953999,0.1688298553416327,0.4816161616161616,0.25367254527943717,0.7917467017390635,0.20382108927893441,0.6366814316776125,0.14220907801123883,0.1713730053581321,0.09821245155488878,0.18642624726208784,0.09581088760981228,0.40875420875420876,0.34261174344011636,0.2964309764309764,0.29484931342928433,0.4348179213728639,0.25386980435752854,0.3448835553424861,0.3030980738769157,,,,,,,,,,,,
uni2/runs/multimodal/exclude_lgd_hgd_imc/Progressor_label_stage2_exclusions,exclude_lgd_hgd_imc,coattn_abmil_cnv,multimodal,Progressor_label,binary,windows_armdiff_plus_arms_plus_cx,none,-1,,,,5,5,0,,5,True,671,0.7445844857992256,0.17589999651561605,0.4420233762347287,0.16981005711861857,0.737731262099025,0.06726950152303594,0.5554208754208754,0.2970362660831006,0.7901576430906141,0.08367116165939101,0.6727892592557448,0.12011260588606561,0.19169335192070328,0.05101667213867272,0.22233977779152947,0.09154442291825948,0.4794612794612794,0.28646214534168274,0.2981144781144781,0.3056749170914068,0.45193920272030574,0.2948866991679661,0.3736104481734315,0.3391150499188873,,,,,,,,,,,,
virchow2/runs/multimodal/exclude_lgd_hgd_imc/Progressor_label_stage2_exclusions,exclude_lgd_hgd_imc,coattn_abmil_cnv,multimodal,Progressor_label,binary,windows_armdiff_plus_arms_plus_cx,none,-1,,,,5,5,0,,5,True,671,0.7394958457379606,0.18596750086186867,0.46782676468168416,0.27896291364211145,0.7907593590705984,0.1296390278168624,0.45777777777777773,0.2593200986816234,0.8595634400435955,0.09531128520983996,0.6586706089106867,0.16627270308415232,0.16998267475672044,0.10910597064502106,0.1572674674637753,0.1182863896476206,0.45023569023569027,0.32139580684186597,0.3053198653198653,0.347837229040485,0.4326996420026882,0.3136893102572638,0.3823830434541734,0.3382022804538441,,,,,,,,,,,,
gigapath/runs/multimodal/exclude_lgd_hgd_imc/Progressor_label_stage2_exclusions,exclude_lgd_hgd_imc,early_max_mlp,multimodal,Progressor_label,binary,windows_armdiff_plus_arms_plus_cx,none,-1,,,,5,5,0,,5,True,671,0.689914671214839,0.18653436237083332,0.3590808936395013,0.13768063549338905,0.6796071837954255,0.3138549032070809,0.26835016835016834,0.37556685117786737,0.7664967817504114,0.41238005434987834,0.51742347505029,0.04365785450850925,0.20757864328443548,0.10093623589463448,0.25253195366345316,0.1741287884165333,0.3701683501683502,0.23175179808935706,0.2249158249158249,0.184101512459838,0.3318870456414918,0.2712985484010509,0.29087882819522126,0.30786446017852787,,,,,,,,,,,,
uni2/runs/multimodal/exclude_lgd_hgd_imc/Progressor_label_stage2_exclusions,exclude_lgd_hgd_imc,early_max_mlp,multimodal,Progressor_label,binary,windows_armdiff_plus_arms_plus_cx,none,-1,,,,5,5,0,,5,True,671,0.7060230258036361,0.19627262134744533,0.41295068901711424,0.19150164713167078,0.7512374295512243,0.14545249769463411,0.46269360269360266,0.39262322939523636,0.8282392808688057,0.21348345916471773,0.6454664417812042,0.13864847425844953,0.18627539490316783,0.06301862051474712,0.2569757019365599,0.09330154819009391,0.395016835016835,0.28328670560268604,0.3230976430976431,0.3085029214356355,0.3393965450563362,0.2982753506533561,0.3004460296030148,0.32664695318444614,,,,,,,,,,,,
virchow2/runs/multimodal/exclude_lgd_hgd_imc/Progressor_label_stage2_exclusions,exclude_lgd_hgd_imc,early_max_mlp,multimodal,Progressor_label,binary,windows_armdiff_plus_arms_plus_cx,none,-1,,,,5,5,0,,5,True,671,0.6632488964686025,0.18106258415423326,0.33164083733721295,0.1280250294639246,0.48155196315399795,0.3456359803280384,0.6205387205387205,0.4998832182317825,0.448838725755268,0.49131451678436217,0.5346887231469942,0.048089592733396004,0.24739580271645503,0.06633640068194027,0.3386958123175859,0.10723522188831296,0.3701010101010101,0.2598077193141161,0.2269360269360269,0.2564046571036213,0.331730115617889,0.27689568125570385,0.2786013597116358,0.3088172743680907,,,,,,,,,,,,
gigapath/runs/multimodal/exclude_lgd_hgd_imc/Progressor_label_stage2_exclusions,exclude_lgd_hgd_imc,early_mean_mlp,multimodal,Progressor_label,binary,windows_armdiff_plus_arms_plus_cx,none,-1,,,,5,5,0,,5,True,671,0.7409348572494361,0.18844839116556028,0.4538646088839592,0.2170952104962566,0.7868406733417674,0.12823935118391597,0.3935353535353535,0.2749577700830585,0.8639096269792654,0.1171651015009625,0.6287224902573095,0.15582364639559146,0.1559377624275325,0.08201789515884576,0.15977293866638126,0.07270555744433961,0.4792592592592593,0.32592171714454254,0.347003367003367,0.34363841563503245,0.41873359566999113,0.3567479649515523,0.35649374268849165,0.38294192592274473,,,,,,,,,,,,
uni2/runs/multimodal/exclude_lgd_hgd_imc/Progressor_label_stage2_exclusions,exclude_lgd_hgd_imc,early_mean_mlp,multimodal,Progressor_label,binary,windows_armdiff_plus_arms_plus_cx,none,-1,,,,5,5,0,,5,True,671,0.7471990437127187,0.18339286685399867,0.4862580566891538,0.23139202511008736,0.7893267166835709,0.10202887222591073,0.538989898989899,0.34138022065668444,0.8516130248833118,0.07269660018998228,0.6953014619366054,0.18509680085016023,0.16320355128714725,0.08171882249157601,0.16257640159973724,0.05553151813402958,0.4444444444444445,0.364217408957417,0.38013468013468016,0.3968564478355403,0.4112242194464243,0.3447265330515144,0.32960984577036834,0.3742839205535345,,,,,,,,,,,,
virchow2/runs/multimodal/exclude_lgd_hgd_imc/Progressor_label_stage2_exclusions,exclude_lgd_hgd_imc,early_mean_mlp,multimodal,Progressor_label,binary,windows_armdiff_plus_arms_plus_cx,none,-1,,,,5,5,0,,5,True,671,0.7052983383925264,0.20109786439563718,0.41688080486490975,0.26619948712525754,0.6176528154994398,0.23849862807427494,0.6119191919191919,0.23442005017160306,0.6282870787908125,0.2770062606003212,0.6201031353550022,0.1672769726035852,0.2062457117803515,0.08980398489933203,0.26571463923855054,0.11639621766799553,0.374006734006734,0.3702533791351072,0.30026936026936024,0.4019736985889315,0.382250141146855,0.3692296765947476,0.3496623650478551,0.3784378318252881,,,,,,,,,,,,
virchow2/runs/multimodal/exclude_lgd_hgd_imc/Progressor_label_stage2_exclusions,exclude_lgd_hgd_imc,early_mean_mlp_timev1,multimodal,Progressor_label,binary,windows_armdiff_plus_arms_plus_cx,none,-1,,,,5,5,0,,5,True,671,0.7812355883977257,0.12863314937192752,0.4307692066721186,0.15716033172289426,0.6873074607376088,0.15259848551600103,0.763097643097643,0.276718682941818,0.6618733686227818,0.23207803622094011,0.7124855058602124,0.10575703476711554,0.19668818857398712,0.06842949142872866,0.2568997625721734,0.08331515005785868,0.4567676767676768,0.3223032734261603,0.2650505050505051,0.1995692228442617,0.5131960953652926,0.22834292044030524,0.47541614617291295,0.24043690883452218,,,,,,,,,,,,
routing/routing_moe_20260304_200011,exclude_lgd_hgd_imc,ensemble_all3_mean,multimodal,Progressor_label,binary,windows_armdiff_plus_arms_plus_cx,none,-1,,,,5,5,0,,5,True,671,0.7995046695054839,0.13519572305408986,0.5136259017835281,0.1914060834903327,0.786060421772517,0.12231763204572445,0.5430976430976431,0.26177059951989456,0.8354408247046378,0.12135253440097497,0.6892692339011404,0.15405332212271006,,,,,,,,,,,,,,,,,,,,,,,,
routing/routing_moe_20260304_200011,exclude_lgd_hgd_imc,ensemble_all3_stack_logit,multimodal,Progressor_label,binary,windows_armdiff_plus_arms_plus_cx,none,-1,,,,5,5,0,,5,True,671,0.7838734420218607,0.13081348095994752,0.48631194295009383,0.15941734518465472,0.8560748569282215,0.07526315341917093,0.17575757575757575,0.2165000183207013,0.9901878696614537,0.013237378225870284,0.5829727227095147,0.10814839033846668,,,,,,,,,,,,,,,,,,,,,,,,
routing/routing_moe_20260304_200011,exclude_lgd_hgd_imc,ensemble_available_mean,multimodal,Progressor_label,binary,windows_armdiff_plus_arms_plus_cx,none,-1,,,,5,5,0,,5,True,671,0.7995046695054839,0.13519572305408986,0.5136259017835281,0.1914060834903327,0.786060421772517,0.12231763204572445,0.5430976430976431,0.26177059951989456,0.8354408247046378,0.12135253440097497,0.6892692339011404,0.15405332212271006,,,,,,,,,,,,,,,,,,,,,,,,
routing/routing_moe_20260304_200011,exclude_lgd_hgd_imc,ensemble_available_stack_logit,multimodal,Progressor_label,binary,windows_armdiff_plus_arms_plus_cx,none,-1,,,,5,5,0,,5,True,671,0.7838734420218607,0.13081348095994752,0.48631194295009383,0.15941734518465472,0.8560748569282215,0.07526315341917093,0.17575757575757575,0.2165000183207013,0.9901878696614537,0.013237378225870284,0.5829727227095147,0.10814839033846668,,,,,,,,,,,,,,,,,,,,,,,,
routing/routing_moe_20260304_200011,exclude_lgd_hgd_imc,ensemble_img_cnv_mean,multimodal,Progressor_label,binary,windows_armdiff_plus_arms_plus_cx,none,-1,,,,5,5,0,,5,True,671,0.753633160359622,0.15536846254067588,0.4623586233769039,0.17403953569442976,0.7898453474833824,0.11392153551750567,0.4482828282828283,0.25563379646301154,0.8618667214825102,0.08196554850859546,0.6550747748826693,0.1540780012085376,,,,,,,,,,,,,,,,,,,,,,,,
routing/routing_moe_20260304_200011,exclude_lgd_hgd_imc,ensemble_img_cnv_stack_logit,multimodal,Progressor_label,binary,windows_armdiff_plus_arms_plus_cx,none,-1,,,,5,5,0,,5,True,671,0.7501824440492907,0.15799488564494066,0.45760373652008324,0.17478808007639965,0.8513944413276798,0.07495241318828308,0.09777777777777778,0.10726683009908596,0.9939132104454685,0.009446633845583623,0.5458454941116232,0.05520515482898597,,,,,,,,,,,,,,,,,,,,,,,,
routing/routing_moe_20260304_200011,exclude_lgd_hgd_imc,ensemble_mm_cnv_mean,multimodal,Progressor_label,binary,windows_armdiff_plus_arms_plus_cx,none,-1,,,,5,5,0,,5,True,671,0.7825040100895053,0.1113703883382954,0.4912732314778731,0.12976566702865458,0.7555840996087918,0.09732327744380835,0.661885521885522,0.21396748754942577,0.7815230584923464,0.0846605521159954,0.7217042901889341,0.1347166008158451,,,,,,,,,,,,,,,,,,,,,,,,
routing/routing_moe_20260304_200011,exclude_lgd_hgd_imc,ensemble_mm_cnv_stack_logit,multimodal,Progressor_label,binary,windows_armdiff_plus_arms_plus_cx,none,-1,,,,5,5,0,,5,True,671,0.7864070947966983,0.11377032476856616,0.4635750401226316,0.1257979877872087,0.853493023616165,0.07203039469482263,0.14518518518518517,0.18156460681307887,0.9901878696614537,0.013237378225870284,0.5676865274233194,0.08939780324077855,,,,,,,,,,,,,,,,,,,,,,,,
routing/routing_moe_20260304_200011,exclude_lgd_hgd_imc,ensemble_mm_img_mean,multimodal,Progressor_label,binary,windows_armdiff_plus_arms_plus_cx,none,-1,,,,5,5,0,,5,True,671,0.7899686984609791,0.151743039139436,0.47113425920725527,0.2204610993206805,0.7637976034283392,0.15425680499389557,0.5331986531986532,0.2940711326538575,0.8009139570674997,0.1859540745307875,0.6670563051330765,0.14995610503704537,,,,,,,,,,,,,,,,,,,,,,,,
routing/routing_moe_20260304_200011,exclude_lgd_hgd_imc,ensemble_mm_img_stack_logit,multimodal,Progressor_label,binary,windows_armdiff_plus_arms_plus_cx,none,-1,,,,5,5,0,,5,True,671,0.7835681641942747,0.1494527408025377,0.45331964134215486,0.17935555673739942,0.8486896876741314,0.06809578599680223,0.031313131313131314,0.04875765004503906,1.0,0.0,0.5156565656565656,0.024378825022519545,,,,,,,,,,,,,,,,,,,,,,,,
routing/routing_moe_20260304_200011,exclude_lgd_hgd_imc,expert_cnv_only,multimodal,Progressor_label,binary,windows_armdiff_plus_arms_plus_cx,none,-1,,,,5,5,0,,5,True,671,0.7142723611597852,0.14395094586507426,0.45370797116090367,0.16174127344158715,0.7198195505016192,0.05867389120532488,0.561010101010101,0.2688933663842615,0.7652496636463677,0.049853265893508476,0.6631298823282343,0.1316442513738876,,,,,,,,,,,,,,,,,,,,,,,,
routing/routing_moe_20260304_200011,exclude_lgd_hgd_imc,expert_img_only,multimodal,Progressor_label,binary,windows_armdiff_plus_arms_plus_cx,none,-1,,,,5,5,0,,5,True,671,0.7223105710719319,0.16592680469190565,0.40098513864786245,0.14578238057651985,0.7672768402478037,0.14773324093603102,0.43434343434343436,0.15663243932491303,0.8256511357376881,0.15979216126623344,0.6299972850405613,0.10968698379724556,,,,,,,,,,,,,,,,,,,,,,,,
routing/routing_moe_20260304_200011,exclude_lgd_hgd_imc,expert_mm_only,multimodal,Progressor_label,binary,windows_armdiff_plus_arms_plus_cx,none,-1,,,,5,5,0,,5,True,671,0.7812355883977256,0.12863314937192755,0.4307692066721186,0.15716033172289426,0.6873074607376088,0.15259848551600105,0.763097643097643,0.276718682941818,0.6618733686227818,0.23207803622094011,0.7124855058602124,0.10575703476711554,,,,,,,,,,,,,,,,,,,,,,,,
fusion/foundation_combo_20260304_200011,exclude_lgd_hgd_imc,image_combo_gigapath_uni2_mean,multimodal,Progressor_label,binary,windows_armdiff_plus_arms_plus_cx,none,-1,,,,5,5,0,,5,True,671,0.7261278189472126,0.17271557296766565,0.43179473198716095,0.16272143467833372,0.7879210080938212,0.13134439247232363,0.3942087542087542,0.17085450436743577,0.8628350094931101,0.1088259077233686,0.6285218818509322,0.12967015616574537,0.14650618323065864,0.060671349215410904,0.15272851518566227,0.04965260573048016,0.374949494949495,0.255392210343168,0.2965656565656566,0.23342361277671655,0.37037772480080744,0.2845828396625013,0.33629539848551704,0.3032142552971414,,,,,,,,,,,,
fusion/foundation_combo_20260304_200011,exclude_lgd_hgd_imc,image_combo_gigapath_uni2_virchow2_mean,multimodal,Progressor_label,binary,windows_armdiff_plus_arms_plus_cx,none,-1,,,,5,5,0,,5,True,671,0.7130832798809427,0.18241835651511426,0.45671185951481286,0.2178242475770215,0.778728624396638,0.13634495037266262,0.4414814814814815,0.15838260008906893,0.8421625674600983,0.11226605007255003,0.64182202447079,0.12676739102803647,0.14908320814500967,0.0730702067870174,0.1617545622777868,0.04117652772463176,0.3907070707070708,0.26516777246937795,0.3156228956228956,0.23891203443277048,0.38816983281238204,0.28185752658782376,0.310989981495293,0.32479232191285035,,,,,,,,,,,,
fusion/foundation_combo_20260304_200011,exclude_lgd_hgd_imc,image_combo_gigapath_virchow2_mean,multimodal,Progressor_label,binary,windows_armdiff_plus_arms_plus_cx,none,-1,,,,5,5,0,,5,True,671,0.7059547741320712,0.17972819524206288,0.43230478975514347,0.21211882696472084,0.78169960136811,0.1563295026314751,0.4381144781144782,0.14578568585287838,0.841522602152694,0.1472215120228096,0.6398185401335861,0.12740840954193103,0.15649325141610795,0.08703105501933696,0.16667686565595338,0.06875646446913404,0.3773737373737374,0.2662575297254453,0.30397306397306395,0.23105021350046817,0.38891699045642036,0.2754410541206359,0.27134115202624454,0.33875890975746037,,,,,,,,,,,,
fusion/foundation_combo_20260304_200011,exclude_lgd_hgd_imc,image_combo_uni2_virchow2_mean,multimodal,Progressor_label,binary,windows_armdiff_plus_arms_plus_cx,none,-1,,,,5,5,0,,5,True,671,0.697670545299384,0.1903531707751555,0.4348672661437446,0.23674415273264396,0.7620263435914041,0.14194142102613602,0.45858585858585854,0.23735331956030292,0.8210852791413579,0.1284158614169324,0.6398355688636082,0.14222485600240853,0.1619097498577376,0.08195693077157151,0.1804921458546272,0.06545544549785573,0.41548821548821546,0.3099491653081503,0.308956228956229,0.29791773973800645,0.3425710841932306,0.28459760031541564,0.31734848587614184,0.30327216613219815,,,,,,,,,,,,
gigapath/runs/multimodal/exclude_lgd_hgd_imc/Progressor_label_stage2_exclusions,exclude_lgd_hgd_imc,intermediate_abmil_cnv,multimodal,Progressor_label,binary,windows_armdiff_plus_arms_plus_cx,none,-1,,,,5,5,0,,5,True,671,0.7345322024540962,0.190845984177336,0.4708483256417881,0.26458372362088994,0.7540691662609537,0.12505789231395634,0.4993939393939394,0.21960999090964867,0.8049480932197556,0.12830221644251763,0.6521710163068474,0.13137815325974087,0.17699265018822372,0.0727185569139537,0.1888818650222434,0.09788888131983106,0.4278114478114478,0.3189650275436601,0.3311111111111111,0.30147784145586703,0.4015853624858864,0.3378318704568236,0.34118683399711464,0.3284452308116112,,,,,,,,,,,,
uni2/runs/multimodal/exclude_lgd_hgd_imc/Progressor_label_stage2_exclusions,exclude_lgd_hgd_imc,intermediate_abmil_cnv,multimodal,Progressor_label,binary,windows_armdiff_plus_arms_plus_cx,none,-1,,,,5,5,0,,5,True,671,0.7147821283602369,0.18556643037949724,0.4107653098182321,0.23093690598724195,0.6980022824917492,0.11875970766008748,0.6317845117845118,0.2664997096641036,0.7197354896410839,0.121736739993822,0.6757600007127978,0.15447741347037755,0.2019359972043242,0.05430171321053051,0.24359597631619206,0.04763945691037431,0.4114478114478114,0.31509386433471276,0.2849158249158249,0.296286386427483,0.3918364091379083,0.3349471791213895,0.3455935214256006,0.33001879755870234,,,,,,,,,,,,
virchow2/runs/multimodal/exclude_lgd_hgd_imc/Progressor_label_stage2_exclusions,exclude_lgd_hgd_imc,intermediate_abmil_cnv,multimodal,Progressor_label,binary,windows_armdiff_plus_arms_plus_cx,none,-1,,,,5,5,0,,5,True,671,0.6819465647536775,0.2065602081862306,0.378368193133313,0.2504895847691135,0.7046211267716274,0.12779793519197086,0.4644444444444444,0.3712175496064302,0.7662874470057883,0.20486075065557116,0.6153659457251164,0.0963405465413187,0.20386022936022902,0.05910743586417624,0.25430166747390687,0.10484253198667982,0.387003367003367,0.373103141290677,0.2567003367003367,0.36789789973350745,0.3646856511950718,0.3323760001110786,0.3401963508343059,0.3449482811620948,,,,,,,,,,,,
virchow2/runs/late_fusion/exclude_lgd_hgd_imc_20260304_200011,exclude_lgd_hgd_imc,latefusion_abmil_mean,multimodal,Progressor_label,binary,windows_armdiff_plus_arms_plus_cx,none,-1,,,,5,5,0,,5,True,671,0.757993449558942,0.14715613381418147,0.5198596967420471,0.19350357380033018,0.7839807975161988,0.10945940218931244,0.5525252525252524,0.28927889193413503,0.8371266529897001,0.09373694251808207,0.6948259527574763,0.15327683908739903,,,,,,,,,,,,,,,,,,,,,,,,
virchow2/runs/late_fusion/exclude_lgd_hgd_imc_20260304_200011,exclude_lgd_hgd_imc,latefusion_abmil_stack_logit,multimodal,Progressor_label,binary,windows_armdiff_plus_arms_plus_cx,none,-1,,,,5,5,0,,5,True,671,0.7591641606006614,0.14760127945093932,0.516317799357296,0.19420877398682931,0.8475064557606762,0.06331377927710272,0.007407407407407407,0.01656346649999844,1.0,0.0,0.5037037037037038,0.008281733249999207,,,,,,,,,,,,,,,,,,,,,,,,
virchow2/runs/late_fusion/exclude_lgd_hgd_imc_20260304_200011,exclude_lgd_hgd_imc,latefusion_pool_mean_mean,multimodal,Progressor_label,binary,windows_armdiff_plus_arms_plus_cx,none,-1,,,,5,5,0,,5,True,671,0.7533893092756727,0.1550701196172169,0.500113732071717,0.21824504869849481,0.8170382553033365,0.08539301995620308,0.49616161616161614,0.2667837208658134,0.8880699541216233,0.035922317514511824,0.6921157851416198,0.14760052939877363,,,,,,,,,,,,,,,,,,,,,,,,
virchow2/runs/late_fusion/exclude_lgd_hgd_imc_20260304_200011,exclude_lgd_hgd_imc,latefusion_pool_mean_stack_logit,multimodal,Progressor_label,binary,windows_armdiff_plus_arms_plus_cx,none,-1,,,,5,5,0,,5,True,671,0.7533867987600689,0.15688732815588993,0.4847117311218169,0.2177412558160987,0.8529053739486411,0.08071917528073047,0.135016835016835,0.23719576870764184,0.9935483870967742,0.01442624501612766,0.5642826110568046,0.11984666974431933,,,,,,,,,,,,,,,,,,,,,,,,
routing/routing_moe_20260304_200011,exclude_lgd_hgd_imc,routing_k2_hard,multimodal,Progressor_label,binary,windows_armdiff_plus_arms_plus_cx,none,-1,,,,5,5,0,,5,True,671,0.7361552024064687,0.12764150135074614,0.33127808600928227,0.0881459836436375,0.6500778391934898,0.11884038751760191,0.763097643097643,0.2558556592650303,0.6220769974476543,0.1905630655219854,0.6925873202726487,0.09521717910218662,,,,,,,,,,,,,,,,,,,,,,,,
routing/routing_moe_20260304_200011,exclude_lgd_hgd_imc,routing_k2_soft,multimodal,Progressor_label,binary,windows_armdiff_plus_arms_plus_cx,none,-1,,,,5,5,0,,5,True,671,0.7636158152130328,0.12878353327615216,0.476084765759758,0.1897993577504405,0.7441603935187331,0.10160120581952954,0.6327272727272727,0.2342014547260028,0.7672821868106812,0.11363758798333834,0.700004729768977,0.13083857802484872,,,,,,,,,,,,,,,,,,,,,,,,
routing/routing_moe_20260304_200011,exclude_lgd_hgd_imc,routing_k3_hard,multimodal,Progressor_label,binary,windows_armdiff_plus_arms_plus_cx,none,-1,,,,5,5,0,,5,True,671,0.7500473540032612,0.11100525925444152,0.3780778816884469,0.0781820683200568,0.6164716252746312,0.1331015773646744,0.7749494949494949,0.247763591485079,0.5823274499228533,0.20724100118105274,0.6786384724361741,0.09739481362783382,,,,,,,,,,,,,,,,,,,,,,,,
routing/routing_moe_20260304_200011,exclude_lgd_hgd_imc,routing_k3_soft,multimodal,Progressor_label,binary,windows_armdiff_plus_arms_plus_cx,none,-1,,,,5,5,0,,5,True,671,0.7642632001854065,0.13167480157085323,0.457518806208308,0.12419695281969058,0.6929540083199185,0.11616987095669544,0.6907070707070707,0.21872174121843563,0.6934588180311283,0.14541279363421156,0.6920829443690995,0.12348225695756354,,,,,,,,,,,,,,,,,,,,,,,,
routing/routing_moe_20260304_200011,exclude_lgd_hgd_imc,routing_k4_hard,multimodal,Progressor_label,binary,windows_armdiff_plus_arms_plus_cx,none,-1,,,,5,5,0,,5,True,671,0.7647275741564693,0.0887097610306742,0.40027385215487377,0.10425134670103925,0.6176557940789466,0.10655834555394421,0.8691582491582492,0.11384345763307936,0.566353096763474,0.16122529299591376,0.7177556729608616,0.06802900144878898,,,,,,,,,,,,,,,,,,,,,,,,
routing/routing_moe_20260304_200011,exclude_lgd_hgd_imc,routing_k4_soft,multimodal,Progressor_label,binary,windows_armdiff_plus_arms_plus_cx,none,-1,,,,5,5,0,,5,True,671,0.7816168988294216,0.12538535769462644,0.4471357522373792,0.11718043844572698,0.6541152101746087,0.13756569929204873,0.7970370370370371,0.18286322067598643,0.6219045632062054,0.19448096183182137,0.7094708001216212,0.10395664067465833,,,,,,,,,,,,,,,,,,,,,,,,
routing/routing_moe_20260304_200011,exclude_lgd_hgd_imc,routing_k5_hard,multimodal,Progressor_label,binary,windows_armdiff_plus_arms_plus_cx,none,-1,,,,5,5,0,,5,True,671,0.7607490385341673,0.13440844038157895,0.45667483462622477,0.16971539749708517,0.5675879626594357,0.10261650228288849,0.87993265993266,0.07590841698271528,0.5061310352274945,0.14832638940197101,0.6930318475800772,0.08935700325085694,,,,,,,,,,,,,,,,,,,,,,,,
routing/routing_moe_20260304_200011,exclude_lgd_hgd_imc,routing_k5_soft,multimodal,Progressor_label,binary,windows_armdiff_plus_arms_plus_cx,none,-1,,,,5,5,0,,5,True,671,0.7715510310667464,0.12789014667230106,0.4448662896320905,0.1568940571768924,0.6085093502378005,0.11002326326872643,0.8583838383838384,0.14612709273750407,0.5555599544686082,0.1718518103048587,0.7069718964262233,0.07523888878451235,,,,,,,,,,,,,,,,,,,,,,,,
routing/routing_moe_20260304_200011,exclude_lgd_hgd_imc,routing_k6_hard,multimodal,Progressor_label,binary,windows_armdiff_plus_arms_plus_cx,none,-1,,,,5,5,0,,5,True,671,0.7380448957154322,0.12095700876882469,0.36249473901902596,0.11053127948643107,0.5739983298286951,0.10169758986525977,0.8732659932659932,0.08872472341730468,0.5137984137445977,0.15162550555265503,0.6935322035052954,0.08216127919085378,,,,,,,,,,,,,,,,,,,,,,,,
routing/routing_moe_20260304_200011,exclude_lgd_hgd_imc,routing_k6_soft,multimodal,Progressor_label,binary,windows_armdiff_plus_arms_plus_cx,none,-1,,,,5,5,0,,5,True,671,0.7895655534571278,0.11158343702403989,0.43029586901480144,0.11915692441744553,0.5999210723898878,0.11120058975066731,0.8741414141414141,0.1363666292226751,0.5422737779861897,0.17550279278659797,0.7082075960638019,0.06822357093726301,,,,,,,,,,,,,,,,,,,,,,,,
cnv_anchor/runs/cnv/all_samples/Time_to_progression_stage1_all_samples,all_samples,cnv_elasticnet_logreg,cnv,Time_to_progression,regression,windows_armdiff_plus_arms_plus_cx,none,-1,,,,5,5,0,,5,True,318,,,,,,,,,,,,,,,,,,,,,,,,,,,,,630.3846063885251,130.9790559931566,732238.2425259494,364264.39831667964,830.2187814847639,231.77310401528246,-0.169706323718036,0.1509236554673573
cnv_anchor/runs/cnv/all_samples/Time_to_progression_stage1_all_samples,all_samples,cnv_linear_svm_calibrated,cnv,Time_to_progression,regression,windows_armdiff_plus_arms_plus_cx,none,-1,,,,5,5,0,,5,True,318,,,,,,,,,,,,,,,,,,,,,,,,,,,,,3885602.8454820663,8686838.196466703,1836452669290676.5,4106433003408752.0,19165682.351603363,42853373.398253545,-5713336799.886358,12775409460.311039
cnv_anchor/runs/cnv/all_samples/Time_to_progression_stage1_all_samples,all_samples,cnv_mlp,cnv,Time_to_progression,regression,windows_armdiff_plus_arms_plus_cx,none,-1,,,,5,5,0,,5,True,318,,,,,,,,,,,,,,,,,,,,,,,,,,,,,589349.5105709101,1315767.0030054704,42134654724253.22,94215948517887.66,2903924.1985148136,6490558.428742218,-131083949.9841868,293112616.51821643
cnv_anchor/runs/cnv/all_samples/Time_to_progression_stage1_all_samples,all_samples,cnv_random_forest,cnv,Time_to_progression,regression,windows_armdiff_plus_arms_plus_cx,none,-1,,,,5,5,0,,5,True,318,,,,,,,,,,,,,,,,,,,,,,,,,,,,,730.7093040493091,46.39065683455902,834547.2882399798,227837.15416164102,906.8166194539726,123.64721449576194,-0.6210128997943906,0.8769244745705644
cnv_anchor/runs/cnv/all_samples/Time_to_progression_stage1_all_samples,all_samples,cnv_xgboost,cnv,Time_to_progression,regression,windows_armdiff_plus_arms_plus_cx,none,-1,,,,5,5,0,,5,True,318,,,,,,,,,,,,,,,,,,,,,,,,,,,,,677.5225598284381,67.58118269092888,813824.2145643139,222940.79080191636,894.7101431996937,129.02506645947582,-0.5188967513409858,0.6283247873321882
cnv_anchor/runs/late_fusion/all_samples_20260304_200011,all_samples,latefusion_cnv_only,cnv,Time_to_progression,regression,windows_armdiff_plus_arms_plus_cx,none,-1,,,,5,5,0,,5,True,318,,,,,,,,,,,,,,,,,,,,,,,,,,,,,630.3846063885252,130.97905599315663,732238.2425259494,364264.39831667964,830.2187814847639,231.7731040152824,-0.169706323718036,0.15092365546735728
virchow2/runs/multimodal/all_samples/Time_to_progression_stage1_all_samples,all_samples,early_mean_mlp_timev1,multimodal,Time_to_progression,regression,windows_armdiff_plus_arms_plus_cx,none,-1,,,,5,5,0,,5,True,318,,,,,,,,,,,,,,,,,,,,,,,,,,,,,319.260806097377,118.0924798205542,280313.7905307073,205244.30461183094,493.7695174526113,213.61605208095528,0.5884314530828135,0.20517529054325262
cnv_anchor/runs/cnv/exclude_hgd_imc/Time_to_progression_stage2_exclusions,exclude_hgd_imc,cnv_elasticnet_logreg,cnv,Time_to_progression,regression,windows_armdiff_plus_arms_plus_cx,none,-1,,,,5,5,0,,5,True,198,,,,,,,,,,,,,,,,,,,,,,,,,,,,,821.9354745010803,353.7111776739455,1909967.9001914747,2453522.1839372613,1205.0362255140221,756.5180065523829,-1.2620395496771781,1.7627428118898927
cnv_anchor/runs/cnv/exclude_hgd_imc/Time_to_progression_stage2_exclusions,exclude_hgd_imc,cnv_linear_svm_calibrated,cnv,Time_to_progression,regression,windows_armdiff_plus_arms_plus_cx,none,-1,,,,5,5,0,,5,True,198,,,,,,,,,,,,,,,,,,,,,,,,,,,,,3558327.1096463753,7954736.941410877,886047824832634.8,1981263164947456.0,13312873.322648888,29766071.89250326,-710940604.4793667,1589711515.7714803
cnv_anchor/runs/cnv/exclude_hgd_imc/Time_to_progression_stage2_exclusions,exclude_hgd_imc,cnv_mlp,cnv,Time_to_progression,regression,windows_armdiff_plus_arms_plus_cx,none,-1,,,,5,5,0,,5,True,198,,,,,,,,,,,,,,,,,,,,,,,,,,,,,1731095.456578195,3867660.9490101743,209484965938670.34,468422602047305.06,6474959.871173704,14472381.481867477,-168085026.290687,375849514.85925424
cnv_anchor/runs/cnv/exclude_hgd_imc/Time_to_progression_stage2_exclusions,exclude_hgd_imc,cnv_random_forest,cnv,Time_to_progression,regression,windows_armdiff_plus_arms_plus_cx,none,-1,,,,5,5,0,,5,True,198,,,,,,,,,,,,,,,,,,,,,,,,,,,,,839.6281900444799,125.7114534810989,1060002.437131079,363029.8762725915,1017.8196484858147,173.36954853466818,-0.9629700251498295,1.1709168823901481
cnv_anchor/runs/cnv/exclude_hgd_imc/Time_to_progression_stage2_exclusions,exclude_hgd_imc,cnv_xgboost,cnv,Time_to_progression,regression,windows_armdiff_plus_arms_plus_cx,none,-1,,,,5,5,0,,5,True,198,,,,,,,,,,,,,,,,,,,,,,,,,,,,,853.3940191286307,171.782648350369,1184623.056091514,471599.1752425299,1072.343121527198,208.27651633351428,-1.0843638513374114,1.0905817295402862
cnv_anchor/runs/late_fusion/exclude_hgd_imc_20260304_200011,exclude_hgd_imc,latefusion_cnv_only,cnv,Time_to_progression,regression,windows_armdiff_plus_arms_plus_cx,none,-1,,,,5,5,0,,5,True,198,,,,,,,,,,,,,,,,,,,,,,,,,,,,,839.6281900444799,125.71145348109886,1060002.437131079,363029.87627259153,1017.8196484858147,173.36954853466818,-0.9629700251498294,1.1709168823901481
virchow2/runs/multimodal/exclude_hgd_imc/Time_to_progression_stage2_exclusions,exclude_hgd_imc,early_mean_mlp_timev1,multimodal,Time_to_progression,regression,windows_armdiff_plus_arms_plus_cx,none,-1,,,,5,5,0,,5,True,198,,,,,,,,,,,,,,,,,,,,,,,,,,,,,487.71063230039,168.00476516155982,449184.89732710505,296557.27703506895,638.7126409123446,227.0216390178572,0.37075115352070626,0.1512477672445479
cnv_anchor/runs/cnv/exclude_lgd_hgd_imc/Time_to_progression_stage2_exclusions,exclude_lgd_hgd_imc,cnv_elasticnet_logreg,cnv,Time_to_progression,regression,windows_armdiff_plus_arms_plus_cx,none,-1,,,,5,5,0,,5,True,103,,,,,,,,,,,,,,,,,,,,,,,,,,,,,1973.929276622647,1597.7458838973182,38714284.084915094,78370442.20171636,4029.400940981508,5300.732513263194,-40.01654571143957,85.47366323846191
cnv_anchor/runs/cnv/exclude_lgd_hgd_imc/Time_to_progression_stage2_exclusions,exclude_lgd_hgd_imc,cnv_linear_svm_calibrated,cnv,Time_to_progression,regression,windows_armdiff_plus_arms_plus_cx,none,-1,,,,5,5,0,,5,True,103,,,,,,,,,,,,,,,,,,,,,,,,,,,,,3018.220447988756,2906.3057467316457,36142778.52734364,61419948.1228735,4607.859950366614,4317.1757557966985,-162.6738406789615,347.54923897142606
cnv_anchor/runs/cnv/exclude_lgd_hgd_imc/Time_to_progression_stage2_exclusions,exclude_lgd_hgd_imc,cnv_mlp,cnv,Time_to_progression,regression,windows_armdiff_plus_arms_plus_cx,none,-1,,,,5,5,0,,5,True,103,,,,,,,,,,,,,,,,,,,,,,,,,,,,,3867.5482343072813,3309.6261756701665,167051349.67886484,320209084.3264281,8573.147883858373,10813.908003143426,-252.10503287308092,360.0268514608856
cnv_anchor/runs/cnv/exclude_lgd_hgd_imc/Time_to_progression_stage2_exclusions,exclude_lgd_hgd_imc,cnv_random_forest,cnv,Time_to_progression,regression,windows_armdiff_plus_arms_plus_cx,none,-1,,,,5,5,0,,5,True,103,,,,,,,,,,,,,,,,,,,,,,,,,,,,,950.4236678647515,233.2783723451583,1430020.4686914578,910322.4406939836,1152.1231893606632,358.1770254163286,-0.9283038469719992,1.6482725982451658
cnv_anchor/runs/cnv/exclude_lgd_hgd_imc/Time_to_progression_stage2_exclusions,exclude_lgd_hgd_imc,cnv_xgboost,cnv,Time_to_progression,regression,windows_armdiff_plus_arms_plus_cx,none,-1,,,,5,5,0,,5,True,103,,,,,,,,,,,,,,,,,,,,,,,,,,,,,1043.6137975320926,310.9856716601073,1677617.757130266,1009471.7123696919,1251.1365941138447,374.62477894467014,-1.3215783466775117,1.8608178647226274
cnv_anchor/runs/late_fusion/exclude_lgd_hgd_imc_20260304_200011,exclude_lgd_hgd_imc,latefusion_cnv_only,cnv,Time_to_progression,regression,windows_armdiff_plus_arms_plus_cx,none,-1,,,,5,5,0,,5,True,103,,,,,,,,,,,,,,,,,,,,,,,,,,,,,950.4236678647515,233.2783723451584,1430020.4686914578,910322.4406939836,1152.1231893606632,358.17702541632855,-0.9283038469719994,1.6482725982451663
virchow2/runs/multimodal/exclude_lgd_hgd_imc/Time_to_progression_stage2_exclusions,exclude_lgd_hgd_imc,early_mean_mlp_timev1,multimodal,Time_to_progression,regression,windows_armdiff_plus_arms_plus_cx,none,-1,,,,5,5,0,,5,True,103,,,,,,,,,,,,,,,,,,,,,,,,,,,,,574.8809283406765,122.4147489015053,558949.060679391,285727.78099921515,731.9815800829049,170.11770593740724,0.14344441952845255,0.8289509352602249
